year,raceId,driverId,racesBefore
1987,437,adrian-campos,0
1987,438,adrian-campos,1
1987,439,adrian-campos,2
1987,441,adrian-campos,3
1987,442,adrian-campos,4
1987,443,adrian-campos,5
1987,444,adrian-campos,6
1987,445,adrian-campos,7
1987,446,adrian-campos,8
1987,447,adrian-campos,9
1987,448,adrian-campos,10
1987,449,adrian-campos,11
1987,450,adrian-campos,12
1987,451,adrian-campos,13
1987,452,adrian-campos,14
1988,453,adrian-campos,15
1988,454,adrian-campos,16
2007,769,adrian-sutil,0
2007,770,adrian-sutil,1
2007,771,adrian-sutil,2
2007,772,adrian-sutil,3
2007,773,adrian-sutil,4
2007,774,adrian-sutil,5
2007,775,adrian-sutil,6
2007,776,adrian-sutil,7
2007,777,adrian-sutil,8
2007,778,adrian-sutil,9
2007,779,adrian-sutil,10
2007,780,adrian-sutil,11
2007,781,adrian-sutil,12
2007,782,adrian-sutil,13
2007,783,adrian-sutil,14
2007,784,adrian-sutil,15
2007,785,adrian-sutil,16
2008,786,adrian-sutil,17
2008,787,adrian-sutil,18
2008,788,adrian-sutil,19
2008,789,adrian-sutil,20
2008,790,adrian-sutil,21
2008,791,adrian-sutil,22
2008,792,adrian-sutil,23
2008,793,adrian-sutil,24
2008,794,adrian-sutil,25
2008,795,adrian-sutil,26
2008,796,adrian-sutil,27
2008,797,adrian-sutil,28
2008,798,adrian-sutil,29
2008,799,adrian-sutil,30
2008,800,adrian-sutil,31
2008,801,adrian-sutil,32
2008,802,adrian-sutil,33
2008,803,adrian-sutil,34
2009,804,adrian-sutil,35
2009,805,adrian-sutil,36
2009,806,adrian-sutil,37
2009,807,adrian-sutil,38
2009,808,adrian-sutil,39
2009,809,adrian-sutil,40
2009,810,adrian-sutil,41
2009,811,adrian-sutil,42
2009,812,adrian-sutil,43
2009,813,adrian-sutil,44
2009,814,adrian-sutil,45
2009,815,adrian-sutil,46
2009,816,adrian-sutil,47
2009,817,adrian-sutil,48
2009,818,adrian-sutil,49
2009,819,adrian-sutil,50
2009,820,adrian-sutil,51
2010,821,adrian-sutil,52
2010,822,adrian-sutil,53
2010,823,adrian-sutil,54
2010,824,adrian-sutil,55
2010,825,adrian-sutil,56
2010,826,adrian-sutil,57
2010,827,adrian-sutil,58
2010,828,adrian-sutil,59
2010,829,adrian-sutil,60
2010,830,adrian-sutil,61
2010,831,adrian-sutil,62
2010,832,adrian-sutil,63
2010,833,adrian-sutil,64
2010,834,adrian-sutil,65
2010,835,adrian-sutil,66
2010,836,adrian-sutil,67
2010,837,adrian-sutil,68
2010,838,adrian-sutil,69
2010,839,adrian-sutil,70
2011,840,adrian-sutil,71
2011,841,adrian-sutil,72
2011,842,adrian-sutil,73
2011,843,adrian-sutil,74
2011,844,adrian-sutil,75
2011,845,adrian-sutil,76
2011,846,adrian-sutil,77
2011,847,adrian-sutil,78
2011,848,adrian-sutil,79
2011,849,adrian-sutil,80
2011,850,adrian-sutil,81
2011,851,adrian-sutil,82
2011,852,adrian-sutil,83
2011,853,adrian-sutil,84
2011,854,adrian-sutil,85
2011,855,adrian-sutil,86
2011,856,adrian-sutil,87
2011,857,adrian-sutil,88
2011,858,adrian-sutil,89
2013,879,adrian-sutil,90
2013,880,adrian-sutil,91
2013,881,adrian-sutil,92
2013,882,adrian-sutil,93
2013,883,adrian-sutil,94
2013,884,adrian-sutil,95
2013,885,adrian-sutil,96
2013,886,adrian-sutil,97
2013,887,adrian-sutil,98
2013,888,adrian-sutil,99
2013,889,adrian-sutil,100
2013,890,adrian-sutil,101
2013,891,adrian-sutil,102
2013,892,adrian-sutil,103
2013,893,adrian-sutil,104
2013,894,adrian-sutil,105
2013,895,adrian-sutil,106
2013,896,adrian-sutil,107
2013,897,adrian-sutil,108
2014,898,adrian-sutil,109
2014,899,adrian-sutil,110
2014,900,adrian-sutil,111
2014,901,adrian-sutil,112
2014,902,adrian-sutil,113
2014,903,adrian-sutil,114
2014,904,adrian-sutil,115
2014,905,adrian-sutil,116
2014,906,adrian-sutil,117
2014,907,adrian-sutil,118
2014,908,adrian-sutil,119
2014,909,adrian-sutil,120
2014,910,adrian-sutil,121
2014,911,adrian-sutil,122
2014,912,adrian-sutil,123
2014,913,adrian-sutil,124
2014,914,adrian-sutil,125
2014,915,adrian-sutil,126
2014,916,adrian-sutil,127
1988,467,aguri-suzuki,0
1990,485,aguri-suzuki,1
1990,486,aguri-suzuki,2
1990,487,aguri-suzuki,3
1990,488,aguri-suzuki,4
1990,489,aguri-suzuki,5
1990,490,aguri-suzuki,6
1990,491,aguri-suzuki,7
1990,492,aguri-suzuki,8
1990,493,aguri-suzuki,9
1990,494,aguri-suzuki,10
1990,495,aguri-suzuki,11
1990,496,aguri-suzuki,12
1990,497,aguri-suzuki,13
1990,498,aguri-suzuki,14
1990,499,aguri-suzuki,15
1990,500,aguri-suzuki,16
1991,501,aguri-suzuki,17
1991,502,aguri-suzuki,18
1991,503,aguri-suzuki,19
1991,504,aguri-suzuki,20
1991,505,aguri-suzuki,21
1991,506,aguri-suzuki,22
1991,507,aguri-suzuki,23
1991,508,aguri-suzuki,24
1991,509,aguri-suzuki,25
1991,510,aguri-suzuki,26
1991,513,aguri-suzuki,27
1991,515,aguri-suzuki,28
1992,517,aguri-suzuki,29
1992,519,aguri-suzuki,30
1992,520,aguri-suzuki,31
1992,521,aguri-suzuki,32
1992,522,aguri-suzuki,33
1992,524,aguri-suzuki,34
1992,525,aguri-suzuki,35
1992,526,aguri-suzuki,36
1992,527,aguri-suzuki,37
1992,528,aguri-suzuki,38
1992,529,aguri-suzuki,39
1992,530,aguri-suzuki,40
1992,531,aguri-suzuki,41
1992,532,aguri-suzuki,42
1993,533,aguri-suzuki,43
1993,534,aguri-suzuki,44
1993,535,aguri-suzuki,45
1993,536,aguri-suzuki,46
1993,537,aguri-suzuki,47
1993,538,aguri-suzuki,48
1993,539,aguri-suzuki,49
1993,540,aguri-suzuki,50
1993,541,aguri-suzuki,51
1993,542,aguri-suzuki,52
1993,543,aguri-suzuki,53
1993,544,aguri-suzuki,54
1993,545,aguri-suzuki,55
1993,546,aguri-suzuki,56
1993,547,aguri-suzuki,57
1993,548,aguri-suzuki,58
1994,550,aguri-suzuki,59
1995,565,aguri-suzuki,60
1995,566,aguri-suzuki,61
1995,567,aguri-suzuki,62
1995,573,aguri-suzuki,63
1995,579,aguri-suzuki,64
1986,421,alain-prost,0
1986,422,alain-prost,1
1986,423,alain-prost,2
1986,424,alain-prost,3
1986,425,alain-prost,4
1986,426,alain-prost,5
1986,427,alain-prost,6
1986,428,alain-prost,7
1986,429,alain-prost,8
1986,430,alain-prost,9
1986,431,alain-prost,10
1986,432,alain-prost,11
1986,433,alain-prost,12
1986,434,alain-prost,13
1986,435,alain-prost,14
1986,436,alain-prost,15
1987,437,alain-prost,16
1987,438,alain-prost,17
1987,439,alain-prost,18
1987,440,alain-prost,19
1987,441,alain-prost,20
1987,442,alain-prost,21
1987,443,alain-prost,22
1987,444,alain-prost,23
1987,445,alain-prost,24
1987,446,alain-prost,25
1987,447,alain-prost,26
1987,448,alain-prost,27
1987,449,alain-prost,28
1987,450,alain-prost,29
1987,451,alain-prost,30
1987,452,alain-prost,31
1988,453,alain-prost,32
1988,454,alain-prost,33
1988,455,alain-prost,34
1988,456,alain-prost,35
1988,457,alain-prost,36
1988,458,alain-prost,37
1988,459,alain-prost,38
1988,460,alain-prost,39
1988,461,alain-prost,40
1988,462,alain-prost,41
1988,463,alain-prost,42
1988,464,alain-prost,43
1988,465,alain-prost,44
1988,466,alain-prost,45
1988,467,alain-prost,46
1988,468,alain-prost,47
1989,469,alain-prost,48
1989,470,alain-prost,49
1989,471,alain-prost,50
1989,472,alain-prost,51
1989,473,alain-prost,52
1989,474,alain-prost,53
1989,475,alain-prost,54
1989,476,alain-prost,55
1989,477,alain-prost,56
1989,478,alain-prost,57
1989,479,alain-prost,58
1989,480,alain-prost,59
1989,481,alain-prost,60
1989,482,alain-prost,61
1989,483,alain-prost,62
1989,484,alain-prost,63
1990,485,alain-prost,64
1990,486,alain-prost,65
1990,487,alain-prost,66
1990,488,alain-prost,67
1990,489,alain-prost,68
1990,490,alain-prost,69
1990,491,alain-prost,70
1990,492,alain-prost,71
1990,493,alain-prost,72
1990,494,alain-prost,73
1990,495,alain-prost,74
1990,496,alain-prost,75
1990,497,alain-prost,76
1990,498,alain-prost,77
1990,499,alain-prost,78
1990,500,alain-prost,79
1991,501,alain-prost,80
1991,502,alain-prost,81
1991,504,alain-prost,82
1991,505,alain-prost,83
1991,506,alain-prost,84
1991,507,alain-prost,85
1991,508,alain-prost,86
1991,509,alain-prost,87
1991,510,alain-prost,88
1991,511,alain-prost,89
1991,512,alain-prost,90
1991,513,alain-prost,91
1991,514,alain-prost,92
1991,515,alain-prost,93
1993,533,alain-prost,94
1993,534,alain-prost,95
1993,535,alain-prost,96
1993,536,alain-prost,97
1993,537,alain-prost,98
1993,538,alain-prost,99
1993,539,alain-prost,100
1993,540,alain-prost,101
1993,541,alain-prost,102
1993,542,alain-prost,103
1993,543,alain-prost,104
1993,544,alain-prost,105
1993,545,alain-prost,106
1993,546,alain-prost,107
1993,547,alain-prost,108
1993,548,alain-prost,109
1986,421,alan-jones,0
1986,422,alan-jones,1
1986,423,alan-jones,2
1986,424,alan-jones,3
1986,425,alan-jones,4
1986,426,alan-jones,5
1986,427,alan-jones,6
1986,428,alan-jones,7
1986,429,alan-jones,8
1986,430,alan-jones,9
1986,431,alan-jones,10
1986,432,alan-jones,11
1986,433,alan-jones,12
1986,434,alan-jones,13
1986,435,alan-jones,14
1986,436,alan-jones,15
1986,421,alessandro-nannini,0
1986,422,alessandro-nannini,1
1986,425,alessandro-nannini,2
1986,426,alessandro-nannini,3
1986,427,alessandro-nannini,4
1986,428,alessandro-nannini,5
1986,429,alessandro-nannini,6
1986,430,alessandro-nannini,7
1986,431,alessandro-nannini,8
1986,432,alessandro-nannini,9
1986,433,alessandro-nannini,10
1986,434,alessandro-nannini,11
1986,435,alessandro-nannini,12
1986,436,alessandro-nannini,13
1987,437,alessandro-nannini,14
1987,438,alessandro-nannini,15
1987,439,alessandro-nannini,16
1987,440,alessandro-nannini,17
1987,441,alessandro-nannini,18
1987,442,alessandro-nannini,19
1987,443,alessandro-nannini,20
1987,444,alessandro-nannini,21
1987,445,alessandro-nannini,22
1987,446,alessandro-nannini,23
1987,447,alessandro-nannini,24
1987,448,alessandro-nannini,25
1987,449,alessandro-nannini,26
1987,450,alessandro-nannini,27
1987,451,alessandro-nannini,28
1987,452,alessandro-nannini,29
1988,453,alessandro-nannini,30
1988,454,alessandro-nannini,31
1988,455,alessandro-nannini,32
1988,456,alessandro-nannini,33
1988,457,alessandro-nannini,34
1988,458,alessandro-nannini,35
1988,459,alessandro-nannini,36
1988,460,alessandro-nannini,37
1988,461,alessandro-nannini,38
1988,462,alessandro-nannini,39
1988,463,alessandro-nannini,40
1988,464,alessandro-nannini,41
1988,465,alessandro-nannini,42
1988,466,alessandro-nannini,43
1988,467,alessandro-nannini,44
1988,468,alessandro-nannini,45
1989,469,alessandro-nannini,46
1989,470,alessandro-nannini,47
1989,471,alessandro-nannini,48
1989,472,alessandro-nannini,49
1989,473,alessandro-nannini,50
1989,474,alessandro-nannini,51
1989,475,alessandro-nannini,52
1989,476,alessandro-nannini,53
1989,477,alessandro-nannini,54
1989,478,alessandro-nannini,55
1989,479,alessandro-nannini,56
1989,480,alessandro-nannini,57
1989,481,alessandro-nannini,58
1989,482,alessandro-nannini,59
1989,483,alessandro-nannini,60
1989,484,alessandro-nannini,61
1990,485,alessandro-nannini,62
1990,486,alessandro-nannini,63
1990,487,alessandro-nannini,64
1990,488,alessandro-nannini,65
1990,489,alessandro-nannini,66
1990,490,alessandro-nannini,67
1990,491,alessandro-nannini,68
1990,492,alessandro-nannini,69
1990,493,alessandro-nannini,70
1990,494,alessandro-nannini,71
1990,495,alessandro-nannini,72
1990,496,alessandro-nannini,73
1990,497,alessandro-nannini,74
1990,498,alessandro-nannini,75
1986,433,alex-caffi,0
1987,437,alex-caffi,1
1987,438,alex-caffi,2
1987,439,alex-caffi,3
1987,440,alex-caffi,4
1987,441,alex-caffi,5
1987,442,alex-caffi,6
1987,443,alex-caffi,7
1987,444,alex-caffi,8
1987,445,alex-caffi,9
1987,446,alex-caffi,10
1987,447,alex-caffi,11
1987,448,alex-caffi,12
1987,450,alex-caffi,13
1987,451,alex-caffi,14
1988,454,alex-caffi,15
1988,455,alex-caffi,16
1988,456,alex-caffi,17
1988,458,alex-caffi,18
1988,459,alex-caffi,19
1988,460,alex-caffi,20
1988,461,alex-caffi,21
1988,462,alex-caffi,22
1988,463,alex-caffi,23
1988,464,alex-caffi,24
1988,465,alex-caffi,25
1988,466,alex-caffi,26
1988,467,alex-caffi,27
1988,468,alex-caffi,28
1989,470,alex-caffi,29
1989,471,alex-caffi,30
1989,472,alex-caffi,31
1989,473,alex-caffi,32
1989,474,alex-caffi,33
1989,475,alex-caffi,34
1989,477,alex-caffi,35
1989,478,alex-caffi,36
1989,479,alex-caffi,37
1989,480,alex-caffi,38
1989,481,alex-caffi,39
1989,482,alex-caffi,40
1989,483,alex-caffi,41
1989,484,alex-caffi,42
1990,486,alex-caffi,43
1990,488,alex-caffi,44
1990,489,alex-caffi,45
1990,491,alex-caffi,46
1990,492,alex-caffi,47
1990,493,alex-caffi,48
1990,494,alex-caffi,49
1990,495,alex-caffi,50
1990,496,alex-caffi,51
1990,497,alex-caffi,52
1990,499,alex-caffi,53
1991,515,alex-caffi,54
1991,516,alex-caffi,55
2001,678,alex-yoong,0
2001,679,alex-yoong,1
2001,680,alex-yoong,2
2002,681,alex-yoong,3
2002,682,alex-yoong,4
2002,683,alex-yoong,5
2002,686,alex-yoong,6
2002,687,alex-yoong,7
2002,688,alex-yoong,8
2002,689,alex-yoong,9
2002,691,alex-yoong,10
2002,695,alex-yoong,11
2002,696,alex-yoong,12
2002,697,alex-yoong,13
1991,514,alex-zanardi,0
1991,515,alex-zanardi,1
1991,516,alex-zanardi,2
1992,526,alex-zanardi,3
1993,533,alex-zanardi,4
1993,534,alex-zanardi,5
1993,535,alex-zanardi,6
1993,536,alex-zanardi,7
1993,537,alex-zanardi,8
1993,538,alex-zanardi,9
1993,539,alex-zanardi,10
1993,540,alex-zanardi,11
1993,541,alex-zanardi,12
1993,542,alex-zanardi,13
1993,543,alex-zanardi,14
1994,553,alex-zanardi,15
1994,554,alex-zanardi,16
1994,555,alex-zanardi,17
1994,556,alex-zanardi,18
1994,557,alex-zanardi,19
1994,558,alex-zanardi,20
1994,560,alex-zanardi,21
1994,562,alex-zanardi,22
1994,563,alex-zanardi,23
1994,564,alex-zanardi,24
1999,631,alex-zanardi,25
1999,632,alex-zanardi,26
1999,633,alex-zanardi,27
1999,634,alex-zanardi,28
1999,635,alex-zanardi,29
1999,636,alex-zanardi,30
1999,637,alex-zanardi,31
1999,638,alex-zanardi,32
1999,639,alex-zanardi,33
1999,640,alex-zanardi,34
1999,641,alex-zanardi,35
1999,642,alex-zanardi,36
1999,643,alex-zanardi,37
1999,644,alex-zanardi,38
1999,645,alex-zanardi,39
1999,646,alex-zanardi,40
2019,998,alexander-albon,0
2019,999,alexander-albon,1
2019,1000,alexander-albon,2
2019,1001,alexander-albon,3
2019,1002,alexander-albon,4
2019,1003,alexander-albon,5
2019,1004,alexander-albon,6
2019,1005,alexander-albon,7
2019,1006,alexander-albon,8
2019,1007,alexander-albon,9
2019,1008,alexander-albon,10
2019,1009,alexander-albon,11
2019,1010,alexander-albon,12
2019,1011,alexander-albon,13
2019,1012,alexander-albon,14
2019,1013,alexander-albon,15
2019,1014,alexander-albon,16
2019,1015,alexander-albon,17
2019,1016,alexander-albon,18
2019,1017,alexander-albon,19
2019,1018,alexander-albon,20
2020,1019,alexander-albon,21
2020,1020,alexander-albon,22
2020,1021,alexander-albon,23
2020,1022,alexander-albon,24
2020,1023,alexander-albon,25
2020,1024,alexander-albon,26
2020,1025,alexander-albon,27
2020,1026,alexander-albon,28
2020,1027,alexander-albon,29
2020,1028,alexander-albon,30
2020,1029,alexander-albon,31
2020,1030,alexander-albon,32
2020,1031,alexander-albon,33
2020,1032,alexander-albon,34
2020,1033,alexander-albon,35
2020,1034,alexander-albon,36
2020,1035,alexander-albon,37
2022,1058,alexander-albon,38
2022,1059,alexander-albon,39
2022,1060,alexander-albon,40
2022,1061,alexander-albon,41
2022,1062,alexander-albon,42
2022,1063,alexander-albon,43
2022,1064,alexander-albon,44
2022,1065,alexander-albon,45
2022,1066,alexander-albon,46
2022,1067,alexander-albon,47
2022,1068,alexander-albon,48
2022,1069,alexander-albon,49
2022,1070,alexander-albon,50
2022,1071,alexander-albon,51
2022,1072,alexander-albon,52
2022,1074,alexander-albon,53
2022,1075,alexander-albon,54
2022,1076,alexander-albon,55
2022,1077,alexander-albon,56
2022,1078,alexander-albon,57
2022,1079,alexander-albon,58
2023,1080,alexander-albon,59
2023,1081,alexander-albon,60
2023,1082,alexander-albon,61
2023,1083,alexander-albon,62
2023,1084,alexander-albon,63
2023,1085,alexander-albon,64
2023,1086,alexander-albon,65
2023,1087,alexander-albon,66
2023,1088,alexander-albon,67
2023,1089,alexander-albon,68
2023,1090,alexander-albon,69
2023,1091,alexander-albon,70
2023,1092,alexander-albon,71
2023,1093,alexander-albon,72
2023,1094,alexander-albon,73
2023,1095,alexander-albon,74
2023,1096,alexander-albon,75
2023,1097,alexander-albon,76
2023,1098,alexander-albon,77
2023,1099,alexander-albon,78
2023,1100,alexander-albon,79
2023,1101,alexander-albon,80
2024,1102,alexander-albon,81
2024,1103,alexander-albon,82
2024,1104,alexander-albon,83
2024,1105,alexander-albon,84
2024,1106,alexander-albon,85
2024,1107,alexander-albon,86
2024,1108,alexander-albon,87
2024,1109,alexander-albon,88
2024,1110,alexander-albon,89
2024,1111,alexander-albon,90
2024,1112,alexander-albon,91
2024,1113,alexander-albon,92
2024,1114,alexander-albon,93
2024,1115,alexander-albon,94
2024,1116,alexander-albon,95
2024,1117,alexander-albon,96
2024,1118,alexander-albon,97
2024,1119,alexander-albon,98
2024,1120,alexander-albon,99
2024,1121,alexander-albon,100
2024,1123,alexander-albon,101
2024,1124,alexander-albon,102
2024,1125,alexander-albon,103
2015,929,alexander-rossi,0
2015,930,alexander-rossi,1
2015,932,alexander-rossi,2
2015,933,alexander-rossi,3
2015,934,alexander-rossi,4
1997,604,alexander-wurz,0
1997,605,alexander-wurz,1
1997,606,alexander-wurz,2
1998,615,alexander-wurz,3
1998,616,alexander-wurz,4
1998,617,alexander-wurz,5
1998,618,alexander-wurz,6
1998,619,alexander-wurz,7
1998,620,alexander-wurz,8
1998,621,alexander-wurz,9
1998,622,alexander-wurz,10
1998,623,alexander-wurz,11
1998,624,alexander-wurz,12
1998,625,alexander-wurz,13
1998,626,alexander-wurz,14
1998,627,alexander-wurz,15
1998,628,alexander-wurz,16
1998,629,alexander-wurz,17
1998,630,alexander-wurz,18
1999,631,alexander-wurz,19
1999,632,alexander-wurz,20
1999,633,alexander-wurz,21
1999,634,alexander-wurz,22
1999,635,alexander-wurz,23
1999,636,alexander-wurz,24
1999,637,alexander-wurz,25
1999,638,alexander-wurz,26
1999,639,alexander-wurz,27
1999,640,alexander-wurz,28
1999,641,alexander-wurz,29
1999,642,alexander-wurz,30
1999,643,alexander-wurz,31
1999,644,alexander-wurz,32
1999,645,alexander-wurz,33
1999,646,alexander-wurz,34
2000,647,alexander-wurz,35
2000,648,alexander-wurz,36
2000,649,alexander-wurz,37
2000,650,alexander-wurz,38
2000,651,alexander-wurz,39
2000,652,alexander-wurz,40
2000,653,alexander-wurz,41
2000,654,alexander-wurz,42
2000,655,alexander-wurz,43
2000,656,alexander-wurz,44
2000,657,alexander-wurz,45
2000,658,alexander-wurz,46
2000,659,alexander-wurz,47
2000,660,alexander-wurz,48
2000,661,alexander-wurz,49
2000,662,alexander-wurz,50
2000,663,alexander-wurz,51
2005,735,alexander-wurz,52
2007,769,alexander-wurz,53
2007,770,alexander-wurz,54
2007,771,alexander-wurz,55
2007,772,alexander-wurz,56
2007,773,alexander-wurz,57
2007,774,alexander-wurz,58
2007,775,alexander-wurz,59
2007,776,alexander-wurz,60
2007,777,alexander-wurz,61
2007,778,alexander-wurz,62
2007,779,alexander-wurz,63
2007,780,alexander-wurz,64
2007,781,alexander-wurz,65
2007,782,alexander-wurz,66
2007,783,alexander-wurz,67
2007,784,alexander-wurz,68
2002,681,allan-mcnish,0
2002,682,allan-mcnish,1
2002,683,allan-mcnish,2
2002,684,allan-mcnish,3
2002,685,allan-mcnish,4
2002,686,allan-mcnish,5
2002,687,allan-mcnish,6
2002,688,allan-mcnish,7
2002,689,allan-mcnish,8
2002,690,allan-mcnish,9
2002,691,allan-mcnish,10
2002,692,allan-mcnish,11
2002,693,allan-mcnish,12
2002,694,allan-mcnish,13
2002,695,allan-mcnish,14
2002,696,allan-mcnish,15
1986,427,allen-berg,0
1986,428,allen-berg,1
1986,429,allen-berg,2
1986,430,allen-berg,3
1986,431,allen-berg,4
1986,432,allen-berg,5
1986,434,allen-berg,6
1986,435,allen-berg,7
1986,436,allen-berg,8
2014,909,andre-lotterer,0
1992,518,andrea-chiesa,0
1992,520,andrea-chiesa,1
1992,524,andrea-chiesa,2
1986,421,andrea-de-cesaris,0
1986,422,andrea-de-cesaris,1
1986,423,andrea-de-cesaris,2
1986,425,andrea-de-cesaris,3
1986,426,andrea-de-cesaris,4
1986,427,andrea-de-cesaris,5
1986,428,andrea-de-cesaris,6
1986,429,andrea-de-cesaris,7
1986,430,andrea-de-cesaris,8
1986,431,andrea-de-cesaris,9
1986,432,andrea-de-cesaris,10
1986,433,andrea-de-cesaris,11
1986,434,andrea-de-cesaris,12
1986,435,andrea-de-cesaris,13
1986,436,andrea-de-cesaris,14
1987,437,andrea-de-cesaris,15
1987,438,andrea-de-cesaris,16
1987,439,andrea-de-cesaris,17
1987,440,andrea-de-cesaris,18
1987,441,andrea-de-cesaris,19
1987,442,andrea-de-cesaris,20
1987,443,andrea-de-cesaris,21
1987,444,andrea-de-cesaris,22
1987,445,andrea-de-cesaris,23
1987,446,andrea-de-cesaris,24
1987,447,andrea-de-cesaris,25
1987,448,andrea-de-cesaris,26
1987,449,andrea-de-cesaris,27
1987,450,andrea-de-cesaris,28
1987,451,andrea-de-cesaris,29
1987,452,andrea-de-cesaris,30
1988,453,andrea-de-cesaris,31
1988,454,andrea-de-cesaris,32
1988,455,andrea-de-cesaris,33
1988,456,andrea-de-cesaris,34
1988,457,andrea-de-cesaris,35
1988,458,andrea-de-cesaris,36
1988,459,andrea-de-cesaris,37
1988,460,andrea-de-cesaris,38
1988,461,andrea-de-cesaris,39
1988,462,andrea-de-cesaris,40
1988,463,andrea-de-cesaris,41
1988,464,andrea-de-cesaris,42
1988,465,andrea-de-cesaris,43
1988,466,andrea-de-cesaris,44
1988,467,andrea-de-cesaris,45
1988,468,andrea-de-cesaris,46
1989,469,andrea-de-cesaris,47
1989,470,andrea-de-cesaris,48
1989,471,andrea-de-cesaris,49
1989,472,andrea-de-cesaris,50
1989,473,andrea-de-cesaris,51
1989,474,andrea-de-cesaris,52
1989,476,andrea-de-cesaris,53
1989,477,andrea-de-cesaris,54
1989,478,andrea-de-cesaris,55
1989,479,andrea-de-cesaris,56
1989,480,andrea-de-cesaris,57
1989,481,andrea-de-cesaris,58
1989,482,andrea-de-cesaris,59
1989,483,andrea-de-cesaris,60
1989,484,andrea-de-cesaris,61
1990,485,andrea-de-cesaris,62
1990,486,andrea-de-cesaris,63
1990,487,andrea-de-cesaris,64
1990,488,andrea-de-cesaris,65
1990,489,andrea-de-cesaris,66
1990,490,andrea-de-cesaris,67
1990,491,andrea-de-cesaris,68
1990,492,andrea-de-cesaris,69
1990,494,andrea-de-cesaris,70
1990,495,andrea-de-cesaris,71
1990,496,andrea-de-cesaris,72
1990,497,andrea-de-cesaris,73
1990,498,andrea-de-cesaris,74
1990,499,andrea-de-cesaris,75
1990,500,andrea-de-cesaris,76
1991,502,andrea-de-cesaris,77
1991,503,andrea-de-cesaris,78
1991,504,andrea-de-cesaris,79
1991,505,andrea-de-cesaris,80
1991,506,andrea-de-cesaris,81
1991,507,andrea-de-cesaris,82
1991,508,andrea-de-cesaris,83
1991,509,andrea-de-cesaris,84
1991,510,andrea-de-cesaris,85
1991,511,andrea-de-cesaris,86
1991,512,andrea-de-cesaris,87
1991,513,andrea-de-cesaris,88
1991,514,andrea-de-cesaris,89
1991,515,andrea-de-cesaris,90
1991,516,andrea-de-cesaris,91
1992,517,andrea-de-cesaris,92
1992,518,andrea-de-cesaris,93
1992,519,andrea-de-cesaris,94
1992,520,andrea-de-cesaris,95
1992,521,andrea-de-cesaris,96
1992,522,andrea-de-cesaris,97
1992,523,andrea-de-cesaris,98
1992,524,andrea-de-cesaris,99
1992,525,andrea-de-cesaris,100
1992,526,andrea-de-cesaris,101
1992,527,andrea-de-cesaris,102
1992,528,andrea-de-cesaris,103
1992,529,andrea-de-cesaris,104
1992,530,andrea-de-cesaris,105
1992,531,andrea-de-cesaris,106
1992,532,andrea-de-cesaris,107
1993,533,andrea-de-cesaris,108
1993,534,andrea-de-cesaris,109
1993,535,andrea-de-cesaris,110
1993,536,andrea-de-cesaris,111
1993,537,andrea-de-cesaris,112
1993,538,andrea-de-cesaris,113
1993,539,andrea-de-cesaris,114
1993,540,andrea-de-cesaris,115
1993,541,andrea-de-cesaris,116
1993,542,andrea-de-cesaris,117
1993,543,andrea-de-cesaris,118
1993,544,andrea-de-cesaris,119
1993,545,andrea-de-cesaris,120
1993,546,andrea-de-cesaris,121
1993,547,andrea-de-cesaris,122
1993,548,andrea-de-cesaris,123
1994,551,andrea-de-cesaris,124
1994,552,andrea-de-cesaris,125
1994,554,andrea-de-cesaris,126
1994,555,andrea-de-cesaris,127
1994,556,andrea-de-cesaris,128
1994,557,andrea-de-cesaris,129
1994,558,andrea-de-cesaris,130
1994,559,andrea-de-cesaris,131
1994,560,andrea-de-cesaris,132
1994,561,andrea-de-cesaris,133
1994,562,andrea-de-cesaris,134
1995,565,andrea-montermini,0
1995,566,andrea-montermini,1
1995,567,andrea-montermini,2
1995,569,andrea-montermini,3
1995,570,andrea-montermini,4
1995,571,andrea-montermini,5
1995,572,andrea-montermini,6
1995,573,andrea-montermini,7
1995,574,andrea-montermini,8
1995,575,andrea-montermini,9
1995,577,andrea-montermini,10
1995,578,andrea-montermini,11
1995,579,andrea-montermini,12
1995,580,andrea-montermini,13
1995,581,andrea-montermini,14
1996,583,andrea-montermini,15
1996,584,andrea-montermini,16
1996,589,andrea-montermini,17
1996,590,andrea-montermini,18
2002,693,anthony-davidson,0
2002,694,anthony-davidson,1
2005,733,anthony-davidson,2
2007,769,anthony-davidson,3
2007,770,anthony-davidson,4
2007,771,anthony-davidson,5
2007,772,anthony-davidson,6
2007,773,anthony-davidson,7
2007,774,anthony-davidson,8
2007,775,anthony-davidson,9
2007,776,anthony-davidson,10
2007,777,anthony-davidson,11
2007,778,anthony-davidson,12
2007,779,anthony-davidson,13
2007,780,anthony-davidson,14
2007,781,anthony-davidson,15
2007,782,anthony-davidson,16
2007,783,anthony-davidson,17
2007,784,anthony-davidson,18
2007,785,anthony-davidson,19
2008,786,anthony-davidson,20
2008,787,anthony-davidson,21
2008,788,anthony-davidson,22
2008,789,anthony-davidson,23
2017,957,antonio-giovinazzi,0
2017,958,antonio-giovinazzi,1
2019,998,antonio-giovinazzi,2
2019,999,antonio-giovinazzi,3
2019,1000,antonio-giovinazzi,4
2019,1001,antonio-giovinazzi,5
2019,1002,antonio-giovinazzi,6
2019,1003,antonio-giovinazzi,7
2019,1004,antonio-giovinazzi,8
2019,1005,antonio-giovinazzi,9
2019,1006,antonio-giovinazzi,10
2019,1007,antonio-giovinazzi,11
2019,1008,antonio-giovinazzi,12
2019,1009,antonio-giovinazzi,13
2019,1010,antonio-giovinazzi,14
2019,1011,antonio-giovinazzi,15
2019,1012,antonio-giovinazzi,16
2019,1013,antonio-giovinazzi,17
2019,1014,antonio-giovinazzi,18
2019,1015,antonio-giovinazzi,19
2019,1016,antonio-giovinazzi,20
2019,1017,antonio-giovinazzi,21
2019,1018,antonio-giovinazzi,22
2020,1019,antonio-giovinazzi,23
2020,1020,antonio-giovinazzi,24
2020,1021,antonio-giovinazzi,25
2020,1022,antonio-giovinazzi,26
2020,1023,antonio-giovinazzi,27
2020,1024,antonio-giovinazzi,28
2020,1025,antonio-giovinazzi,29
2020,1026,antonio-giovinazzi,30
2020,1027,antonio-giovinazzi,31
2020,1028,antonio-giovinazzi,32
2020,1029,antonio-giovinazzi,33
2020,1030,antonio-giovinazzi,34
2020,1031,antonio-giovinazzi,35
2020,1032,antonio-giovinazzi,36
2020,1033,antonio-giovinazzi,37
2020,1034,antonio-giovinazzi,38
2020,1035,antonio-giovinazzi,39
2021,1036,antonio-giovinazzi,40
2021,1037,antonio-giovinazzi,41
2021,1038,antonio-giovinazzi,42
2021,1039,antonio-giovinazzi,43
2021,1040,antonio-giovinazzi,44
2021,1041,antonio-giovinazzi,45
2021,1042,antonio-giovinazzi,46
2021,1043,antonio-giovinazzi,47
2021,1044,antonio-giovinazzi,48
2021,1045,antonio-giovinazzi,49
2021,1046,antonio-giovinazzi,50
2021,1047,antonio-giovinazzi,51
2021,1048,antonio-giovinazzi,52
2021,1049,antonio-giovinazzi,53
2021,1050,antonio-giovinazzi,54
2021,1051,antonio-giovinazzi,55
2021,1052,antonio-giovinazzi,56
2021,1053,antonio-giovinazzi,57
2021,1054,antonio-giovinazzi,58
2021,1055,antonio-giovinazzi,59
2021,1056,antonio-giovinazzi,60
2021,1057,antonio-giovinazzi,61
2003,698,antonio-pizzonia,0
2003,699,antonio-pizzonia,1
2003,700,antonio-pizzonia,2
2003,701,antonio-pizzonia,3
2003,702,antonio-pizzonia,4
2003,703,antonio-pizzonia,5
2003,704,antonio-pizzonia,6
2003,705,antonio-pizzonia,7
2003,706,antonio-pizzonia,8
2003,707,antonio-pizzonia,9
2003,708,antonio-pizzonia,10
2004,725,antonio-pizzonia,11
2004,726,antonio-pizzonia,12
2004,727,antonio-pizzonia,13
2004,728,antonio-pizzonia,14
2005,746,antonio-pizzonia,15
2005,747,antonio-pizzonia,16
2005,748,antonio-pizzonia,17
2005,749,antonio-pizzonia,18
2005,750,antonio-pizzonia,19
1986,421,ayrton-senna,0
1986,422,ayrton-senna,1
1986,423,ayrton-senna,2
1986,424,ayrton-senna,3
1986,425,ayrton-senna,4
1986,426,ayrton-senna,5
1986,427,ayrton-senna,6
1986,428,ayrton-senna,7
1986,429,ayrton-senna,8
1986,430,ayrton-senna,9
1986,431,ayrton-senna,10
1986,432,ayrton-senna,11
1986,433,ayrton-senna,12
1986,434,ayrton-senna,13
1986,435,ayrton-senna,14
1986,436,ayrton-senna,15
1987,437,ayrton-senna,16
1987,438,ayrton-senna,17
1987,439,ayrton-senna,18
1987,440,ayrton-senna,19
1987,441,ayrton-senna,20
1987,442,ayrton-senna,21
1987,443,ayrton-senna,22
1987,444,ayrton-senna,23
1987,445,ayrton-senna,24
1987,446,ayrton-senna,25
1987,447,ayrton-senna,26
1987,448,ayrton-senna,27
1987,449,ayrton-senna,28
1987,450,ayrton-senna,29
1987,451,ayrton-senna,30
1987,452,ayrton-senna,31
1988,453,ayrton-senna,32
1988,454,ayrton-senna,33
1988,455,ayrton-senna,34
1988,456,ayrton-senna,35
1988,457,ayrton-senna,36
1988,458,ayrton-senna,37
1988,459,ayrton-senna,38
1988,460,ayrton-senna,39
1988,461,ayrton-senna,40
1988,462,ayrton-senna,41
1988,463,ayrton-senna,42
1988,464,ayrton-senna,43
1988,465,ayrton-senna,44
1988,466,ayrton-senna,45
1988,467,ayrton-senna,46
1988,468,ayrton-senna,47
1989,469,ayrton-senna,48
1989,470,ayrton-senna,49
1989,471,ayrton-senna,50
1989,472,ayrton-senna,51
1989,473,ayrton-senna,52
1989,474,ayrton-senna,53
1989,475,ayrton-senna,54
1989,476,ayrton-senna,55
1989,477,ayrton-senna,56
1989,478,ayrton-senna,57
1989,479,ayrton-senna,58
1989,480,ayrton-senna,59
1989,481,ayrton-senna,60
1989,482,ayrton-senna,61
1989,483,ayrton-senna,62
1989,484,ayrton-senna,63
1990,485,ayrton-senna,64
1990,486,ayrton-senna,65
1990,487,ayrton-senna,66
1990,488,ayrton-senna,67
1990,489,ayrton-senna,68
1990,490,ayrton-senna,69
1990,491,ayrton-senna,70
1990,492,ayrton-senna,71
1990,493,ayrton-senna,72
1990,494,ayrton-senna,73
1990,495,ayrton-senna,74
1990,496,ayrton-senna,75
1990,497,ayrton-senna,76
1990,498,ayrton-senna,77
1990,499,ayrton-senna,78
1990,500,ayrton-senna,79
1991,501,ayrton-senna,80
1991,502,ayrton-senna,81
1991,503,ayrton-senna,82
1991,504,ayrton-senna,83
1991,505,ayrton-senna,84
1991,506,ayrton-senna,85
1991,507,ayrton-senna,86
1991,508,ayrton-senna,87
1991,509,ayrton-senna,88
1991,510,ayrton-senna,89
1991,511,ayrton-senna,90
1991,512,ayrton-senna,91
1991,513,ayrton-senna,92
1991,514,ayrton-senna,93
1991,515,ayrton-senna,94
1991,516,ayrton-senna,95
1992,517,ayrton-senna,96
1992,518,ayrton-senna,97
1992,519,ayrton-senna,98
1992,520,ayrton-senna,99
1992,521,ayrton-senna,100
1992,522,ayrton-senna,101
1992,523,ayrton-senna,102
1992,524,ayrton-senna,103
1992,525,ayrton-senna,104
1992,526,ayrton-senna,105
1992,527,ayrton-senna,106
1992,528,ayrton-senna,107
1992,529,ayrton-senna,108
1992,530,ayrton-senna,109
1992,531,ayrton-senna,110
1992,532,ayrton-senna,111
1993,533,ayrton-senna,112
1993,534,ayrton-senna,113
1993,535,ayrton-senna,114
1993,536,ayrton-senna,115
1993,537,ayrton-senna,116
1993,538,ayrton-senna,117
1993,539,ayrton-senna,118
1993,540,ayrton-senna,119
1993,541,ayrton-senna,120
1993,542,ayrton-senna,121
1993,543,ayrton-senna,122
1993,544,ayrton-senna,123
1993,545,ayrton-senna,124
1993,546,ayrton-senna,125
1993,547,ayrton-senna,126
1993,548,ayrton-senna,127
1994,549,ayrton-senna,128
1994,550,ayrton-senna,129
1994,551,ayrton-senna,130
1988,456,bernd-schneider,0
1988,459,bernd-schneider,1
1988,461,bernd-schneider,2
1988,463,bernd-schneider,3
1988,464,bernd-schneider,4
1988,467,bernd-schneider,5
1989,469,bernd-schneider,6
1989,483,bernd-schneider,7
1990,485,bernd-schneider,8
1989,475,bertrand-gachot,0
1989,476,bertrand-gachot,1
1989,478,bertrand-gachot,2
1989,479,bertrand-gachot,3
1989,480,bertrand-gachot,4
1991,501,bertrand-gachot,5
1991,502,bertrand-gachot,6
1991,503,bertrand-gachot,7
1991,504,bertrand-gachot,8
1991,505,bertrand-gachot,9
1991,506,bertrand-gachot,10
1991,507,bertrand-gachot,11
1991,508,bertrand-gachot,12
1991,509,bertrand-gachot,13
1991,510,bertrand-gachot,14
1992,517,bertrand-gachot,15
1992,518,bertrand-gachot,16
1992,519,bertrand-gachot,17
1992,520,bertrand-gachot,18
1992,521,bertrand-gachot,19
1992,522,bertrand-gachot,20
1992,523,bertrand-gachot,21
1992,524,bertrand-gachot,22
1992,525,bertrand-gachot,23
1992,526,bertrand-gachot,24
1992,527,bertrand-gachot,25
1992,528,bertrand-gachot,26
1992,529,bertrand-gachot,27
1992,530,bertrand-gachot,28
1992,531,bertrand-gachot,29
1992,532,bertrand-gachot,30
1994,549,bertrand-gachot,31
1994,551,bertrand-gachot,32
1994,552,bertrand-gachot,33
1994,553,bertrand-gachot,34
1994,554,bertrand-gachot,35
1995,565,bertrand-gachot,36
1995,566,bertrand-gachot,37
1995,567,bertrand-gachot,38
1995,568,bertrand-gachot,39
1995,569,bertrand-gachot,40
1995,570,bertrand-gachot,41
1995,571,bertrand-gachot,42
1995,572,bertrand-gachot,43
1995,579,bertrand-gachot,44
1995,580,bertrand-gachot,45
1995,581,bertrand-gachot,46
2017,973,brendon-hartley,0
2017,974,brendon-hartley,1
2017,975,brendon-hartley,2
2017,976,brendon-hartley,3
2018,977,brendon-hartley,4
2018,978,brendon-hartley,5
2018,979,brendon-hartley,6
2018,980,brendon-hartley,7
2018,981,brendon-hartley,8
2018,982,brendon-hartley,9
2018,983,brendon-hartley,10
2018,984,brendon-hartley,11
2018,985,brendon-hartley,12
2018,986,brendon-hartley,13
2018,987,brendon-hartley,14
2018,988,brendon-hartley,15
2018,989,brendon-hartley,16
2018,990,brendon-hartley,17
2018,991,brendon-hartley,18
2018,992,brendon-hartley,19
2018,993,brendon-hartley,20
2018,994,brendon-hartley,21
2018,995,brendon-hartley,22
2018,996,brendon-hartley,23
2018,997,brendon-hartley,24
2010,821,bruno-senna,0
2010,822,bruno-senna,1
2010,823,bruno-senna,2
2010,824,bruno-senna,3
2010,825,bruno-senna,4
2010,826,bruno-senna,5
2010,827,bruno-senna,6
2010,828,bruno-senna,7
2010,829,bruno-senna,8
2010,831,bruno-senna,9
2010,832,bruno-senna,10
2010,833,bruno-senna,11
2010,834,bruno-senna,12
2010,835,bruno-senna,13
2010,836,bruno-senna,14
2010,837,bruno-senna,15
2010,838,bruno-senna,16
2010,839,bruno-senna,17
2011,851,bruno-senna,18
2011,852,bruno-senna,19
2011,853,bruno-senna,20
2011,854,bruno-senna,21
2011,855,bruno-senna,22
2011,856,bruno-senna,23
2011,857,bruno-senna,24
2011,858,bruno-senna,25
2012,859,bruno-senna,26
2012,860,bruno-senna,27
2012,861,bruno-senna,28
2012,862,bruno-senna,29
2012,863,bruno-senna,30
2012,864,bruno-senna,31
2012,865,bruno-senna,32
2012,866,bruno-senna,33
2012,867,bruno-senna,34
2012,868,bruno-senna,35
2012,869,bruno-senna,36
2012,870,bruno-senna,37
2012,871,bruno-senna,38
2012,872,bruno-senna,39
2012,873,bruno-senna,40
2012,874,bruno-senna,41
2012,875,bruno-senna,42
2012,876,bruno-senna,43
2012,877,bruno-senna,44
2012,878,bruno-senna,45
2015,917,carlos-sainz-jr,0
2015,918,carlos-sainz-jr,1
2015,919,carlos-sainz-jr,2
2015,920,carlos-sainz-jr,3
2015,921,carlos-sainz-jr,4
2015,922,carlos-sainz-jr,5
2015,923,carlos-sainz-jr,6
2015,924,carlos-sainz-jr,7
2015,925,carlos-sainz-jr,8
2015,926,carlos-sainz-jr,9
2015,927,carlos-sainz-jr,10
2015,928,carlos-sainz-jr,11
2015,929,carlos-sainz-jr,12
2015,930,carlos-sainz-jr,13
2015,931,carlos-sainz-jr,14
2015,932,carlos-sainz-jr,15
2015,933,carlos-sainz-jr,16
2015,934,carlos-sainz-jr,17
2015,935,carlos-sainz-jr,18
2016,936,carlos-sainz-jr,19
2016,937,carlos-sainz-jr,20
2016,938,carlos-sainz-jr,21
2016,939,carlos-sainz-jr,22
2016,940,carlos-sainz-jr,23
2016,941,carlos-sainz-jr,24
2016,942,carlos-sainz-jr,25
2016,943,carlos-sainz-jr,26
2016,944,carlos-sainz-jr,27
2016,945,carlos-sainz-jr,28
2016,946,carlos-sainz-jr,29
2016,947,carlos-sainz-jr,30
2016,948,carlos-sainz-jr,31
2016,949,carlos-sainz-jr,32
2016,950,carlos-sainz-jr,33
2016,951,carlos-sainz-jr,34
2016,952,carlos-sainz-jr,35
2016,953,carlos-sainz-jr,36
2016,954,carlos-sainz-jr,37
2016,955,carlos-sainz-jr,38
2016,956,carlos-sainz-jr,39
2017,957,carlos-sainz-jr,40
2017,958,carlos-sainz-jr,41
2017,959,carlos-sainz-jr,42
2017,960,carlos-sainz-jr,43
2017,961,carlos-sainz-jr,44
2017,962,carlos-sainz-jr,45
2017,963,carlos-sainz-jr,46
2017,964,carlos-sainz-jr,47
2017,965,carlos-sainz-jr,48
2017,966,carlos-sainz-jr,49
2017,967,carlos-sainz-jr,50
2017,968,carlos-sainz-jr,51
2017,969,carlos-sainz-jr,52
2017,970,carlos-sainz-jr,53
2017,971,carlos-sainz-jr,54
2017,972,carlos-sainz-jr,55
2017,973,carlos-sainz-jr,56
2017,974,carlos-sainz-jr,57
2017,975,carlos-sainz-jr,58
2017,976,carlos-sainz-jr,59
2018,977,carlos-sainz-jr,60
2018,978,carlos-sainz-jr,61
2018,979,carlos-sainz-jr,62
2018,980,carlos-sainz-jr,63
2018,981,carlos-sainz-jr,64
2018,982,carlos-sainz-jr,65
2018,983,carlos-sainz-jr,66
2018,984,carlos-sainz-jr,67
2018,985,carlos-sainz-jr,68
2018,986,carlos-sainz-jr,69
2018,987,carlos-sainz-jr,70
2018,988,carlos-sainz-jr,71
2018,989,carlos-sainz-jr,72
2018,990,carlos-sainz-jr,73
2018,991,carlos-sainz-jr,74
2018,992,carlos-sainz-jr,75
2018,993,carlos-sainz-jr,76
2018,994,carlos-sainz-jr,77
2018,995,carlos-sainz-jr,78
2018,996,carlos-sainz-jr,79
2018,997,carlos-sainz-jr,80
2019,998,carlos-sainz-jr,81
2019,999,carlos-sainz-jr,82
2019,1000,carlos-sainz-jr,83
2019,1001,carlos-sainz-jr,84
2019,1002,carlos-sainz-jr,85
2019,1003,carlos-sainz-jr,86
2019,1004,carlos-sainz-jr,87
2019,1005,carlos-sainz-jr,88
2019,1006,carlos-sainz-jr,89
2019,1007,carlos-sainz-jr,90
2019,1008,carlos-sainz-jr,91
2019,1009,carlos-sainz-jr,92
2019,1010,carlos-sainz-jr,93
2019,1011,carlos-sainz-jr,94
2019,1012,carlos-sainz-jr,95
2019,1013,carlos-sainz-jr,96
2019,1014,carlos-sainz-jr,97
2019,1015,carlos-sainz-jr,98
2019,1016,carlos-sainz-jr,99
2019,1017,carlos-sainz-jr,100
2019,1018,carlos-sainz-jr,101
2020,1019,carlos-sainz-jr,102
2020,1020,carlos-sainz-jr,103
2020,1021,carlos-sainz-jr,104
2020,1022,carlos-sainz-jr,105
2020,1023,carlos-sainz-jr,106
2020,1024,carlos-sainz-jr,107
2020,1026,carlos-sainz-jr,108
2020,1027,carlos-sainz-jr,109
2020,1028,carlos-sainz-jr,110
2020,1029,carlos-sainz-jr,111
2020,1030,carlos-sainz-jr,112
2020,1031,carlos-sainz-jr,113
2020,1032,carlos-sainz-jr,114
2020,1033,carlos-sainz-jr,115
2020,1034,carlos-sainz-jr,116
2020,1035,carlos-sainz-jr,117
2021,1036,carlos-sainz-jr,118
2021,1037,carlos-sainz-jr,119
2021,1038,carlos-sainz-jr,120
2021,1039,carlos-sainz-jr,121
2021,1040,carlos-sainz-jr,122
2021,1041,carlos-sainz-jr,123
2021,1042,carlos-sainz-jr,124
2021,1043,carlos-sainz-jr,125
2021,1044,carlos-sainz-jr,126
2021,1045,carlos-sainz-jr,127
2021,1046,carlos-sainz-jr,128
2021,1047,carlos-sainz-jr,129
2021,1048,carlos-sainz-jr,130
2021,1049,carlos-sainz-jr,131
2021,1050,carlos-sainz-jr,132
2021,1051,carlos-sainz-jr,133
2021,1052,carlos-sainz-jr,134
2021,1053,carlos-sainz-jr,135
2021,1054,carlos-sainz-jr,136
2021,1055,carlos-sainz-jr,137
2021,1056,carlos-sainz-jr,138
2021,1057,carlos-sainz-jr,139
2022,1058,carlos-sainz-jr,140
2022,1059,carlos-sainz-jr,141
2022,1060,carlos-sainz-jr,142
2022,1061,carlos-sainz-jr,143
2022,1062,carlos-sainz-jr,144
2022,1063,carlos-sainz-jr,145
2022,1064,carlos-sainz-jr,146
2022,1065,carlos-sainz-jr,147
2022,1066,carlos-sainz-jr,148
2022,1067,carlos-sainz-jr,149
2022,1068,carlos-sainz-jr,150
2022,1069,carlos-sainz-jr,151
2022,1070,carlos-sainz-jr,152
2022,1071,carlos-sainz-jr,153
2022,1072,carlos-sainz-jr,154
2022,1073,carlos-sainz-jr,155
2022,1074,carlos-sainz-jr,156
2022,1075,carlos-sainz-jr,157
2022,1076,carlos-sainz-jr,158
2022,1077,carlos-sainz-jr,159
2022,1078,carlos-sainz-jr,160
2022,1079,carlos-sainz-jr,161
2023,1080,carlos-sainz-jr,162
2023,1081,carlos-sainz-jr,163
2023,1082,carlos-sainz-jr,164
2023,1083,carlos-sainz-jr,165
2023,1084,carlos-sainz-jr,166
2023,1085,carlos-sainz-jr,167
2023,1086,carlos-sainz-jr,168
2023,1087,carlos-sainz-jr,169
2023,1088,carlos-sainz-jr,170
2023,1089,carlos-sainz-jr,171
2023,1090,carlos-sainz-jr,172
2023,1091,carlos-sainz-jr,173
2023,1092,carlos-sainz-jr,174
2023,1093,carlos-sainz-jr,175
2023,1094,carlos-sainz-jr,176
2023,1095,carlos-sainz-jr,177
2023,1097,carlos-sainz-jr,178
2023,1098,carlos-sainz-jr,179
2023,1099,carlos-sainz-jr,180
2023,1100,carlos-sainz-jr,181
2023,1101,carlos-sainz-jr,182
2024,1102,carlos-sainz-jr,183
2024,1104,carlos-sainz-jr,184
2024,1105,carlos-sainz-jr,185
2024,1106,carlos-sainz-jr,186
2024,1107,carlos-sainz-jr,187
2024,1108,carlos-sainz-jr,188
2024,1109,carlos-sainz-jr,189
2024,1110,carlos-sainz-jr,190
2024,1111,carlos-sainz-jr,191
2024,1112,carlos-sainz-jr,192
2024,1113,carlos-sainz-jr,193
2024,1114,carlos-sainz-jr,194
2024,1115,carlos-sainz-jr,195
2024,1116,carlos-sainz-jr,196
2024,1117,carlos-sainz-jr,197
2024,1118,carlos-sainz-jr,198
2024,1119,carlos-sainz-jr,199
2024,1120,carlos-sainz-jr,200
2024,1121,carlos-sainz-jr,201
2024,1122,carlos-sainz-jr,202
2024,1123,carlos-sainz-jr,203
2024,1124,carlos-sainz-jr,204
2024,1125,carlos-sainz-jr,205
2018,977,charles-leclerc,0
2018,978,charles-leclerc,1
2018,979,charles-leclerc,2
2018,980,charles-leclerc,3
2018,981,charles-leclerc,4
2018,982,charles-leclerc,5
2018,983,charles-leclerc,6
2018,984,charles-leclerc,7
2018,985,charles-leclerc,8
2018,986,charles-leclerc,9
2018,987,charles-leclerc,10
2018,988,charles-leclerc,11
2018,989,charles-leclerc,12
2018,990,charles-leclerc,13
2018,991,charles-leclerc,14
2018,992,charles-leclerc,15
2018,993,charles-leclerc,16
2018,994,charles-leclerc,17
2018,995,charles-leclerc,18
2018,996,charles-leclerc,19
2018,997,charles-leclerc,20
2019,998,charles-leclerc,21
2019,999,charles-leclerc,22
2019,1000,charles-leclerc,23
2019,1001,charles-leclerc,24
2019,1002,charles-leclerc,25
2019,1003,charles-leclerc,26
2019,1004,charles-leclerc,27
2019,1005,charles-leclerc,28
2019,1006,charles-leclerc,29
2019,1007,charles-leclerc,30
2019,1008,charles-leclerc,31
2019,1009,charles-leclerc,32
2019,1010,charles-leclerc,33
2019,1011,charles-leclerc,34
2019,1012,charles-leclerc,35
2019,1013,charles-leclerc,36
2019,1014,charles-leclerc,37
2019,1015,charles-leclerc,38
2019,1016,charles-leclerc,39
2019,1017,charles-leclerc,40
2019,1018,charles-leclerc,41
2020,1019,charles-leclerc,42
2020,1020,charles-leclerc,43
2020,1021,charles-leclerc,44
2020,1022,charles-leclerc,45
2020,1023,charles-leclerc,46
2020,1024,charles-leclerc,47
2020,1025,charles-leclerc,48
2020,1026,charles-leclerc,49
2020,1027,charles-leclerc,50
2020,1028,charles-leclerc,51
2020,1029,charles-leclerc,52
2020,1030,charles-leclerc,53
2020,1031,charles-leclerc,54
2020,1032,charles-leclerc,55
2020,1033,charles-leclerc,56
2020,1034,charles-leclerc,57
2020,1035,charles-leclerc,58
2021,1036,charles-leclerc,59
2021,1037,charles-leclerc,60
2021,1038,charles-leclerc,61
2021,1039,charles-leclerc,62
2021,1041,charles-leclerc,63
2021,1042,charles-leclerc,64
2021,1043,charles-leclerc,65
2021,1044,charles-leclerc,66
2021,1045,charles-leclerc,67
2021,1046,charles-leclerc,68
2021,1047,charles-leclerc,69
2021,1048,charles-leclerc,70
2021,1049,charles-leclerc,71
2021,1050,charles-leclerc,72
2021,1051,charles-leclerc,73
2021,1052,charles-leclerc,74
2021,1053,charles-leclerc,75
2021,1054,charles-leclerc,76
2021,1055,charles-leclerc,77
2021,1056,charles-leclerc,78
2021,1057,charles-leclerc,79
2022,1058,charles-leclerc,80
2022,1059,charles-leclerc,81
2022,1060,charles-leclerc,82
2022,1061,charles-leclerc,83
2022,1062,charles-leclerc,84
2022,1063,charles-leclerc,85
2022,1064,charles-leclerc,86
2022,1065,charles-leclerc,87
2022,1066,charles-leclerc,88
2022,1067,charles-leclerc,89
2022,1068,charles-leclerc,90
2022,1069,charles-leclerc,91
2022,1070,charles-leclerc,92
2022,1071,charles-leclerc,93
2022,1072,charles-leclerc,94
2022,1073,charles-leclerc,95
2022,1074,charles-leclerc,96
2022,1075,charles-leclerc,97
2022,1076,charles-leclerc,98
2022,1077,charles-leclerc,99
2022,1078,charles-leclerc,100
2022,1079,charles-leclerc,101
2023,1080,charles-leclerc,102
2023,1081,charles-leclerc,103
2023,1082,charles-leclerc,104
2023,1083,charles-leclerc,105
2023,1084,charles-leclerc,106
2023,1085,charles-leclerc,107
2023,1086,charles-leclerc,108
2023,1087,charles-leclerc,109
2023,1088,charles-leclerc,110
2023,1089,charles-leclerc,111
2023,1090,charles-leclerc,112
2023,1091,charles-leclerc,113
2023,1092,charles-leclerc,114
2023,1093,charles-leclerc,115
2023,1094,charles-leclerc,116
2023,1095,charles-leclerc,117
2023,1096,charles-leclerc,118
2023,1097,charles-leclerc,119
2023,1098,charles-leclerc,120
2023,1100,charles-leclerc,121
2023,1101,charles-leclerc,122
2024,1102,charles-leclerc,123
2024,1103,charles-leclerc,124
2024,1104,charles-leclerc,125
2024,1105,charles-leclerc,126
2024,1106,charles-leclerc,127
2024,1107,charles-leclerc,128
2024,1108,charles-leclerc,129
2024,1109,charles-leclerc,130
2024,1110,charles-leclerc,131
2024,1111,charles-leclerc,132
2024,1112,charles-leclerc,133
2024,1113,charles-leclerc,134
2024,1114,charles-leclerc,135
2024,1115,charles-leclerc,136
2024,1116,charles-leclerc,137
2024,1117,charles-leclerc,138
2024,1118,charles-leclerc,139
2024,1119,charles-leclerc,140
2024,1120,charles-leclerc,141
2024,1121,charles-leclerc,142
2024,1122,charles-leclerc,143
2024,1123,charles-leclerc,144
2024,1124,charles-leclerc,145
2024,1125,charles-leclerc,146
2012,859,charles-pic,0
2012,860,charles-pic,1
2012,861,charles-pic,2
2012,862,charles-pic,3
2012,863,charles-pic,4
2012,864,charles-pic,5
2012,865,charles-pic,6
2012,866,charles-pic,7
2012,867,charles-pic,8
2012,868,charles-pic,9
2012,869,charles-pic,10
2012,870,charles-pic,11
2012,871,charles-pic,12
2012,872,charles-pic,13
2012,873,charles-pic,14
2012,874,charles-pic,15
2012,875,charles-pic,16
2012,876,charles-pic,17
2012,877,charles-pic,18
2012,878,charles-pic,19
2013,879,charles-pic,20
2013,880,charles-pic,21
2013,881,charles-pic,22
2013,882,charles-pic,23
2013,883,charles-pic,24
2013,884,charles-pic,25
2013,885,charles-pic,26
2013,886,charles-pic,27
2013,887,charles-pic,28
2013,888,charles-pic,29
2013,889,charles-pic,30
2013,890,charles-pic,31
2013,891,charles-pic,32
2013,892,charles-pic,33
2013,893,charles-pic,34
2013,894,charles-pic,35
2013,895,charles-pic,36
2013,896,charles-pic,37
2013,897,charles-pic,38
1986,421,christian-danner,0
1986,422,christian-danner,1
1986,423,christian-danner,2
1986,425,christian-danner,3
1986,426,christian-danner,4
1986,427,christian-danner,5
1986,428,christian-danner,6
1986,429,christian-danner,7
1986,430,christian-danner,8
1986,431,christian-danner,9
1986,432,christian-danner,10
1986,433,christian-danner,11
1986,434,christian-danner,12
1986,435,christian-danner,13
1986,436,christian-danner,14
1987,437,christian-danner,15
1987,438,christian-danner,16
1987,439,christian-danner,17
1987,441,christian-danner,18
1987,442,christian-danner,19
1987,443,christian-danner,20
1987,444,christian-danner,21
1987,445,christian-danner,22
1987,446,christian-danner,23
1987,447,christian-danner,24
1987,448,christian-danner,25
1987,449,christian-danner,26
1987,450,christian-danner,27
1987,451,christian-danner,28
1987,452,christian-danner,29
1989,469,christian-danner,30
1989,472,christian-danner,31
1989,473,christian-danner,32
1989,474,christian-danner,33
1992,517,christian-fittipaldi,0
1992,518,christian-fittipaldi,1
1992,519,christian-fittipaldi,2
1992,520,christian-fittipaldi,3
1992,521,christian-fittipaldi,4
1992,522,christian-fittipaldi,5
1992,523,christian-fittipaldi,6
1992,530,christian-fittipaldi,7
1992,531,christian-fittipaldi,8
1992,532,christian-fittipaldi,9
1993,533,christian-fittipaldi,10
1993,534,christian-fittipaldi,11
1993,535,christian-fittipaldi,12
1993,536,christian-fittipaldi,13
1993,537,christian-fittipaldi,14
1993,538,christian-fittipaldi,15
1993,539,christian-fittipaldi,16
1993,540,christian-fittipaldi,17
1993,541,christian-fittipaldi,18
1993,542,christian-fittipaldi,19
1993,543,christian-fittipaldi,20
1993,544,christian-fittipaldi,21
1993,545,christian-fittipaldi,22
1993,546,christian-fittipaldi,23
1994,549,christian-fittipaldi,24
1994,550,christian-fittipaldi,25
1994,551,christian-fittipaldi,26
1994,552,christian-fittipaldi,27
1994,553,christian-fittipaldi,28
1994,554,christian-fittipaldi,29
1994,555,christian-fittipaldi,30
1994,556,christian-fittipaldi,31
1994,557,christian-fittipaldi,32
1994,558,christian-fittipaldi,33
1994,559,christian-fittipaldi,34
1994,560,christian-fittipaldi,35
1994,561,christian-fittipaldi,36
1994,562,christian-fittipaldi,37
1994,563,christian-fittipaldi,38
1994,564,christian-fittipaldi,39
2004,714,christian-klien,0
2004,715,christian-klien,1
2004,716,christian-klien,2
2004,717,christian-klien,3
2004,718,christian-klien,4
2004,719,christian-klien,5
2004,720,christian-klien,6
2004,721,christian-klien,7
2004,722,christian-klien,8
2004,723,christian-klien,9
2004,724,christian-klien,10
2004,725,christian-klien,11
2004,726,christian-klien,12
2004,727,christian-klien,13
2004,728,christian-klien,14
2004,729,christian-klien,15
2004,730,christian-klien,16
2004,731,christian-klien,17
2005,732,christian-klien,18
2005,733,christian-klien,19
2005,739,christian-klien,20
2005,741,christian-klien,21
2005,742,christian-klien,22
2005,743,christian-klien,23
2005,744,christian-klien,24
2005,745,christian-klien,25
2005,746,christian-klien,26
2005,747,christian-klien,27
2005,748,christian-klien,28
2005,749,christian-klien,29
2005,750,christian-klien,30
2006,751,christian-klien,31
2006,752,christian-klien,32
2006,753,christian-klien,33
2006,754,christian-klien,34
2006,755,christian-klien,35
2006,756,christian-klien,36
2006,757,christian-klien,37
2006,758,christian-klien,38
2006,759,christian-klien,39
2006,760,christian-klien,40
2006,761,christian-klien,41
2006,762,christian-klien,42
2006,763,christian-klien,43
2006,764,christian-klien,44
2006,765,christian-klien,45
2010,835,christian-klien,46
2010,838,christian-klien,47
2010,839,christian-klien,48
2005,732,christijan-albers,0
2005,733,christijan-albers,1
2005,734,christijan-albers,2
2005,735,christijan-albers,3
2005,736,christijan-albers,4
2005,737,christijan-albers,5
2005,738,christijan-albers,6
2005,739,christijan-albers,7
2005,740,christijan-albers,8
2005,741,christijan-albers,9
2005,742,christijan-albers,10
2005,743,christijan-albers,11
2005,744,christijan-albers,12
2005,745,christijan-albers,13
2005,746,christijan-albers,14
2005,747,christijan-albers,15
2005,748,christijan-albers,16
2005,749,christijan-albers,17
2005,750,christijan-albers,18
2006,751,christijan-albers,19
2006,752,christijan-albers,20
2006,753,christijan-albers,21
2006,754,christijan-albers,22
2006,755,christijan-albers,23
2006,756,christijan-albers,24
2006,757,christijan-albers,25
2006,758,christijan-albers,26
2006,759,christijan-albers,27
2006,760,christijan-albers,28
2006,761,christijan-albers,29
2006,762,christijan-albers,30
2006,763,christijan-albers,31
2006,764,christijan-albers,32
2006,765,christijan-albers,33
2006,766,christijan-albers,34
2006,767,christijan-albers,35
2006,768,christijan-albers,36
2007,769,christijan-albers,37
2007,770,christijan-albers,38
2007,771,christijan-albers,39
2007,772,christijan-albers,40
2007,773,christijan-albers,41
2007,774,christijan-albers,42
2007,775,christijan-albers,43
2007,776,christijan-albers,44
2007,777,christijan-albers,45
2003,698,cristiano-da-matta,0
2003,699,cristiano-da-matta,1
2003,700,cristiano-da-matta,2
2003,701,cristiano-da-matta,3
2003,702,cristiano-da-matta,4
2003,703,cristiano-da-matta,5
2003,704,cristiano-da-matta,6
2003,705,cristiano-da-matta,7
2003,706,cristiano-da-matta,8
2003,707,cristiano-da-matta,9
2003,708,cristiano-da-matta,10
2003,709,cristiano-da-matta,11
2003,710,cristiano-da-matta,12
2003,711,cristiano-da-matta,13
2003,712,cristiano-da-matta,14
2003,713,cristiano-da-matta,15
2004,714,cristiano-da-matta,16
2004,715,cristiano-da-matta,17
2004,716,cristiano-da-matta,18
2004,717,cristiano-da-matta,19
2004,718,cristiano-da-matta,20
2004,719,cristiano-da-matta,21
2004,720,cristiano-da-matta,22
2004,721,cristiano-da-matta,23
2004,722,cristiano-da-matta,24
2004,723,cristiano-da-matta,25
2004,724,cristiano-da-matta,26
2004,725,cristiano-da-matta,27
1992,525,damon-hill,0
1992,527,damon-hill,1
1993,533,damon-hill,2
1993,534,damon-hill,3
1993,535,damon-hill,4
1993,536,damon-hill,5
1993,537,damon-hill,6
1993,538,damon-hill,7
1993,539,damon-hill,8
1993,540,damon-hill,9
1993,541,damon-hill,10
1993,542,damon-hill,11
1993,543,damon-hill,12
1993,544,damon-hill,13
1993,545,damon-hill,14
1993,546,damon-hill,15
1993,547,damon-hill,16
1993,548,damon-hill,17
1994,549,damon-hill,18
1994,550,damon-hill,19
1994,551,damon-hill,20
1994,552,damon-hill,21
1994,553,damon-hill,22
1994,554,damon-hill,23
1994,555,damon-hill,24
1994,556,damon-hill,25
1994,557,damon-hill,26
1994,558,damon-hill,27
1994,559,damon-hill,28
1994,560,damon-hill,29
1994,561,damon-hill,30
1994,562,damon-hill,31
1994,563,damon-hill,32
1994,564,damon-hill,33
1995,565,damon-hill,34
1995,566,damon-hill,35
1995,567,damon-hill,36
1995,568,damon-hill,37
1995,569,damon-hill,38
1995,570,damon-hill,39
1995,571,damon-hill,40
1995,572,damon-hill,41
1995,573,damon-hill,42
1995,574,damon-hill,43
1995,575,damon-hill,44
1995,576,damon-hill,45
1995,577,damon-hill,46
1995,578,damon-hill,47
1995,579,damon-hill,48
1995,580,damon-hill,49
1995,581,damon-hill,50
1996,582,damon-hill,51
1996,583,damon-hill,52
1996,584,damon-hill,53
1996,585,damon-hill,54
1996,586,damon-hill,55
1996,587,damon-hill,56
1996,588,damon-hill,57
1996,589,damon-hill,58
1996,590,damon-hill,59
1996,591,damon-hill,60
1996,592,damon-hill,61
1996,593,damon-hill,62
1996,594,damon-hill,63
1996,595,damon-hill,64
1996,596,damon-hill,65
1996,597,damon-hill,66
1997,599,damon-hill,67
1997,600,damon-hill,68
1997,601,damon-hill,69
1997,602,damon-hill,70
1997,603,damon-hill,71
1997,604,damon-hill,72
1997,605,damon-hill,73
1997,606,damon-hill,74
1997,607,damon-hill,75
1997,608,damon-hill,76
1997,609,damon-hill,77
1997,610,damon-hill,78
1997,611,damon-hill,79
1997,612,damon-hill,80
1997,613,damon-hill,81
1997,614,damon-hill,82
1998,615,damon-hill,83
1998,616,damon-hill,84
1998,617,damon-hill,85
1998,618,damon-hill,86
1998,619,damon-hill,87
1998,620,damon-hill,88
1998,621,damon-hill,89
1998,622,damon-hill,90
1998,623,damon-hill,91
1998,624,damon-hill,92
1998,625,damon-hill,93
1998,626,damon-hill,94
1998,627,damon-hill,95
1998,628,damon-hill,96
1998,629,damon-hill,97
1998,630,damon-hill,98
1999,631,damon-hill,99
1999,632,damon-hill,100
1999,633,damon-hill,101
1999,634,damon-hill,102
1999,635,damon-hill,103
1999,636,damon-hill,104
1999,637,damon-hill,105
1999,638,damon-hill,106
1999,639,damon-hill,107
1999,640,damon-hill,108
1999,641,damon-hill,109
1999,642,damon-hill,110
1999,643,damon-hill,111
1999,644,damon-hill,112
1999,645,damon-hill,113
1999,646,damon-hill,114
2011,848,daniel-ricciardo,0
2011,849,daniel-ricciardo,1
2011,850,daniel-ricciardo,2
2011,851,daniel-ricciardo,3
2011,852,daniel-ricciardo,4
2011,853,daniel-ricciardo,5
2011,854,daniel-ricciardo,6
2011,855,daniel-ricciardo,7
2011,856,daniel-ricciardo,8
2011,857,daniel-ricciardo,9
2011,858,daniel-ricciardo,10
2012,859,daniel-ricciardo,11
2012,860,daniel-ricciardo,12
2012,861,daniel-ricciardo,13
2012,862,daniel-ricciardo,14
2012,863,daniel-ricciardo,15
2012,864,daniel-ricciardo,16
2012,865,daniel-ricciardo,17
2012,866,daniel-ricciardo,18
2012,867,daniel-ricciardo,19
2012,868,daniel-ricciardo,20
2012,869,daniel-ricciardo,21
2012,870,daniel-ricciardo,22
2012,871,daniel-ricciardo,23
2012,872,daniel-ricciardo,24
2012,873,daniel-ricciardo,25
2012,874,daniel-ricciardo,26
2012,875,daniel-ricciardo,27
2012,876,daniel-ricciardo,28
2012,877,daniel-ricciardo,29
2012,878,daniel-ricciardo,30
2013,879,daniel-ricciardo,31
2013,880,daniel-ricciardo,32
2013,881,daniel-ricciardo,33
2013,882,daniel-ricciardo,34
2013,883,daniel-ricciardo,35
2013,884,daniel-ricciardo,36
2013,885,daniel-ricciardo,37
2013,886,daniel-ricciardo,38
2013,887,daniel-ricciardo,39
2013,888,daniel-ricciardo,40
2013,889,daniel-ricciardo,41
2013,890,daniel-ricciardo,42
2013,891,daniel-ricciardo,43
2013,892,daniel-ricciardo,44
2013,893,daniel-ricciardo,45
2013,894,daniel-ricciardo,46
2013,895,daniel-ricciardo,47
2013,896,daniel-ricciardo,48
2013,897,daniel-ricciardo,49
2014,898,daniel-ricciardo,50
2014,899,daniel-ricciardo,51
2014,900,daniel-ricciardo,52
2014,901,daniel-ricciardo,53
2014,902,daniel-ricciardo,54
2014,903,daniel-ricciardo,55
2014,904,daniel-ricciardo,56
2014,905,daniel-ricciardo,57
2014,906,daniel-ricciardo,58
2014,907,daniel-ricciardo,59
2014,908,daniel-ricciardo,60
2014,909,daniel-ricciardo,61
2014,910,daniel-ricciardo,62
2014,911,daniel-ricciardo,63
2014,912,daniel-ricciardo,64
2014,913,daniel-ricciardo,65
2014,914,daniel-ricciardo,66
2014,915,daniel-ricciardo,67
2014,916,daniel-ricciardo,68
2015,917,daniel-ricciardo,69
2015,918,daniel-ricciardo,70
2015,919,daniel-ricciardo,71
2015,920,daniel-ricciardo,72
2015,921,daniel-ricciardo,73
2015,922,daniel-ricciardo,74
2015,923,daniel-ricciardo,75
2015,924,daniel-ricciardo,76
2015,925,daniel-ricciardo,77
2015,926,daniel-ricciardo,78
2015,927,daniel-ricciardo,79
2015,928,daniel-ricciardo,80
2015,929,daniel-ricciardo,81
2015,930,daniel-ricciardo,82
2015,931,daniel-ricciardo,83
2015,932,daniel-ricciardo,84
2015,933,daniel-ricciardo,85
2015,934,daniel-ricciardo,86
2015,935,daniel-ricciardo,87
2016,936,daniel-ricciardo,88
2016,937,daniel-ricciardo,89
2016,938,daniel-ricciardo,90
2016,939,daniel-ricciardo,91
2016,940,daniel-ricciardo,92
2016,941,daniel-ricciardo,93
2016,942,daniel-ricciardo,94
2016,943,daniel-ricciardo,95
2016,944,daniel-ricciardo,96
2016,945,daniel-ricciardo,97
2016,946,daniel-ricciardo,98
2016,947,daniel-ricciardo,99
2016,948,daniel-ricciardo,100
2016,949,daniel-ricciardo,101
2016,950,daniel-ricciardo,102
2016,951,daniel-ricciardo,103
2016,952,daniel-ricciardo,104
2016,953,daniel-ricciardo,105
2016,954,daniel-ricciardo,106
2016,955,daniel-ricciardo,107
2016,956,daniel-ricciardo,108
2017,957,daniel-ricciardo,109
2017,958,daniel-ricciardo,110
2017,959,daniel-ricciardo,111
2017,960,daniel-ricciardo,112
2017,961,daniel-ricciardo,113
2017,962,daniel-ricciardo,114
2017,963,daniel-ricciardo,115
2017,964,daniel-ricciardo,116
2017,965,daniel-ricciardo,117
2017,966,daniel-ricciardo,118
2017,967,daniel-ricciardo,119
2017,968,daniel-ricciardo,120
2017,969,daniel-ricciardo,121
2017,970,daniel-ricciardo,122
2017,971,daniel-ricciardo,123
2017,972,daniel-ricciardo,124
2017,973,daniel-ricciardo,125
2017,974,daniel-ricciardo,126
2017,975,daniel-ricciardo,127
2017,976,daniel-ricciardo,128
2018,977,daniel-ricciardo,129
2018,978,daniel-ricciardo,130
2018,979,daniel-ricciardo,131
2018,980,daniel-ricciardo,132
2018,981,daniel-ricciardo,133
2018,982,daniel-ricciardo,134
2018,983,daniel-ricciardo,135
2018,984,daniel-ricciardo,136
2018,985,daniel-ricciardo,137
2018,986,daniel-ricciardo,138
2018,987,daniel-ricciardo,139
2018,988,daniel-ricciardo,140
2018,989,daniel-ricciardo,141
2018,990,daniel-ricciardo,142
2018,991,daniel-ricciardo,143
2018,992,daniel-ricciardo,144
2018,993,daniel-ricciardo,145
2018,994,daniel-ricciardo,146
2018,995,daniel-ricciardo,147
2018,996,daniel-ricciardo,148
2018,997,daniel-ricciardo,149
2019,998,daniel-ricciardo,150
2019,999,daniel-ricciardo,151
2019,1000,daniel-ricciardo,152
2019,1001,daniel-ricciardo,153
2019,1002,daniel-ricciardo,154
2019,1003,daniel-ricciardo,155
2019,1004,daniel-ricciardo,156
2019,1005,daniel-ricciardo,157
2019,1006,daniel-ricciardo,158
2019,1007,daniel-ricciardo,159
2019,1008,daniel-ricciardo,160
2019,1009,daniel-ricciardo,161
2019,1010,daniel-ricciardo,162
2019,1011,daniel-ricciardo,163
2019,1012,daniel-ricciardo,164
2019,1013,daniel-ricciardo,165
2019,1014,daniel-ricciardo,166
2019,1015,daniel-ricciardo,167
2019,1016,daniel-ricciardo,168
2019,1017,daniel-ricciardo,169
2019,1018,daniel-ricciardo,170
2020,1019,daniel-ricciardo,171
2020,1020,daniel-ricciardo,172
2020,1021,daniel-ricciardo,173
2020,1022,daniel-ricciardo,174
2020,1023,daniel-ricciardo,175
2020,1024,daniel-ricciardo,176
2020,1025,daniel-ricciardo,177
2020,1026,daniel-ricciardo,178
2020,1027,daniel-ricciardo,179
2020,1028,daniel-ricciardo,180
2020,1029,daniel-ricciardo,181
2020,1030,daniel-ricciardo,182
2020,1031,daniel-ricciardo,183
2020,1032,daniel-ricciardo,184
2020,1033,daniel-ricciardo,185
2020,1034,daniel-ricciardo,186
2020,1035,daniel-ricciardo,187
2021,1036,daniel-ricciardo,188
2021,1037,daniel-ricciardo,189
2021,1038,daniel-ricciardo,190
2021,1039,daniel-ricciardo,191
2021,1040,daniel-ricciardo,192
2021,1041,daniel-ricciardo,193
2021,1042,daniel-ricciardo,194
2021,1043,daniel-ricciardo,195
2021,1044,daniel-ricciardo,196
2021,1045,daniel-ricciardo,197
2021,1046,daniel-ricciardo,198
2021,1047,daniel-ricciardo,199
2021,1048,daniel-ricciardo,200
2021,1049,daniel-ricciardo,201
2021,1050,daniel-ricciardo,202
2021,1051,daniel-ricciardo,203
2021,1052,daniel-ricciardo,204
2021,1053,daniel-ricciardo,205
2021,1054,daniel-ricciardo,206
2021,1055,daniel-ricciardo,207
2021,1056,daniel-ricciardo,208
2021,1057,daniel-ricciardo,209
2022,1058,daniel-ricciardo,210
2022,1059,daniel-ricciardo,211
2022,1060,daniel-ricciardo,212
2022,1061,daniel-ricciardo,213
2022,1062,daniel-ricciardo,214
2022,1063,daniel-ricciardo,215
2022,1064,daniel-ricciardo,216
2022,1065,daniel-ricciardo,217
2022,1066,daniel-ricciardo,218
2022,1067,daniel-ricciardo,219
2022,1068,daniel-ricciardo,220
2022,1069,daniel-ricciardo,221
2022,1070,daniel-ricciardo,222
2022,1071,daniel-ricciardo,223
2022,1072,daniel-ricciardo,224
2022,1073,daniel-ricciardo,225
2022,1074,daniel-ricciardo,226
2022,1075,daniel-ricciardo,227
2022,1076,daniel-ricciardo,228
2022,1077,daniel-ricciardo,229
2022,1078,daniel-ricciardo,230
2022,1079,daniel-ricciardo,231
2023,1090,daniel-ricciardo,232
2023,1091,daniel-ricciardo,233
2023,1097,daniel-ricciardo,234
2023,1098,daniel-ricciardo,235
2023,1099,daniel-ricciardo,236
2023,1100,daniel-ricciardo,237
2023,1101,daniel-ricciardo,238
2024,1102,daniel-ricciardo,239
2024,1103,daniel-ricciardo,240
2024,1104,daniel-ricciardo,241
2024,1105,daniel-ricciardo,242
2024,1106,daniel-ricciardo,243
2024,1107,daniel-ricciardo,244
2024,1108,daniel-ricciardo,245
2024,1109,daniel-ricciardo,246
2024,1110,daniel-ricciardo,247
2024,1111,daniel-ricciardo,248
2024,1112,daniel-ricciardo,249
2024,1113,daniel-ricciardo,250
2024,1114,daniel-ricciardo,251
2024,1115,daniel-ricciardo,252
2024,1116,daniel-ricciardo,253
2024,1117,daniel-ricciardo,254
2024,1118,daniel-ricciardo,255
2024,1119,daniel-ricciardo,256
2014,898,daniil-kvyat,0
2014,899,daniil-kvyat,1
2014,900,daniil-kvyat,2
2014,901,daniil-kvyat,3
2014,902,daniil-kvyat,4
2014,903,daniil-kvyat,5
2014,904,daniil-kvyat,6
2014,905,daniil-kvyat,7
2014,906,daniil-kvyat,8
2014,907,daniil-kvyat,9
2014,908,daniil-kvyat,10
2014,909,daniil-kvyat,11
2014,910,daniil-kvyat,12
2014,911,daniil-kvyat,13
2014,912,daniil-kvyat,14
2014,913,daniil-kvyat,15
2014,914,daniil-kvyat,16
2014,915,daniil-kvyat,17
2014,916,daniil-kvyat,18
2015,918,daniil-kvyat,19
2015,919,daniil-kvyat,20
2015,920,daniil-kvyat,21
2015,921,daniil-kvyat,22
2015,922,daniil-kvyat,23
2015,923,daniil-kvyat,24
2015,924,daniil-kvyat,25
2015,925,daniil-kvyat,26
2015,926,daniil-kvyat,27
2015,927,daniil-kvyat,28
2015,928,daniil-kvyat,29
2015,929,daniil-kvyat,30
2015,930,daniil-kvyat,31
2015,931,daniil-kvyat,32
2015,932,daniil-kvyat,33
2015,933,daniil-kvyat,34
2015,934,daniil-kvyat,35
2015,935,daniil-kvyat,36
2016,937,daniil-kvyat,37
2016,938,daniil-kvyat,38
2016,939,daniil-kvyat,39
2016,940,daniil-kvyat,40
2016,941,daniil-kvyat,41
2016,942,daniil-kvyat,42
2016,943,daniil-kvyat,43
2016,944,daniil-kvyat,44
2016,945,daniil-kvyat,45
2016,946,daniil-kvyat,46
2016,947,daniil-kvyat,47
2016,948,daniil-kvyat,48
2016,949,daniil-kvyat,49
2016,950,daniil-kvyat,50
2016,951,daniil-kvyat,51
2016,952,daniil-kvyat,52
2016,953,daniil-kvyat,53
2016,954,daniil-kvyat,54
2016,955,daniil-kvyat,55
2016,956,daniil-kvyat,56
2017,957,daniil-kvyat,57
2017,958,daniil-kvyat,58
2017,959,daniil-kvyat,59
2017,960,daniil-kvyat,60
2017,961,daniil-kvyat,61
2017,962,daniil-kvyat,62
2017,963,daniil-kvyat,63
2017,964,daniil-kvyat,64
2017,965,daniil-kvyat,65
2017,966,daniil-kvyat,66
2017,967,daniil-kvyat,67
2017,968,daniil-kvyat,68
2017,969,daniil-kvyat,69
2017,970,daniil-kvyat,70
2017,973,daniil-kvyat,71
2019,998,daniil-kvyat,72
2019,999,daniil-kvyat,73
2019,1000,daniil-kvyat,74
2019,1001,daniil-kvyat,75
2019,1002,daniil-kvyat,76
2019,1003,daniil-kvyat,77
2019,1004,daniil-kvyat,78
2019,1005,daniil-kvyat,79
2019,1006,daniil-kvyat,80
2019,1007,daniil-kvyat,81
2019,1008,daniil-kvyat,82
2019,1009,daniil-kvyat,83
2019,1010,daniil-kvyat,84
2019,1011,daniil-kvyat,85
2019,1012,daniil-kvyat,86
2019,1013,daniil-kvyat,87
2019,1014,daniil-kvyat,88
2019,1015,daniil-kvyat,89
2019,1016,daniil-kvyat,90
2019,1017,daniil-kvyat,91
2019,1018,daniil-kvyat,92
2020,1019,daniil-kvyat,93
2020,1020,daniil-kvyat,94
2020,1021,daniil-kvyat,95
2020,1022,daniil-kvyat,96
2020,1023,daniil-kvyat,97
2020,1024,daniil-kvyat,98
2020,1025,daniil-kvyat,99
2020,1026,daniil-kvyat,100
2020,1027,daniil-kvyat,101
2020,1028,daniil-kvyat,102
2020,1029,daniil-kvyat,103
2020,1030,daniil-kvyat,104
2020,1031,daniil-kvyat,105
2020,1032,daniil-kvyat,106
2020,1033,daniil-kvyat,107
2020,1034,daniil-kvyat,108
2020,1035,daniil-kvyat,109
1990,488,david-brabham,0
1990,490,david-brabham,1
1990,491,david-brabham,2
1990,493,david-brabham,3
1990,495,david-brabham,4
1990,497,david-brabham,5
1990,499,david-brabham,6
1990,500,david-brabham,7
1994,549,david-brabham,8
1994,550,david-brabham,9
1994,551,david-brabham,10
1994,552,david-brabham,11
1994,553,david-brabham,12
1994,554,david-brabham,13
1994,555,david-brabham,14
1994,556,david-brabham,15
1994,557,david-brabham,16
1994,558,david-brabham,17
1994,559,david-brabham,18
1994,560,david-brabham,19
1994,561,david-brabham,20
1994,562,david-brabham,21
1994,563,david-brabham,22
1994,564,david-brabham,23
1994,553,david-coulthard,0
1994,554,david-coulthard,1
1994,556,david-coulthard,2
1994,557,david-coulthard,3
1994,558,david-coulthard,4
1994,559,david-coulthard,5
1994,560,david-coulthard,6
1994,561,david-coulthard,7
1995,565,david-coulthard,8
1995,566,david-coulthard,9
1995,567,david-coulthard,10
1995,568,david-coulthard,11
1995,569,david-coulthard,12
1995,570,david-coulthard,13
1995,571,david-coulthard,14
1995,572,david-coulthard,15
1995,573,david-coulthard,16
1995,574,david-coulthard,17
1995,575,david-coulthard,18
1995,576,david-coulthard,19
1995,577,david-coulthard,20
1995,578,david-coulthard,21
1995,579,david-coulthard,22
1995,580,david-coulthard,23
1995,581,david-coulthard,24
1996,582,david-coulthard,25
1996,583,david-coulthard,26
1996,584,david-coulthard,27
1996,585,david-coulthard,28
1996,586,david-coulthard,29
1996,587,david-coulthard,30
1996,588,david-coulthard,31
1996,589,david-coulthard,32
1996,590,david-coulthard,33
1996,591,david-coulthard,34
1996,592,david-coulthard,35
1996,593,david-coulthard,36
1996,594,david-coulthard,37
1996,595,david-coulthard,38
1996,596,david-coulthard,39
1996,597,david-coulthard,40
1997,598,david-coulthard,41
1997,599,david-coulthard,42
1997,600,david-coulthard,43
1997,601,david-coulthard,44
1997,602,david-coulthard,45
1997,603,david-coulthard,46
1997,604,david-coulthard,47
1997,605,david-coulthard,48
1997,606,david-coulthard,49
1997,607,david-coulthard,50
1997,608,david-coulthard,51
1997,609,david-coulthard,52
1997,610,david-coulthard,53
1997,611,david-coulthard,54
1997,612,david-coulthard,55
1997,613,david-coulthard,56
1997,614,david-coulthard,57
1998,615,david-coulthard,58
1998,616,david-coulthard,59
1998,617,david-coulthard,60
1998,618,david-coulthard,61
1998,619,david-coulthard,62
1998,620,david-coulthard,63
1998,621,david-coulthard,64
1998,622,david-coulthard,65
1998,623,david-coulthard,66
1998,624,david-coulthard,67
1998,625,david-coulthard,68
1998,626,david-coulthard,69
1998,627,david-coulthard,70
1998,628,david-coulthard,71
1998,629,david-coulthard,72
1998,630,david-coulthard,73
1999,631,david-coulthard,74
1999,632,david-coulthard,75
1999,633,david-coulthard,76
1999,634,david-coulthard,77
1999,635,david-coulthard,78
1999,636,david-coulthard,79
1999,637,david-coulthard,80
1999,638,david-coulthard,81
1999,639,david-coulthard,82
1999,640,david-coulthard,83
1999,641,david-coulthard,84
1999,642,david-coulthard,85
1999,643,david-coulthard,86
1999,644,david-coulthard,87
1999,645,david-coulthard,88
1999,646,david-coulthard,89
2000,647,david-coulthard,90
2000,648,david-coulthard,91
2000,649,david-coulthard,92
2000,650,david-coulthard,93
2000,651,david-coulthard,94
2000,652,david-coulthard,95
2000,653,david-coulthard,96
2000,654,david-coulthard,97
2000,655,david-coulthard,98
2000,656,david-coulthard,99
2000,657,david-coulthard,100
2000,658,david-coulthard,101
2000,659,david-coulthard,102
2000,660,david-coulthard,103
2000,661,david-coulthard,104
2000,662,david-coulthard,105
2000,663,david-coulthard,106
2001,664,david-coulthard,107
2001,665,david-coulthard,108
2001,666,david-coulthard,109
2001,667,david-coulthard,110
2001,668,david-coulthard,111
2001,669,david-coulthard,112
2001,670,david-coulthard,113
2001,671,david-coulthard,114
2001,672,david-coulthard,115
2001,673,david-coulthard,116
2001,674,david-coulthard,117
2001,675,david-coulthard,118
2001,676,david-coulthard,119
2001,677,david-coulthard,120
2001,678,david-coulthard,121
2001,679,david-coulthard,122
2001,680,david-coulthard,123
2002,681,david-coulthard,124
2002,682,david-coulthard,125
2002,683,david-coulthard,126
2002,684,david-coulthard,127
2002,685,david-coulthard,128
2002,686,david-coulthard,129
2002,687,david-coulthard,130
2002,688,david-coulthard,131
2002,689,david-coulthard,132
2002,690,david-coulthard,133
2002,691,david-coulthard,134
2002,692,david-coulthard,135
2002,693,david-coulthard,136
2002,694,david-coulthard,137
2002,695,david-coulthard,138
2002,696,david-coulthard,139
2002,697,david-coulthard,140
2003,698,david-coulthard,141
2003,699,david-coulthard,142
2003,700,david-coulthard,143
2003,701,david-coulthard,144
2003,702,david-coulthard,145
2003,703,david-coulthard,146
2003,704,david-coulthard,147
2003,705,david-coulthard,148
2003,706,david-coulthard,149
2003,707,david-coulthard,150
2003,708,david-coulthard,151
2003,709,david-coulthard,152
2003,710,david-coulthard,153
2003,711,david-coulthard,154
2003,712,david-coulthard,155
2003,713,david-coulthard,156
2004,714,david-coulthard,157
2004,715,david-coulthard,158
2004,716,david-coulthard,159
2004,717,david-coulthard,160
2004,718,david-coulthard,161
2004,719,david-coulthard,162
2004,720,david-coulthard,163
2004,721,david-coulthard,164
2004,722,david-coulthard,165
2004,723,david-coulthard,166
2004,724,david-coulthard,167
2004,725,david-coulthard,168
2004,726,david-coulthard,169
2004,727,david-coulthard,170
2004,728,david-coulthard,171
2004,729,david-coulthard,172
2004,730,david-coulthard,173
2004,731,david-coulthard,174
2005,732,david-coulthard,175
2005,733,david-coulthard,176
2005,734,david-coulthard,177
2005,735,david-coulthard,178
2005,736,david-coulthard,179
2005,737,david-coulthard,180
2005,738,david-coulthard,181
2005,739,david-coulthard,182
2005,741,david-coulthard,183
2005,742,david-coulthard,184
2005,743,david-coulthard,185
2005,744,david-coulthard,186
2005,745,david-coulthard,187
2005,746,david-coulthard,188
2005,747,david-coulthard,189
2005,748,david-coulthard,190
2005,749,david-coulthard,191
2005,750,david-coulthard,192
2006,751,david-coulthard,193
2006,752,david-coulthard,194
2006,753,david-coulthard,195
2006,754,david-coulthard,196
2006,755,david-coulthard,197
2006,756,david-coulthard,198
2006,757,david-coulthard,199
2006,758,david-coulthard,200
2006,759,david-coulthard,201
2006,760,david-coulthard,202
2006,761,david-coulthard,203
2006,762,david-coulthard,204
2006,763,david-coulthard,205
2006,764,david-coulthard,206
2006,765,david-coulthard,207
2006,766,david-coulthard,208
2006,767,david-coulthard,209
2006,768,david-coulthard,210
2007,769,david-coulthard,211
2007,770,david-coulthard,212
2007,771,david-coulthard,213
2007,772,david-coulthard,214
2007,773,david-coulthard,215
2007,774,david-coulthard,216
2007,775,david-coulthard,217
2007,776,david-coulthard,218
2007,777,david-coulthard,219
2007,778,david-coulthard,220
2007,779,david-coulthard,221
2007,780,david-coulthard,222
2007,781,david-coulthard,223
2007,782,david-coulthard,224
2007,783,david-coulthard,225
2007,784,david-coulthard,226
2007,785,david-coulthard,227
2008,786,david-coulthard,228
2008,787,david-coulthard,229
2008,788,david-coulthard,230
2008,789,david-coulthard,231
2008,790,david-coulthard,232
2008,791,david-coulthard,233
2008,792,david-coulthard,234
2008,793,david-coulthard,235
2008,794,david-coulthard,236
2008,795,david-coulthard,237
2008,796,david-coulthard,238
2008,797,david-coulthard,239
2008,798,david-coulthard,240
2008,799,david-coulthard,241
2008,800,david-coulthard,242
2008,801,david-coulthard,243
2008,802,david-coulthard,244
2008,803,david-coulthard,245
1986,426,derek-warwick,0
1986,427,derek-warwick,1
1986,428,derek-warwick,2
1986,429,derek-warwick,3
1986,430,derek-warwick,4
1986,431,derek-warwick,5
1986,433,derek-warwick,6
1986,434,derek-warwick,7
1986,435,derek-warwick,8
1986,436,derek-warwick,9
1987,437,derek-warwick,10
1987,438,derek-warwick,11
1987,439,derek-warwick,12
1987,440,derek-warwick,13
1987,441,derek-warwick,14
1987,442,derek-warwick,15
1987,443,derek-warwick,16
1987,444,derek-warwick,17
1987,445,derek-warwick,18
1987,446,derek-warwick,19
1987,447,derek-warwick,20
1987,448,derek-warwick,21
1987,449,derek-warwick,22
1987,450,derek-warwick,23
1987,451,derek-warwick,24
1987,452,derek-warwick,25
1988,453,derek-warwick,26
1988,454,derek-warwick,27
1988,455,derek-warwick,28
1988,456,derek-warwick,29
1988,457,derek-warwick,30
1988,458,derek-warwick,31
1988,459,derek-warwick,32
1988,460,derek-warwick,33
1988,461,derek-warwick,34
1988,462,derek-warwick,35
1988,463,derek-warwick,36
1988,464,derek-warwick,37
1988,465,derek-warwick,38
1988,466,derek-warwick,39
1988,467,derek-warwick,40
1988,468,derek-warwick,41
1989,469,derek-warwick,42
1989,470,derek-warwick,43
1989,471,derek-warwick,44
1989,472,derek-warwick,45
1989,473,derek-warwick,46
1989,474,derek-warwick,47
1989,476,derek-warwick,48
1989,477,derek-warwick,49
1989,478,derek-warwick,50
1989,479,derek-warwick,51
1989,480,derek-warwick,52
1989,481,derek-warwick,53
1989,482,derek-warwick,54
1989,483,derek-warwick,55
1989,484,derek-warwick,56
1990,485,derek-warwick,57
1990,486,derek-warwick,58
1990,487,derek-warwick,59
1990,488,derek-warwick,60
1990,489,derek-warwick,61
1990,490,derek-warwick,62
1990,491,derek-warwick,63
1990,492,derek-warwick,64
1990,493,derek-warwick,65
1990,494,derek-warwick,66
1990,495,derek-warwick,67
1990,496,derek-warwick,68
1990,497,derek-warwick,69
1990,498,derek-warwick,70
1990,499,derek-warwick,71
1990,500,derek-warwick,72
1993,533,derek-warwick,73
1993,534,derek-warwick,74
1993,535,derek-warwick,75
1993,536,derek-warwick,76
1993,537,derek-warwick,77
1993,538,derek-warwick,78
1993,539,derek-warwick,79
1993,540,derek-warwick,80
1993,541,derek-warwick,81
1993,542,derek-warwick,82
1993,543,derek-warwick,83
1993,544,derek-warwick,84
1993,545,derek-warwick,85
1993,546,derek-warwick,86
1993,547,derek-warwick,87
1993,548,derek-warwick,88
1994,562,domenico-schiattarella,0
1994,564,domenico-schiattarella,1
1995,565,domenico-schiattarella,2
1995,566,domenico-schiattarella,3
1995,567,domenico-schiattarella,4
1995,568,domenico-schiattarella,5
1986,427,eddie-cheever,0
1987,437,eddie-cheever,1
1987,438,eddie-cheever,2
1987,439,eddie-cheever,3
1987,440,eddie-cheever,4
1987,441,eddie-cheever,5
1987,442,eddie-cheever,6
1987,443,eddie-cheever,7
1987,444,eddie-cheever,8
1987,445,eddie-cheever,9
1987,446,eddie-cheever,10
1987,447,eddie-cheever,11
1987,448,eddie-cheever,12
1987,449,eddie-cheever,13
1987,450,eddie-cheever,14
1987,451,eddie-cheever,15
1987,452,eddie-cheever,16
1988,453,eddie-cheever,17
1988,454,eddie-cheever,18
1988,455,eddie-cheever,19
1988,456,eddie-cheever,20
1988,457,eddie-cheever,21
1988,458,eddie-cheever,22
1988,459,eddie-cheever,23
1988,460,eddie-cheever,24
1988,461,eddie-cheever,25
1988,462,eddie-cheever,26
1988,463,eddie-cheever,27
1988,464,eddie-cheever,28
1988,465,eddie-cheever,29
1988,466,eddie-cheever,30
1988,467,eddie-cheever,31
1988,468,eddie-cheever,32
1989,469,eddie-cheever,33
1989,470,eddie-cheever,34
1989,471,eddie-cheever,35
1989,472,eddie-cheever,36
1989,473,eddie-cheever,37
1989,474,eddie-cheever,38
1989,475,eddie-cheever,39
1989,477,eddie-cheever,40
1989,478,eddie-cheever,41
1989,479,eddie-cheever,42
1989,481,eddie-cheever,43
1989,482,eddie-cheever,44
1989,483,eddie-cheever,45
1989,484,eddie-cheever,46
1993,547,eddie-irvine,0
1993,548,eddie-irvine,1
1994,549,eddie-irvine,2
1994,553,eddie-irvine,3
1994,554,eddie-irvine,4
1994,555,eddie-irvine,5
1994,556,eddie-irvine,6
1994,557,eddie-irvine,7
1994,558,eddie-irvine,8
1994,559,eddie-irvine,9
1994,560,eddie-irvine,10
1994,561,eddie-irvine,11
1994,562,eddie-irvine,12
1994,563,eddie-irvine,13
1994,564,eddie-irvine,14
1995,565,eddie-irvine,15
1995,566,eddie-irvine,16
1995,567,eddie-irvine,17
1995,568,eddie-irvine,18
1995,569,eddie-irvine,19
1995,570,eddie-irvine,20
1995,571,eddie-irvine,21
1995,572,eddie-irvine,22
1995,573,eddie-irvine,23
1995,574,eddie-irvine,24
1995,575,eddie-irvine,25
1995,576,eddie-irvine,26
1995,577,eddie-irvine,27
1995,578,eddie-irvine,28
1995,579,eddie-irvine,29
1995,580,eddie-irvine,30
1995,581,eddie-irvine,31
1996,582,eddie-irvine,32
1996,583,eddie-irvine,33
1996,584,eddie-irvine,34
1996,585,eddie-irvine,35
1996,586,eddie-irvine,36
1996,587,eddie-irvine,37
1996,588,eddie-irvine,38
1996,589,eddie-irvine,39
1996,590,eddie-irvine,40
1996,591,eddie-irvine,41
1996,592,eddie-irvine,42
1996,593,eddie-irvine,43
1996,594,eddie-irvine,44
1996,595,eddie-irvine,45
1996,596,eddie-irvine,46
1996,597,eddie-irvine,47
1997,598,eddie-irvine,48
1997,599,eddie-irvine,49
1997,600,eddie-irvine,50
1997,601,eddie-irvine,51
1997,602,eddie-irvine,52
1997,603,eddie-irvine,53
1997,604,eddie-irvine,54
1997,605,eddie-irvine,55
1997,606,eddie-irvine,56
1997,607,eddie-irvine,57
1997,608,eddie-irvine,58
1997,609,eddie-irvine,59
1997,610,eddie-irvine,60
1997,611,eddie-irvine,61
1997,612,eddie-irvine,62
1997,613,eddie-irvine,63
1997,614,eddie-irvine,64
1998,615,eddie-irvine,65
1998,616,eddie-irvine,66
1998,617,eddie-irvine,67
1998,618,eddie-irvine,68
1998,619,eddie-irvine,69
1998,620,eddie-irvine,70
1998,621,eddie-irvine,71
1998,622,eddie-irvine,72
1998,623,eddie-irvine,73
1998,624,eddie-irvine,74
1998,625,eddie-irvine,75
1998,626,eddie-irvine,76
1998,627,eddie-irvine,77
1998,628,eddie-irvine,78
1998,629,eddie-irvine,79
1998,630,eddie-irvine,80
1999,631,eddie-irvine,81
1999,632,eddie-irvine,82
1999,633,eddie-irvine,83
1999,634,eddie-irvine,84
1999,635,eddie-irvine,85
1999,636,eddie-irvine,86
1999,637,eddie-irvine,87
1999,638,eddie-irvine,88
1999,639,eddie-irvine,89
1999,640,eddie-irvine,90
1999,641,eddie-irvine,91
1999,642,eddie-irvine,92
1999,643,eddie-irvine,93
1999,644,eddie-irvine,94
1999,645,eddie-irvine,95
1999,646,eddie-irvine,96
2000,647,eddie-irvine,97
2000,648,eddie-irvine,98
2000,649,eddie-irvine,99
2000,650,eddie-irvine,100
2000,651,eddie-irvine,101
2000,652,eddie-irvine,102
2000,653,eddie-irvine,103
2000,654,eddie-irvine,104
2000,655,eddie-irvine,105
2000,657,eddie-irvine,106
2000,658,eddie-irvine,107
2000,659,eddie-irvine,108
2000,660,eddie-irvine,109
2000,661,eddie-irvine,110
2000,662,eddie-irvine,111
2000,663,eddie-irvine,112
2001,664,eddie-irvine,113
2001,665,eddie-irvine,114
2001,666,eddie-irvine,115
2001,667,eddie-irvine,116
2001,668,eddie-irvine,117
2001,669,eddie-irvine,118
2001,670,eddie-irvine,119
2001,671,eddie-irvine,120
2001,672,eddie-irvine,121
2001,673,eddie-irvine,122
2001,674,eddie-irvine,123
2001,675,eddie-irvine,124
2001,676,eddie-irvine,125
2001,677,eddie-irvine,126
2001,678,eddie-irvine,127
2001,679,eddie-irvine,128
2001,680,eddie-irvine,129
2002,681,eddie-irvine,130
2002,682,eddie-irvine,131
2002,683,eddie-irvine,132
2002,684,eddie-irvine,133
2002,685,eddie-irvine,134
2002,686,eddie-irvine,135
2002,687,eddie-irvine,136
2002,688,eddie-irvine,137
2002,689,eddie-irvine,138
2002,690,eddie-irvine,139
2002,691,eddie-irvine,140
2002,692,eddie-irvine,141
2002,693,eddie-irvine,142
2002,694,eddie-irvine,143
2002,695,eddie-irvine,144
2002,696,eddie-irvine,145
2002,697,eddie-irvine,146
1986,421,elio-de-angelis,0
1986,422,elio-de-angelis,1
1986,423,elio-de-angelis,2
1986,424,elio-de-angelis,3
1992,528,emanuele-naspetti,0
1992,529,emanuele-naspetti,1
1992,530,emanuele-naspetti,2
1992,531,emanuele-naspetti,3
1992,532,emanuele-naspetti,4
1993,546,emanuele-naspetti,5
1989,475,emanuele-pirro,0
1989,476,emanuele-pirro,1
1989,477,emanuele-pirro,2
1989,478,emanuele-pirro,3
1989,479,emanuele-pirro,4
1989,480,emanuele-pirro,5
1989,481,emanuele-pirro,6
1989,482,emanuele-pirro,7
1989,483,emanuele-pirro,8
1989,484,emanuele-pirro,9
1990,487,emanuele-pirro,10
1990,488,emanuele-pirro,11
1990,489,emanuele-pirro,12
1990,490,emanuele-pirro,13
1990,491,emanuele-pirro,14
1990,492,emanuele-pirro,15
1990,493,emanuele-pirro,16
1990,494,emanuele-pirro,17
1990,495,emanuele-pirro,18
1990,496,emanuele-pirro,19
1990,497,emanuele-pirro,20
1990,498,emanuele-pirro,21
1990,499,emanuele-pirro,22
1990,500,emanuele-pirro,23
1991,501,emanuele-pirro,24
1991,502,emanuele-pirro,25
1991,504,emanuele-pirro,26
1991,505,emanuele-pirro,27
1991,508,emanuele-pirro,28
1991,509,emanuele-pirro,29
1991,510,emanuele-pirro,30
1991,511,emanuele-pirro,31
1991,512,emanuele-pirro,32
1991,513,emanuele-pirro,33
1991,514,emanuele-pirro,34
1991,515,emanuele-pirro,35
1991,516,emanuele-pirro,36
2001,664,enrique-bernoldi,0
2001,665,enrique-bernoldi,1
2001,666,enrique-bernoldi,2
2001,667,enrique-bernoldi,3
2001,668,enrique-bernoldi,4
2001,669,enrique-bernoldi,5
2001,670,enrique-bernoldi,6
2001,671,enrique-bernoldi,7
2001,672,enrique-bernoldi,8
2001,673,enrique-bernoldi,9
2001,674,enrique-bernoldi,10
2001,675,enrique-bernoldi,11
2001,676,enrique-bernoldi,12
2001,677,enrique-bernoldi,13
2001,678,enrique-bernoldi,14
2001,679,enrique-bernoldi,15
2001,680,enrique-bernoldi,16
2002,681,enrique-bernoldi,17
2002,682,enrique-bernoldi,18
2002,683,enrique-bernoldi,19
2002,684,enrique-bernoldi,20
2002,685,enrique-bernoldi,21
2002,686,enrique-bernoldi,22
2002,687,enrique-bernoldi,23
2002,688,enrique-bernoldi,24
2002,689,enrique-bernoldi,25
2002,690,enrique-bernoldi,26
2002,692,enrique-bernoldi,27
1989,475,eric-bernard,0
1989,476,eric-bernard,1
1990,485,eric-bernard,2
1990,486,eric-bernard,3
1990,487,eric-bernard,4
1990,488,eric-bernard,5
1990,489,eric-bernard,6
1990,490,eric-bernard,7
1990,491,eric-bernard,8
1990,492,eric-bernard,9
1990,493,eric-bernard,10
1990,494,eric-bernard,11
1990,495,eric-bernard,12
1990,496,eric-bernard,13
1990,497,eric-bernard,14
1990,498,eric-bernard,15
1990,499,eric-bernard,16
1990,500,eric-bernard,17
1991,501,eric-bernard,18
1991,502,eric-bernard,19
1991,503,eric-bernard,20
1991,504,eric-bernard,21
1991,505,eric-bernard,22
1991,506,eric-bernard,23
1991,507,eric-bernard,24
1991,508,eric-bernard,25
1991,509,eric-bernard,26
1991,510,eric-bernard,27
1991,511,eric-bernard,28
1991,512,eric-bernard,29
1991,514,eric-bernard,30
1994,549,eric-bernard,31
1994,550,eric-bernard,32
1994,551,eric-bernard,33
1994,552,eric-bernard,34
1994,553,eric-bernard,35
1994,554,eric-bernard,36
1994,555,eric-bernard,37
1994,556,eric-bernard,38
1994,557,eric-bernard,39
1994,558,eric-bernard,40
1994,559,eric-bernard,41
1994,560,eric-bernard,42
1994,561,eric-bernard,43
1994,562,eric-bernard,44
1991,503,eric-van-de-poele,0
1992,517,eric-van-de-poele,1
1992,527,eric-van-de-poele,2
1992,528,eric-van-de-poele,3
1992,529,eric-van-de-poele,4
1991,502,erik-comas,0
1991,503,erik-comas,1
1991,504,erik-comas,2
1991,505,erik-comas,3
1991,507,erik-comas,4
1991,509,erik-comas,5
1991,510,erik-comas,6
1991,511,erik-comas,7
1991,512,erik-comas,8
1991,513,erik-comas,9
1991,514,erik-comas,10
1991,515,erik-comas,11
1991,516,erik-comas,12
1992,517,erik-comas,13
1992,518,erik-comas,14
1992,519,erik-comas,15
1992,520,erik-comas,16
1992,521,erik-comas,17
1992,522,erik-comas,18
1992,523,erik-comas,19
1992,524,erik-comas,20
1992,525,erik-comas,21
1992,526,erik-comas,22
1992,527,erik-comas,23
1992,529,erik-comas,24
1992,530,erik-comas,25
1992,531,erik-comas,26
1992,532,erik-comas,27
1993,533,erik-comas,28
1993,534,erik-comas,29
1993,535,erik-comas,30
1993,536,erik-comas,31
1993,537,erik-comas,32
1993,538,erik-comas,33
1993,539,erik-comas,34
1993,540,erik-comas,35
1993,541,erik-comas,36
1993,542,erik-comas,37
1993,543,erik-comas,38
1993,544,erik-comas,39
1993,545,erik-comas,40
1993,546,erik-comas,41
1993,547,erik-comas,42
1993,548,erik-comas,43
1994,549,erik-comas,44
1994,550,erik-comas,45
1994,551,erik-comas,46
1994,552,erik-comas,47
1994,553,erik-comas,48
1994,554,erik-comas,49
1994,555,erik-comas,50
1994,556,erik-comas,51
1994,557,erik-comas,52
1994,558,erik-comas,53
1994,559,erik-comas,54
1994,560,erik-comas,55
1994,561,erik-comas,56
1994,562,erik-comas,57
1994,563,erik-comas,58
2013,879,esteban-gutierrez,0
2013,880,esteban-gutierrez,1
2013,881,esteban-gutierrez,2
2013,882,esteban-gutierrez,3
2013,883,esteban-gutierrez,4
2013,884,esteban-gutierrez,5
2013,885,esteban-gutierrez,6
2013,886,esteban-gutierrez,7
2013,887,esteban-gutierrez,8
2013,888,esteban-gutierrez,9
2013,889,esteban-gutierrez,10
2013,890,esteban-gutierrez,11
2013,891,esteban-gutierrez,12
2013,892,esteban-gutierrez,13
2013,893,esteban-gutierrez,14
2013,894,esteban-gutierrez,15
2013,895,esteban-gutierrez,16
2013,896,esteban-gutierrez,17
2013,897,esteban-gutierrez,18
2014,898,esteban-gutierrez,19
2014,899,esteban-gutierrez,20
2014,900,esteban-gutierrez,21
2014,901,esteban-gutierrez,22
2014,902,esteban-gutierrez,23
2014,903,esteban-gutierrez,24
2014,904,esteban-gutierrez,25
2014,905,esteban-gutierrez,26
2014,906,esteban-gutierrez,27
2014,907,esteban-gutierrez,28
2014,908,esteban-gutierrez,29
2014,909,esteban-gutierrez,30
2014,910,esteban-gutierrez,31
2014,911,esteban-gutierrez,32
2014,912,esteban-gutierrez,33
2014,913,esteban-gutierrez,34
2014,914,esteban-gutierrez,35
2014,915,esteban-gutierrez,36
2014,916,esteban-gutierrez,37
2016,936,esteban-gutierrez,38
2016,937,esteban-gutierrez,39
2016,938,esteban-gutierrez,40
2016,939,esteban-gutierrez,41
2016,940,esteban-gutierrez,42
2016,941,esteban-gutierrez,43
2016,942,esteban-gutierrez,44
2016,943,esteban-gutierrez,45
2016,944,esteban-gutierrez,46
2016,945,esteban-gutierrez,47
2016,946,esteban-gutierrez,48
2016,947,esteban-gutierrez,49
2016,948,esteban-gutierrez,50
2016,949,esteban-gutierrez,51
2016,950,esteban-gutierrez,52
2016,951,esteban-gutierrez,53
2016,952,esteban-gutierrez,54
2016,953,esteban-gutierrez,55
2016,954,esteban-gutierrez,56
2016,955,esteban-gutierrez,57
2016,956,esteban-gutierrez,58
2016,948,esteban-ocon,0
2016,949,esteban-ocon,1
2016,950,esteban-ocon,2
2016,951,esteban-ocon,3
2016,952,esteban-ocon,4
2016,953,esteban-ocon,5
2016,954,esteban-ocon,6
2016,955,esteban-ocon,7
2016,956,esteban-ocon,8
2017,957,esteban-ocon,9
2017,958,esteban-ocon,10
2017,959,esteban-ocon,11
2017,960,esteban-ocon,12
2017,961,esteban-ocon,13
2017,962,esteban-ocon,14
2017,963,esteban-ocon,15
2017,964,esteban-ocon,16
2017,965,esteban-ocon,17
2017,966,esteban-ocon,18
2017,967,esteban-ocon,19
2017,968,esteban-ocon,20
2017,969,esteban-ocon,21
2017,970,esteban-ocon,22
2017,971,esteban-ocon,23
2017,972,esteban-ocon,24
2017,973,esteban-ocon,25
2017,974,esteban-ocon,26
2017,975,esteban-ocon,27
2017,976,esteban-ocon,28
2018,977,esteban-ocon,29
2018,978,esteban-ocon,30
2018,979,esteban-ocon,31
2018,980,esteban-ocon,32
2018,981,esteban-ocon,33
2018,982,esteban-ocon,34
2018,983,esteban-ocon,35
2018,984,esteban-ocon,36
2018,985,esteban-ocon,37
2018,986,esteban-ocon,38
2018,987,esteban-ocon,39
2018,988,esteban-ocon,40
2018,989,esteban-ocon,41
2018,990,esteban-ocon,42
2018,991,esteban-ocon,43
2018,992,esteban-ocon,44
2018,993,esteban-ocon,45
2018,994,esteban-ocon,46
2018,995,esteban-ocon,47
2018,996,esteban-ocon,48
2018,997,esteban-ocon,49
2020,1019,esteban-ocon,50
2020,1020,esteban-ocon,51
2020,1021,esteban-ocon,52
2020,1022,esteban-ocon,53
2020,1023,esteban-ocon,54
2020,1024,esteban-ocon,55
2020,1025,esteban-ocon,56
2020,1026,esteban-ocon,57
2020,1027,esteban-ocon,58
2020,1028,esteban-ocon,59
2020,1029,esteban-ocon,60
2020,1030,esteban-ocon,61
2020,1031,esteban-ocon,62
2020,1032,esteban-ocon,63
2020,1033,esteban-ocon,64
2020,1034,esteban-ocon,65
2020,1035,esteban-ocon,66
2021,1036,esteban-ocon,67
2021,1037,esteban-ocon,68
2021,1038,esteban-ocon,69
2021,1039,esteban-ocon,70
2021,1040,esteban-ocon,71
2021,1041,esteban-ocon,72
2021,1042,esteban-ocon,73
2021,1043,esteban-ocon,74
2021,1044,esteban-ocon,75
2021,1045,esteban-ocon,76
2021,1046,esteban-ocon,77
2021,1047,esteban-ocon,78
2021,1048,esteban-ocon,79
2021,1049,esteban-ocon,80
2021,1050,esteban-ocon,81
2021,1051,esteban-ocon,82
2021,1052,esteban-ocon,83
2021,1053,esteban-ocon,84
2021,1054,esteban-ocon,85
2021,1055,esteban-ocon,86
2021,1056,esteban-ocon,87
2021,1057,esteban-ocon,88
2022,1058,esteban-ocon,89
2022,1059,esteban-ocon,90
2022,1060,esteban-ocon,91
2022,1061,esteban-ocon,92
2022,1062,esteban-ocon,93
2022,1063,esteban-ocon,94
2022,1064,esteban-ocon,95
2022,1065,esteban-ocon,96
2022,1066,esteban-ocon,97
2022,1067,esteban-ocon,98
2022,1068,esteban-ocon,99
2022,1069,esteban-ocon,100
2022,1070,esteban-ocon,101
2022,1071,esteban-ocon,102
2022,1072,esteban-ocon,103
2022,1073,esteban-ocon,104
2022,1074,esteban-ocon,105
2022,1075,esteban-ocon,106
2022,1076,esteban-ocon,107
2022,1077,esteban-ocon,108
2022,1078,esteban-ocon,109
2022,1079,esteban-ocon,110
2023,1080,esteban-ocon,111
2023,1081,esteban-ocon,112
2023,1082,esteban-ocon,113
2023,1083,esteban-ocon,114
2023,1084,esteban-ocon,115
2023,1085,esteban-ocon,116
2023,1086,esteban-ocon,117
2023,1087,esteban-ocon,118
2023,1088,esteban-ocon,119
2023,1089,esteban-ocon,120
2023,1090,esteban-ocon,121
2023,1091,esteban-ocon,122
2023,1092,esteban-ocon,123
2023,1093,esteban-ocon,124
2023,1094,esteban-ocon,125
2023,1095,esteban-ocon,126
2023,1096,esteban-ocon,127
2023,1097,esteban-ocon,128
2023,1098,esteban-ocon,129
2023,1099,esteban-ocon,130
2023,1100,esteban-ocon,131
2023,1101,esteban-ocon,132
2024,1102,esteban-ocon,133
2024,1103,esteban-ocon,134
2024,1104,esteban-ocon,135
2024,1105,esteban-ocon,136
2024,1106,esteban-ocon,137
2024,1107,esteban-ocon,138
2024,1108,esteban-ocon,139
2024,1109,esteban-ocon,140
2024,1110,esteban-ocon,141
2024,1111,esteban-ocon,142
2024,1112,esteban-ocon,143
2024,1113,esteban-ocon,144
2024,1114,esteban-ocon,145
2024,1115,esteban-ocon,146
2024,1116,esteban-ocon,147
2024,1117,esteban-ocon,148
2024,1118,esteban-ocon,149
2024,1119,esteban-ocon,150
2024,1120,esteban-ocon,151
2024,1121,esteban-ocon,152
2024,1122,esteban-ocon,153
2024,1123,esteban-ocon,154
2024,1124,esteban-ocon,155
1998,615,esteban-tuero,0
1998,616,esteban-tuero,1
1998,617,esteban-tuero,2
1998,618,esteban-tuero,3
1998,619,esteban-tuero,4
1998,620,esteban-tuero,5
1998,621,esteban-tuero,6
1998,622,esteban-tuero,7
1998,623,esteban-tuero,8
1998,624,esteban-tuero,9
1998,625,esteban-tuero,10
1998,626,esteban-tuero,11
1998,627,esteban-tuero,12
1998,628,esteban-tuero,13
1998,629,esteban-tuero,14
1998,630,esteban-tuero,15
1993,533,fabrizio-barbazza,0
1993,534,fabrizio-barbazza,1
1993,535,fabrizio-barbazza,2
1993,536,fabrizio-barbazza,3
1993,537,fabrizio-barbazza,4
1993,538,fabrizio-barbazza,5
1993,539,fabrizio-barbazza,6
1993,540,fabrizio-barbazza,7
2002,681,felipe-massa,0
2002,682,felipe-massa,1
2002,683,felipe-massa,2
2002,684,felipe-massa,3
2002,685,felipe-massa,4
2002,686,felipe-massa,5
2002,687,felipe-massa,6
2002,688,felipe-massa,7
2002,689,felipe-massa,8
2002,690,felipe-massa,9
2002,691,felipe-massa,10
2002,692,felipe-massa,11
2002,693,felipe-massa,12
2002,694,felipe-massa,13
2002,695,felipe-massa,14
2002,697,felipe-massa,15
2004,714,felipe-massa,16
2004,715,felipe-massa,17
2004,716,felipe-massa,18
2004,717,felipe-massa,19
2004,718,felipe-massa,20
2004,719,felipe-massa,21
2004,720,felipe-massa,22
2004,721,felipe-massa,23
2004,722,felipe-massa,24
2004,723,felipe-massa,25
2004,724,felipe-massa,26
2004,725,felipe-massa,27
2004,726,felipe-massa,28
2004,727,felipe-massa,29
2004,728,felipe-massa,30
2004,729,felipe-massa,31
2004,730,felipe-massa,32
2004,731,felipe-massa,33
2005,732,felipe-massa,34
2005,733,felipe-massa,35
2005,734,felipe-massa,36
2005,735,felipe-massa,37
2005,736,felipe-massa,38
2005,737,felipe-massa,39
2005,738,felipe-massa,40
2005,739,felipe-massa,41
2005,741,felipe-massa,42
2005,742,felipe-massa,43
2005,743,felipe-massa,44
2005,744,felipe-massa,45
2005,745,felipe-massa,46
2005,746,felipe-massa,47
2005,747,felipe-massa,48
2005,748,felipe-massa,49
2005,749,felipe-massa,50
2005,750,felipe-massa,51
2006,751,felipe-massa,52
2006,752,felipe-massa,53
2006,753,felipe-massa,54
2006,754,felipe-massa,55
2006,755,felipe-massa,56
2006,756,felipe-massa,57
2006,757,felipe-massa,58
2006,758,felipe-massa,59
2006,759,felipe-massa,60
2006,760,felipe-massa,61
2006,761,felipe-massa,62
2006,762,felipe-massa,63
2006,763,felipe-massa,64
2006,764,felipe-massa,65
2006,765,felipe-massa,66
2006,766,felipe-massa,67
2006,767,felipe-massa,68
2006,768,felipe-massa,69
2007,769,felipe-massa,70
2007,770,felipe-massa,71
2007,771,felipe-massa,72
2007,772,felipe-massa,73
2007,773,felipe-massa,74
2007,774,felipe-massa,75
2007,775,felipe-massa,76
2007,776,felipe-massa,77
2007,777,felipe-massa,78
2007,778,felipe-massa,79
2007,779,felipe-massa,80
2007,780,felipe-massa,81
2007,781,felipe-massa,82
2007,782,felipe-massa,83
2007,783,felipe-massa,84
2007,784,felipe-massa,85
2007,785,felipe-massa,86
2008,786,felipe-massa,87
2008,787,felipe-massa,88
2008,788,felipe-massa,89
2008,789,felipe-massa,90
2008,790,felipe-massa,91
2008,791,felipe-massa,92
2008,792,felipe-massa,93
2008,793,felipe-massa,94
2008,794,felipe-massa,95
2008,795,felipe-massa,96
2008,796,felipe-massa,97
2008,797,felipe-massa,98
2008,798,felipe-massa,99
2008,799,felipe-massa,100
2008,800,felipe-massa,101
2008,801,felipe-massa,102
2008,802,felipe-massa,103
2008,803,felipe-massa,104
2009,804,felipe-massa,105
2009,805,felipe-massa,106
2009,806,felipe-massa,107
2009,807,felipe-massa,108
2009,808,felipe-massa,109
2009,809,felipe-massa,110
2009,810,felipe-massa,111
2009,811,felipe-massa,112
2009,812,felipe-massa,113
2010,821,felipe-massa,114
2010,822,felipe-massa,115
2010,823,felipe-massa,116
2010,824,felipe-massa,117
2010,825,felipe-massa,118
2010,826,felipe-massa,119
2010,827,felipe-massa,120
2010,828,felipe-massa,121
2010,829,felipe-massa,122
2010,830,felipe-massa,123
2010,831,felipe-massa,124
2010,832,felipe-massa,125
2010,833,felipe-massa,126
2010,834,felipe-massa,127
2010,835,felipe-massa,128
2010,836,felipe-massa,129
2010,837,felipe-massa,130
2010,838,felipe-massa,131
2010,839,felipe-massa,132
2011,840,felipe-massa,133
2011,841,felipe-massa,134
2011,842,felipe-massa,135
2011,843,felipe-massa,136
2011,844,felipe-massa,137
2011,845,felipe-massa,138
2011,846,felipe-massa,139
2011,847,felipe-massa,140
2011,848,felipe-massa,141
2011,849,felipe-massa,142
2011,850,felipe-massa,143
2011,851,felipe-massa,144
2011,852,felipe-massa,145
2011,853,felipe-massa,146
2011,854,felipe-massa,147
2011,855,felipe-massa,148
2011,856,felipe-massa,149
2011,857,felipe-massa,150
2011,858,felipe-massa,151
2012,859,felipe-massa,152
2012,860,felipe-massa,153
2012,861,felipe-massa,154
2012,862,felipe-massa,155
2012,863,felipe-massa,156
2012,864,felipe-massa,157
2012,865,felipe-massa,158
2012,866,felipe-massa,159
2012,867,felipe-massa,160
2012,868,felipe-massa,161
2012,869,felipe-massa,162
2012,870,felipe-massa,163
2012,871,felipe-massa,164
2012,872,felipe-massa,165
2012,873,felipe-massa,166
2012,874,felipe-massa,167
2012,875,felipe-massa,168
2012,876,felipe-massa,169
2012,877,felipe-massa,170
2012,878,felipe-massa,171
2013,879,felipe-massa,172
2013,880,felipe-massa,173
2013,881,felipe-massa,174
2013,882,felipe-massa,175
2013,883,felipe-massa,176
2013,884,felipe-massa,177
2013,885,felipe-massa,178
2013,886,felipe-massa,179
2013,887,felipe-massa,180
2013,888,felipe-massa,181
2013,889,felipe-massa,182
2013,890,felipe-massa,183
2013,891,felipe-massa,184
2013,892,felipe-massa,185
2013,893,felipe-massa,186
2013,894,felipe-massa,187
2013,895,felipe-massa,188
2013,896,felipe-massa,189
2013,897,felipe-massa,190
2014,898,felipe-massa,191
2014,899,felipe-massa,192
2014,900,felipe-massa,193
2014,901,felipe-massa,194
2014,902,felipe-massa,195
2014,903,felipe-massa,196
2014,904,felipe-massa,197
2014,905,felipe-massa,198
2014,906,felipe-massa,199
2014,907,felipe-massa,200
2014,908,felipe-massa,201
2014,909,felipe-massa,202
2014,910,felipe-massa,203
2014,911,felipe-massa,204
2014,912,felipe-massa,205
2014,913,felipe-massa,206
2014,914,felipe-massa,207
2014,915,felipe-massa,208
2014,916,felipe-massa,209
2015,917,felipe-massa,210
2015,918,felipe-massa,211
2015,919,felipe-massa,212
2015,920,felipe-massa,213
2015,921,felipe-massa,214
2015,922,felipe-massa,215
2015,923,felipe-massa,216
2015,924,felipe-massa,217
2015,925,felipe-massa,218
2015,926,felipe-massa,219
2015,927,felipe-massa,220
2015,928,felipe-massa,221
2015,929,felipe-massa,222
2015,930,felipe-massa,223
2015,931,felipe-massa,224
2015,932,felipe-massa,225
2015,933,felipe-massa,226
2015,934,felipe-massa,227
2015,935,felipe-massa,228
2016,936,felipe-massa,229
2016,937,felipe-massa,230
2016,938,felipe-massa,231
2016,939,felipe-massa,232
2016,940,felipe-massa,233
2016,941,felipe-massa,234
2016,942,felipe-massa,235
2016,943,felipe-massa,236
2016,944,felipe-massa,237
2016,945,felipe-massa,238
2016,946,felipe-massa,239
2016,947,felipe-massa,240
2016,948,felipe-massa,241
2016,949,felipe-massa,242
2016,950,felipe-massa,243
2016,951,felipe-massa,244
2016,952,felipe-massa,245
2016,953,felipe-massa,246
2016,954,felipe-massa,247
2016,955,felipe-massa,248
2016,956,felipe-massa,249
2017,957,felipe-massa,250
2017,958,felipe-massa,251
2017,959,felipe-massa,252
2017,960,felipe-massa,253
2017,961,felipe-massa,254
2017,962,felipe-massa,255
2017,963,felipe-massa,256
2017,964,felipe-massa,257
2017,965,felipe-massa,258
2017,966,felipe-massa,259
2017,968,felipe-massa,260
2017,969,felipe-massa,261
2017,970,felipe-massa,262
2017,971,felipe-massa,263
2017,972,felipe-massa,264
2017,973,felipe-massa,265
2017,974,felipe-massa,266
2017,975,felipe-massa,267
2017,976,felipe-massa,268
2015,917,felipe-nasr,0
2015,918,felipe-nasr,1
2015,919,felipe-nasr,2
2015,920,felipe-nasr,3
2015,921,felipe-nasr,4
2015,922,felipe-nasr,5
2015,923,felipe-nasr,6
2015,924,felipe-nasr,7
2015,926,felipe-nasr,8
2015,927,felipe-nasr,9
2015,928,felipe-nasr,10
2015,929,felipe-nasr,11
2015,930,felipe-nasr,12
2015,931,felipe-nasr,13
2015,932,felipe-nasr,14
2015,933,felipe-nasr,15
2015,934,felipe-nasr,16
2015,935,felipe-nasr,17
2016,936,felipe-nasr,18
2016,937,felipe-nasr,19
2016,938,felipe-nasr,20
2016,939,felipe-nasr,21
2016,940,felipe-nasr,22
2016,941,felipe-nasr,23
2016,942,felipe-nasr,24
2016,943,felipe-nasr,25
2016,944,felipe-nasr,26
2016,945,felipe-nasr,27
2016,946,felipe-nasr,28
2016,947,felipe-nasr,29
2016,948,felipe-nasr,30
2016,949,felipe-nasr,31
2016,950,felipe-nasr,32
2016,951,felipe-nasr,33
2016,952,felipe-nasr,34
2016,953,felipe-nasr,35
2016,954,felipe-nasr,36
2016,955,felipe-nasr,37
2016,956,felipe-nasr,38
2001,664,fernando-alonso,0
2001,665,fernando-alonso,1
2001,666,fernando-alonso,2
2001,667,fernando-alonso,3
2001,668,fernando-alonso,4
2001,669,fernando-alonso,5
2001,670,fernando-alonso,6
2001,671,fernando-alonso,7
2001,672,fernando-alonso,8
2001,673,fernando-alonso,9
2001,674,fernando-alonso,10
2001,675,fernando-alonso,11
2001,676,fernando-alonso,12
2001,677,fernando-alonso,13
2001,678,fernando-alonso,14
2001,679,fernando-alonso,15
2001,680,fernando-alonso,16
2003,698,fernando-alonso,17
2003,699,fernando-alonso,18
2003,700,fernando-alonso,19
2003,701,fernando-alonso,20
2003,702,fernando-alonso,21
2003,703,fernando-alonso,22
2003,704,fernando-alonso,23
2003,705,fernando-alonso,24
2003,706,fernando-alonso,25
2003,707,fernando-alonso,26
2003,708,fernando-alonso,27
2003,709,fernando-alonso,28
2003,710,fernando-alonso,29
2003,711,fernando-alonso,30
2003,712,fernando-alonso,31
2003,713,fernando-alonso,32
2004,714,fernando-alonso,33
2004,715,fernando-alonso,34
2004,716,fernando-alonso,35
2004,717,fernando-alonso,36
2004,718,fernando-alonso,37
2004,719,fernando-alonso,38
2004,720,fernando-alonso,39
2004,721,fernando-alonso,40
2004,722,fernando-alonso,41
2004,723,fernando-alonso,42
2004,724,fernando-alonso,43
2004,725,fernando-alonso,44
2004,726,fernando-alonso,45
2004,727,fernando-alonso,46
2004,728,fernando-alonso,47
2004,729,fernando-alonso,48
2004,730,fernando-alonso,49
2004,731,fernando-alonso,50
2005,732,fernando-alonso,51
2005,733,fernando-alonso,52
2005,734,fernando-alonso,53
2005,735,fernando-alonso,54
2005,736,fernando-alonso,55
2005,737,fernando-alonso,56
2005,738,fernando-alonso,57
2005,739,fernando-alonso,58
2005,741,fernando-alonso,59
2005,742,fernando-alonso,60
2005,743,fernando-alonso,61
2005,744,fernando-alonso,62
2005,745,fernando-alonso,63
2005,746,fernando-alonso,64
2005,747,fernando-alonso,65
2005,748,fernando-alonso,66
2005,749,fernando-alonso,67
2005,750,fernando-alonso,68
2006,751,fernando-alonso,69
2006,752,fernando-alonso,70
2006,753,fernando-alonso,71
2006,754,fernando-alonso,72
2006,755,fernando-alonso,73
2006,756,fernando-alonso,74
2006,757,fernando-alonso,75
2006,758,fernando-alonso,76
2006,759,fernando-alonso,77
2006,760,fernando-alonso,78
2006,761,fernando-alonso,79
2006,762,fernando-alonso,80
2006,763,fernando-alonso,81
2006,764,fernando-alonso,82
2006,765,fernando-alonso,83
2006,766,fernando-alonso,84
2006,767,fernando-alonso,85
2006,768,fernando-alonso,86
2007,769,fernando-alonso,87
2007,770,fernando-alonso,88
2007,771,fernando-alonso,89
2007,772,fernando-alonso,90
2007,773,fernando-alonso,91
2007,774,fernando-alonso,92
2007,775,fernando-alonso,93
2007,776,fernando-alonso,94
2007,777,fernando-alonso,95
2007,778,fernando-alonso,96
2007,779,fernando-alonso,97
2007,780,fernando-alonso,98
2007,781,fernando-alonso,99
2007,782,fernando-alonso,100
2007,783,fernando-alonso,101
2007,784,fernando-alonso,102
2007,785,fernando-alonso,103
2008,786,fernando-alonso,104
2008,787,fernando-alonso,105
2008,788,fernando-alonso,106
2008,789,fernando-alonso,107
2008,790,fernando-alonso,108
2008,791,fernando-alonso,109
2008,792,fernando-alonso,110
2008,793,fernando-alonso,111
2008,794,fernando-alonso,112
2008,795,fernando-alonso,113
2008,796,fernando-alonso,114
2008,797,fernando-alonso,115
2008,798,fernando-alonso,116
2008,799,fernando-alonso,117
2008,800,fernando-alonso,118
2008,801,fernando-alonso,119
2008,802,fernando-alonso,120
2008,803,fernando-alonso,121
2009,804,fernando-alonso,122
2009,805,fernando-alonso,123
2009,806,fernando-alonso,124
2009,807,fernando-alonso,125
2009,808,fernando-alonso,126
2009,809,fernando-alonso,127
2009,810,fernando-alonso,128
2009,811,fernando-alonso,129
2009,812,fernando-alonso,130
2009,813,fernando-alonso,131
2009,814,fernando-alonso,132
2009,815,fernando-alonso,133
2009,816,fernando-alonso,134
2009,817,fernando-alonso,135
2009,818,fernando-alonso,136
2009,819,fernando-alonso,137
2009,820,fernando-alonso,138
2010,821,fernando-alonso,139
2010,822,fernando-alonso,140
2010,823,fernando-alonso,141
2010,824,fernando-alonso,142
2010,825,fernando-alonso,143
2010,826,fernando-alonso,144
2010,827,fernando-alonso,145
2010,828,fernando-alonso,146
2010,829,fernando-alonso,147
2010,830,fernando-alonso,148
2010,831,fernando-alonso,149
2010,832,fernando-alonso,150
2010,833,fernando-alonso,151
2010,834,fernando-alonso,152
2010,835,fernando-alonso,153
2010,836,fernando-alonso,154
2010,837,fernando-alonso,155
2010,838,fernando-alonso,156
2010,839,fernando-alonso,157
2011,840,fernando-alonso,158
2011,841,fernando-alonso,159
2011,842,fernando-alonso,160
2011,843,fernando-alonso,161
2011,844,fernando-alonso,162
2011,845,fernando-alonso,163
2011,846,fernando-alonso,164
2011,847,fernando-alonso,165
2011,848,fernando-alonso,166
2011,849,fernando-alonso,167
2011,850,fernando-alonso,168
2011,851,fernando-alonso,169
2011,852,fernando-alonso,170
2011,853,fernando-alonso,171
2011,854,fernando-alonso,172
2011,855,fernando-alonso,173
2011,856,fernando-alonso,174
2011,857,fernando-alonso,175
2011,858,fernando-alonso,176
2012,859,fernando-alonso,177
2012,860,fernando-alonso,178
2012,861,fernando-alonso,179
2012,862,fernando-alonso,180
2012,863,fernando-alonso,181
2012,864,fernando-alonso,182
2012,865,fernando-alonso,183
2012,866,fernando-alonso,184
2012,867,fernando-alonso,185
2012,868,fernando-alonso,186
2012,869,fernando-alonso,187
2012,870,fernando-alonso,188
2012,871,fernando-alonso,189
2012,872,fernando-alonso,190
2012,873,fernando-alonso,191
2012,874,fernando-alonso,192
2012,875,fernando-alonso,193
2012,876,fernando-alonso,194
2012,877,fernando-alonso,195
2012,878,fernando-alonso,196
2013,879,fernando-alonso,197
2013,880,fernando-alonso,198
2013,881,fernando-alonso,199
2013,882,fernando-alonso,200
2013,883,fernando-alonso,201
2013,884,fernando-alonso,202
2013,885,fernando-alonso,203
2013,886,fernando-alonso,204
2013,887,fernando-alonso,205
2013,888,fernando-alonso,206
2013,889,fernando-alonso,207
2013,890,fernando-alonso,208
2013,891,fernando-alonso,209
2013,892,fernando-alonso,210
2013,893,fernando-alonso,211
2013,894,fernando-alonso,212
2013,895,fernando-alonso,213
2013,896,fernando-alonso,214
2013,897,fernando-alonso,215
2014,898,fernando-alonso,216
2014,899,fernando-alonso,217
2014,900,fernando-alonso,218
2014,901,fernando-alonso,219
2014,902,fernando-alonso,220
2014,903,fernando-alonso,221
2014,904,fernando-alonso,222
2014,905,fernando-alonso,223
2014,906,fernando-alonso,224
2014,907,fernando-alonso,225
2014,908,fernando-alonso,226
2014,909,fernando-alonso,227
2014,910,fernando-alonso,228
2014,911,fernando-alonso,229
2014,912,fernando-alonso,230
2014,913,fernando-alonso,231
2014,914,fernando-alonso,232
2014,915,fernando-alonso,233
2014,916,fernando-alonso,234
2015,918,fernando-alonso,235
2015,919,fernando-alonso,236
2015,920,fernando-alonso,237
2015,921,fernando-alonso,238
2015,922,fernando-alonso,239
2015,923,fernando-alonso,240
2015,924,fernando-alonso,241
2015,925,fernando-alonso,242
2015,926,fernando-alonso,243
2015,927,fernando-alonso,244
2015,928,fernando-alonso,245
2015,929,fernando-alonso,246
2015,930,fernando-alonso,247
2015,931,fernando-alonso,248
2015,932,fernando-alonso,249
2015,933,fernando-alonso,250
2015,934,fernando-alonso,251
2015,935,fernando-alonso,252
2016,936,fernando-alonso,253
2016,938,fernando-alonso,254
2016,939,fernando-alonso,255
2016,940,fernando-alonso,256
2016,941,fernando-alonso,257
2016,942,fernando-alonso,258
2016,943,fernando-alonso,259
2016,944,fernando-alonso,260
2016,945,fernando-alonso,261
2016,946,fernando-alonso,262
2016,947,fernando-alonso,263
2016,948,fernando-alonso,264
2016,949,fernando-alonso,265
2016,950,fernando-alonso,266
2016,951,fernando-alonso,267
2016,952,fernando-alonso,268
2016,953,fernando-alonso,269
2016,954,fernando-alonso,270
2016,955,fernando-alonso,271
2016,956,fernando-alonso,272
2017,957,fernando-alonso,273
2017,958,fernando-alonso,274
2017,959,fernando-alonso,275
2017,961,fernando-alonso,276
2017,963,fernando-alonso,277
2017,964,fernando-alonso,278
2017,965,fernando-alonso,279
2017,966,fernando-alonso,280
2017,967,fernando-alonso,281
2017,968,fernando-alonso,282
2017,969,fernando-alonso,283
2017,970,fernando-alonso,284
2017,971,fernando-alonso,285
2017,972,fernando-alonso,286
2017,973,fernando-alonso,287
2017,974,fernando-alonso,288
2017,975,fernando-alonso,289
2017,976,fernando-alonso,290
2018,977,fernando-alonso,291
2018,978,fernando-alonso,292
2018,979,fernando-alonso,293
2018,980,fernando-alonso,294
2018,981,fernando-alonso,295
2018,982,fernando-alonso,296
2018,983,fernando-alonso,297
2018,984,fernando-alonso,298
2018,985,fernando-alonso,299
2018,986,fernando-alonso,300
2018,987,fernando-alonso,301
2018,988,fernando-alonso,302
2018,989,fernando-alonso,303
2018,990,fernando-alonso,304
2018,991,fernando-alonso,305
2018,992,fernando-alonso,306
2018,993,fernando-alonso,307
2018,994,fernando-alonso,308
2018,995,fernando-alonso,309
2018,996,fernando-alonso,310
2018,997,fernando-alonso,311
2021,1036,fernando-alonso,312
2021,1037,fernando-alonso,313
2021,1038,fernando-alonso,314
2021,1039,fernando-alonso,315
2021,1040,fernando-alonso,316
2021,1041,fernando-alonso,317
2021,1042,fernando-alonso,318
2021,1043,fernando-alonso,319
2021,1044,fernando-alonso,320
2021,1045,fernando-alonso,321
2021,1046,fernando-alonso,322
2021,1047,fernando-alonso,323
2021,1048,fernando-alonso,324
2021,1049,fernando-alonso,325
2021,1050,fernando-alonso,326
2021,1051,fernando-alonso,327
2021,1052,fernando-alonso,328
2021,1053,fernando-alonso,329
2021,1054,fernando-alonso,330
2021,1055,fernando-alonso,331
2021,1056,fernando-alonso,332
2021,1057,fernando-alonso,333
2022,1058,fernando-alonso,334
2022,1059,fernando-alonso,335
2022,1060,fernando-alonso,336
2022,1061,fernando-alonso,337
2022,1062,fernando-alonso,338
2022,1063,fernando-alonso,339
2022,1064,fernando-alonso,340
2022,1065,fernando-alonso,341
2022,1066,fernando-alonso,342
2022,1067,fernando-alonso,343
2022,1068,fernando-alonso,344
2022,1069,fernando-alonso,345
2022,1070,fernando-alonso,346
2022,1071,fernando-alonso,347
2022,1072,fernando-alonso,348
2022,1073,fernando-alonso,349
2022,1074,fernando-alonso,350
2022,1075,fernando-alonso,351
2022,1076,fernando-alonso,352
2022,1077,fernando-alonso,353
2022,1078,fernando-alonso,354
2022,1079,fernando-alonso,355
2023,1080,fernando-alonso,356
2023,1081,fernando-alonso,357
2023,1082,fernando-alonso,358
2023,1083,fernando-alonso,359
2023,1084,fernando-alonso,360
2023,1085,fernando-alonso,361
2023,1086,fernando-alonso,362
2023,1087,fernando-alonso,363
2023,1088,fernando-alonso,364
2023,1089,fernando-alonso,365
2023,1090,fernando-alonso,366
2023,1091,fernando-alonso,367
2023,1092,fernando-alonso,368
2023,1093,fernando-alonso,369
2023,1094,fernando-alonso,370
2023,1095,fernando-alonso,371
2023,1096,fernando-alonso,372
2023,1097,fernando-alonso,373
2023,1098,fernando-alonso,374
2023,1099,fernando-alonso,375
2023,1100,fernando-alonso,376
2023,1101,fernando-alonso,377
2024,1102,fernando-alonso,378
2024,1103,fernando-alonso,379
2024,1104,fernando-alonso,380
2024,1105,fernando-alonso,381
2024,1106,fernando-alonso,382
2024,1107,fernando-alonso,383
2024,1108,fernando-alonso,384
2024,1109,fernando-alonso,385
2024,1110,fernando-alonso,386
2024,1111,fernando-alonso,387
2024,1112,fernando-alonso,388
2024,1113,fernando-alonso,389
2024,1114,fernando-alonso,390
2024,1115,fernando-alonso,391
2024,1116,fernando-alonso,392
2024,1117,fernando-alonso,393
2024,1118,fernando-alonso,394
2024,1119,fernando-alonso,395
2024,1120,fernando-alonso,396
2024,1121,fernando-alonso,397
2024,1122,fernando-alonso,398
2024,1123,fernando-alonso,399
2024,1124,fernando-alonso,400
2024,1125,fernando-alonso,401
1994,563,franck-lagorce,0
1994,564,franck-lagorce,1
2006,755,franck-montagny,0
2006,756,franck-montagny,1
2006,757,franck-montagny,2
2006,758,franck-montagny,3
2006,759,franck-montagny,4
2006,760,franck-montagny,5
2006,761,franck-montagny,6
2024,1117,franco-colapinto,0
2024,1118,franco-colapinto,1
2024,1119,franco-colapinto,2
2024,1120,franco-colapinto,3
2024,1121,franco-colapinto,4
2024,1122,franco-colapinto,5
2024,1123,franco-colapinto,6
2024,1124,franco-colapinto,7
2024,1125,franco-colapinto,8
1987,447,franco-forini,0
1987,448,franco-forini,1
1987,438,gabriele-tarquini,0
1988,453,gabriele-tarquini,1
1988,454,gabriele-tarquini,2
1988,455,gabriele-tarquini,3
1988,456,gabriele-tarquini,4
1988,457,gabriele-tarquini,5
1988,462,gabriele-tarquini,6
1988,463,gabriele-tarquini,7
1988,465,gabriele-tarquini,8
1989,470,gabriele-tarquini,9
1989,471,gabriele-tarquini,10
1989,472,gabriele-tarquini,11
1989,473,gabriele-tarquini,12
1989,474,gabriele-tarquini,13
1989,475,gabriele-tarquini,14
1990,492,gabriele-tarquini,15
1990,494,gabriele-tarquini,16
1990,498,gabriele-tarquini,17
1990,500,gabriele-tarquini,18
1991,501,gabriele-tarquini,19
1991,502,gabriele-tarquini,20
1991,504,gabriele-tarquini,21
1991,514,gabriele-tarquini,22
1991,515,gabriele-tarquini,23
1992,517,gabriele-tarquini,24
1992,518,gabriele-tarquini,25
1992,519,gabriele-tarquini,26
1992,520,gabriele-tarquini,27
1992,521,gabriele-tarquini,28
1992,522,gabriele-tarquini,29
1992,523,gabriele-tarquini,30
1992,524,gabriele-tarquini,31
1992,525,gabriele-tarquini,32
1992,526,gabriele-tarquini,33
1992,527,gabriele-tarquini,34
1992,528,gabriele-tarquini,35
1992,529,gabriele-tarquini,36
1995,578,gabriele-tarquini,37
2000,647,gaston-mazzacane,0
2000,648,gaston-mazzacane,1
2000,649,gaston-mazzacane,2
2000,650,gaston-mazzacane,3
2000,651,gaston-mazzacane,4
2000,652,gaston-mazzacane,5
2000,653,gaston-mazzacane,6
2000,654,gaston-mazzacane,7
2000,655,gaston-mazzacane,8
2000,656,gaston-mazzacane,9
2000,657,gaston-mazzacane,10
2000,658,gaston-mazzacane,11
2000,659,gaston-mazzacane,12
2000,660,gaston-mazzacane,13
2000,661,gaston-mazzacane,14
2000,662,gaston-mazzacane,15
2000,663,gaston-mazzacane,16
2001,664,gaston-mazzacane,17
2001,665,gaston-mazzacane,18
2001,666,gaston-mazzacane,19
2001,667,gaston-mazzacane,20
2019,998,george-russell,0
2019,999,george-russell,1
2019,1000,george-russell,2
2019,1001,george-russell,3
2019,1002,george-russell,4
2019,1003,george-russell,5
2019,1004,george-russell,6
2019,1005,george-russell,7
2019,1006,george-russell,8
2019,1007,george-russell,9
2019,1008,george-russell,10
2019,1009,george-russell,11
2019,1010,george-russell,12
2019,1011,george-russell,13
2019,1012,george-russell,14
2019,1013,george-russell,15
2019,1014,george-russell,16
2019,1015,george-russell,17
2019,1016,george-russell,18
2019,1017,george-russell,19
2019,1018,george-russell,20
2020,1019,george-russell,21
2020,1020,george-russell,22
2020,1021,george-russell,23
2020,1022,george-russell,24
2020,1023,george-russell,25
2020,1024,george-russell,26
2020,1025,george-russell,27
2020,1026,george-russell,28
2020,1027,george-russell,29
2020,1028,george-russell,30
2020,1029,george-russell,31
2020,1030,george-russell,32
2020,1031,george-russell,33
2020,1032,george-russell,34
2020,1033,george-russell,35
2020,1034,george-russell,36
2020,1035,george-russell,37
2021,1036,george-russell,38
2021,1037,george-russell,39
2021,1038,george-russell,40
2021,1039,george-russell,41
2021,1040,george-russell,42
2021,1041,george-russell,43
2021,1042,george-russell,44
2021,1043,george-russell,45
2021,1044,george-russell,46
2021,1045,george-russell,47
2021,1046,george-russell,48
2021,1047,george-russell,49
2021,1048,george-russell,50
2021,1049,george-russell,51
2021,1050,george-russell,52
2021,1051,george-russell,53
2021,1052,george-russell,54
2021,1053,george-russell,55
2021,1054,george-russell,56
2021,1055,george-russell,57
2021,1056,george-russell,58
2021,1057,george-russell,59
2022,1058,george-russell,60
2022,1059,george-russell,61
2022,1060,george-russell,62
2022,1061,george-russell,63
2022,1062,george-russell,64
2022,1063,george-russell,65
2022,1064,george-russell,66
2022,1065,george-russell,67
2022,1066,george-russell,68
2022,1067,george-russell,69
2022,1068,george-russell,70
2022,1069,george-russell,71
2022,1070,george-russell,72
2022,1071,george-russell,73
2022,1072,george-russell,74
2022,1073,george-russell,75
2022,1074,george-russell,76
2022,1075,george-russell,77
2022,1076,george-russell,78
2022,1077,george-russell,79
2022,1078,george-russell,80
2022,1079,george-russell,81
2023,1080,george-russell,82
2023,1081,george-russell,83
2023,1082,george-russell,84
2023,1083,george-russell,85
2023,1084,george-russell,86
2023,1085,george-russell,87
2023,1086,george-russell,88
2023,1087,george-russell,89
2023,1088,george-russell,90
2023,1089,george-russell,91
2023,1090,george-russell,92
2023,1091,george-russell,93
2023,1092,george-russell,94
2023,1093,george-russell,95
2023,1094,george-russell,96
2023,1095,george-russell,97
2023,1096,george-russell,98
2023,1097,george-russell,99
2023,1098,george-russell,100
2023,1099,george-russell,101
2023,1100,george-russell,102
2023,1101,george-russell,103
2024,1102,george-russell,104
2024,1103,george-russell,105
2024,1104,george-russell,106
2024,1105,george-russell,107
2024,1106,george-russell,108
2024,1107,george-russell,109
2024,1108,george-russell,110
2024,1109,george-russell,111
2024,1110,george-russell,112
2024,1111,george-russell,113
2024,1112,george-russell,114
2024,1113,george-russell,115
2024,1114,george-russell,116
2024,1115,george-russell,117
2024,1116,george-russell,118
2024,1117,george-russell,119
2024,1118,george-russell,120
2024,1119,george-russell,121
2024,1120,george-russell,122
2024,1121,george-russell,123
2024,1122,george-russell,124
2024,1123,george-russell,125
2024,1124,george-russell,126
2024,1125,george-russell,127
1986,421,gerhard-berger,0
1986,422,gerhard-berger,1
1986,423,gerhard-berger,2
1986,424,gerhard-berger,3
1986,425,gerhard-berger,4
1986,426,gerhard-berger,5
1986,427,gerhard-berger,6
1986,428,gerhard-berger,7
1986,429,gerhard-berger,8
1986,430,gerhard-berger,9
1986,431,gerhard-berger,10
1986,432,gerhard-berger,11
1986,433,gerhard-berger,12
1986,434,gerhard-berger,13
1986,435,gerhard-berger,14
1986,436,gerhard-berger,15
1987,437,gerhard-berger,16
1987,438,gerhard-berger,17
1987,439,gerhard-berger,18
1987,440,gerhard-berger,19
1987,441,gerhard-berger,20
1987,442,gerhard-berger,21
1987,443,gerhard-berger,22
1987,444,gerhard-berger,23
1987,445,gerhard-berger,24
1987,446,gerhard-berger,25
1987,447,gerhard-berger,26
1987,448,gerhard-berger,27
1987,449,gerhard-berger,28
1987,450,gerhard-berger,29
1987,451,gerhard-berger,30
1987,452,gerhard-berger,31
1988,453,gerhard-berger,32
1988,454,gerhard-berger,33
1988,455,gerhard-berger,34
1988,456,gerhard-berger,35
1988,457,gerhard-berger,36
1988,458,gerhard-berger,37
1988,459,gerhard-berger,38
1988,460,gerhard-berger,39
1988,461,gerhard-berger,40
1988,462,gerhard-berger,41
1988,463,gerhard-berger,42
1988,464,gerhard-berger,43
1988,465,gerhard-berger,44
1988,466,gerhard-berger,45
1988,467,gerhard-berger,46
1988,468,gerhard-berger,47
1989,469,gerhard-berger,48
1989,470,gerhard-berger,49
1989,472,gerhard-berger,50
1989,473,gerhard-berger,51
1989,474,gerhard-berger,52
1989,475,gerhard-berger,53
1989,476,gerhard-berger,54
1989,477,gerhard-berger,55
1989,478,gerhard-berger,56
1989,479,gerhard-berger,57
1989,480,gerhard-berger,58
1989,481,gerhard-berger,59
1989,482,gerhard-berger,60
1989,483,gerhard-berger,61
1989,484,gerhard-berger,62
1990,485,gerhard-berger,63
1990,486,gerhard-berger,64
1990,487,gerhard-berger,65
1990,488,gerhard-berger,66
1990,489,gerhard-berger,67
1990,490,gerhard-berger,68
1990,491,gerhard-berger,69
1990,492,gerhard-berger,70
1990,493,gerhard-berger,71
1990,494,gerhard-berger,72
1990,495,gerhard-berger,73
1990,496,gerhard-berger,74
1990,497,gerhard-berger,75
1990,498,gerhard-berger,76
1990,499,gerhard-berger,77
1990,500,gerhard-berger,78
1991,501,gerhard-berger,79
1991,502,gerhard-berger,80
1991,503,gerhard-berger,81
1991,504,gerhard-berger,82
1991,505,gerhard-berger,83
1991,506,gerhard-berger,84
1991,507,gerhard-berger,85
1991,508,gerhard-berger,86
1991,509,gerhard-berger,87
1991,510,gerhard-berger,88
1991,511,gerhard-berger,89
1991,512,gerhard-berger,90
1991,513,gerhard-berger,91
1991,514,gerhard-berger,92
1991,515,gerhard-berger,93
1991,516,gerhard-berger,94
1992,517,gerhard-berger,95
1992,518,gerhard-berger,96
1992,519,gerhard-berger,97
1992,520,gerhard-berger,98
1992,521,gerhard-berger,99
1992,522,gerhard-berger,100
1992,523,gerhard-berger,101
1992,524,gerhard-berger,102
1992,525,gerhard-berger,103
1992,526,gerhard-berger,104
1992,527,gerhard-berger,105
1992,528,gerhard-berger,106
1992,529,gerhard-berger,107
1992,530,gerhard-berger,108
1992,531,gerhard-berger,109
1992,532,gerhard-berger,110
1993,533,gerhard-berger,111
1993,534,gerhard-berger,112
1993,535,gerhard-berger,113
1993,536,gerhard-berger,114
1993,537,gerhard-berger,115
1993,538,gerhard-berger,116
1993,539,gerhard-berger,117
1993,540,gerhard-berger,118
1993,541,gerhard-berger,119
1993,542,gerhard-berger,120
1993,543,gerhard-berger,121
1993,544,gerhard-berger,122
1993,545,gerhard-berger,123
1993,546,gerhard-berger,124
1993,547,gerhard-berger,125
1993,548,gerhard-berger,126
1994,549,gerhard-berger,127
1994,550,gerhard-berger,128
1994,551,gerhard-berger,129
1994,552,gerhard-berger,130
1994,553,gerhard-berger,131
1994,554,gerhard-berger,132
1994,555,gerhard-berger,133
1994,556,gerhard-berger,134
1994,557,gerhard-berger,135
1994,558,gerhard-berger,136
1994,559,gerhard-berger,137
1994,560,gerhard-berger,138
1994,561,gerhard-berger,139
1994,562,gerhard-berger,140
1994,563,gerhard-berger,141
1994,564,gerhard-berger,142
1995,565,gerhard-berger,143
1995,566,gerhard-berger,144
1995,567,gerhard-berger,145
1995,568,gerhard-berger,146
1995,569,gerhard-berger,147
1995,570,gerhard-berger,148
1995,571,gerhard-berger,149
1995,572,gerhard-berger,150
1995,573,gerhard-berger,151
1995,574,gerhard-berger,152
1995,575,gerhard-berger,153
1995,576,gerhard-berger,154
1995,577,gerhard-berger,155
1995,578,gerhard-berger,156
1995,579,gerhard-berger,157
1995,580,gerhard-berger,158
1995,581,gerhard-berger,159
1996,582,gerhard-berger,160
1996,583,gerhard-berger,161
1996,584,gerhard-berger,162
1996,585,gerhard-berger,163
1996,586,gerhard-berger,164
1996,587,gerhard-berger,165
1996,588,gerhard-berger,166
1996,589,gerhard-berger,167
1996,590,gerhard-berger,168
1996,591,gerhard-berger,169
1996,592,gerhard-berger,170
1996,593,gerhard-berger,171
1996,594,gerhard-berger,172
1996,595,gerhard-berger,173
1996,596,gerhard-berger,174
1996,597,gerhard-berger,175
1997,598,gerhard-berger,176
1997,599,gerhard-berger,177
1997,600,gerhard-berger,178
1997,601,gerhard-berger,179
1997,602,gerhard-berger,180
1997,603,gerhard-berger,181
1997,607,gerhard-berger,182
1997,608,gerhard-berger,183
1997,609,gerhard-berger,184
1997,610,gerhard-berger,185
1997,611,gerhard-berger,186
1997,612,gerhard-berger,187
1997,613,gerhard-berger,188
1997,614,gerhard-berger,189
1996,582,giancarlo-fisichella,0
1996,585,giancarlo-fisichella,1
1996,586,giancarlo-fisichella,2
1996,587,giancarlo-fisichella,3
1996,588,giancarlo-fisichella,4
1996,589,giancarlo-fisichella,5
1996,590,giancarlo-fisichella,6
1996,591,giancarlo-fisichella,7
1997,598,giancarlo-fisichella,8
1997,599,giancarlo-fisichella,9
1997,600,giancarlo-fisichella,10
1997,601,giancarlo-fisichella,11
1997,602,giancarlo-fisichella,12
1997,603,giancarlo-fisichella,13
1997,604,giancarlo-fisichella,14
1997,605,giancarlo-fisichella,15
1997,606,giancarlo-fisichella,16
1997,607,giancarlo-fisichella,17
1997,608,giancarlo-fisichella,18
1997,609,giancarlo-fisichella,19
1997,610,giancarlo-fisichella,20
1997,611,giancarlo-fisichella,21
1997,612,giancarlo-fisichella,22
1997,613,giancarlo-fisichella,23
1997,614,giancarlo-fisichella,24
1998,615,giancarlo-fisichella,25
1998,616,giancarlo-fisichella,26
1998,617,giancarlo-fisichella,27
1998,618,giancarlo-fisichella,28
1998,619,giancarlo-fisichella,29
1998,620,giancarlo-fisichella,30
1998,621,giancarlo-fisichella,31
1998,622,giancarlo-fisichella,32
1998,623,giancarlo-fisichella,33
1998,624,giancarlo-fisichella,34
1998,625,giancarlo-fisichella,35
1998,626,giancarlo-fisichella,36
1998,627,giancarlo-fisichella,37
1998,628,giancarlo-fisichella,38
1998,629,giancarlo-fisichella,39
1998,630,giancarlo-fisichella,40
1999,631,giancarlo-fisichella,41
1999,632,giancarlo-fisichella,42
1999,633,giancarlo-fisichella,43
1999,634,giancarlo-fisichella,44
1999,635,giancarlo-fisichella,45
1999,636,giancarlo-fisichella,46
1999,637,giancarlo-fisichella,47
1999,638,giancarlo-fisichella,48
1999,639,giancarlo-fisichella,49
1999,640,giancarlo-fisichella,50
1999,641,giancarlo-fisichella,51
1999,642,giancarlo-fisichella,52
1999,643,giancarlo-fisichella,53
1999,644,giancarlo-fisichella,54
1999,645,giancarlo-fisichella,55
1999,646,giancarlo-fisichella,56
2000,647,giancarlo-fisichella,57
2000,648,giancarlo-fisichella,58
2000,649,giancarlo-fisichella,59
2000,650,giancarlo-fisichella,60
2000,651,giancarlo-fisichella,61
2000,652,giancarlo-fisichella,62
2000,653,giancarlo-fisichella,63
2000,654,giancarlo-fisichella,64
2000,655,giancarlo-fisichella,65
2000,656,giancarlo-fisichella,66
2000,657,giancarlo-fisichella,67
2000,658,giancarlo-fisichella,68
2000,659,giancarlo-fisichella,69
2000,660,giancarlo-fisichella,70
2000,661,giancarlo-fisichella,71
2000,662,giancarlo-fisichella,72
2000,663,giancarlo-fisichella,73
2001,664,giancarlo-fisichella,74
2001,665,giancarlo-fisichella,75
2001,666,giancarlo-fisichella,76
2001,667,giancarlo-fisichella,77
2001,668,giancarlo-fisichella,78
2001,669,giancarlo-fisichella,79
2001,670,giancarlo-fisichella,80
2001,671,giancarlo-fisichella,81
2001,672,giancarlo-fisichella,82
2001,673,giancarlo-fisichella,83
2001,674,giancarlo-fisichella,84
2001,675,giancarlo-fisichella,85
2001,676,giancarlo-fisichella,86
2001,677,giancarlo-fisichella,87
2001,678,giancarlo-fisichella,88
2001,679,giancarlo-fisichella,89
2001,680,giancarlo-fisichella,90
2002,681,giancarlo-fisichella,91
2002,682,giancarlo-fisichella,92
2002,683,giancarlo-fisichella,93
2002,684,giancarlo-fisichella,94
2002,685,giancarlo-fisichella,95
2002,686,giancarlo-fisichella,96
2002,687,giancarlo-fisichella,97
2002,688,giancarlo-fisichella,98
2002,689,giancarlo-fisichella,99
2002,690,giancarlo-fisichella,100
2002,692,giancarlo-fisichella,101
2002,693,giancarlo-fisichella,102
2002,694,giancarlo-fisichella,103
2002,695,giancarlo-fisichella,104
2002,696,giancarlo-fisichella,105
2002,697,giancarlo-fisichella,106
2003,698,giancarlo-fisichella,107
2003,699,giancarlo-fisichella,108
2003,700,giancarlo-fisichella,109
2003,701,giancarlo-fisichella,110
2003,702,giancarlo-fisichella,111
2003,703,giancarlo-fisichella,112
2003,704,giancarlo-fisichella,113
2003,705,giancarlo-fisichella,114
2003,706,giancarlo-fisichella,115
2003,707,giancarlo-fisichella,116
2003,708,giancarlo-fisichella,117
2003,709,giancarlo-fisichella,118
2003,710,giancarlo-fisichella,119
2003,711,giancarlo-fisichella,120
2003,712,giancarlo-fisichella,121
2003,713,giancarlo-fisichella,122
2004,714,giancarlo-fisichella,123
2004,715,giancarlo-fisichella,124
2004,716,giancarlo-fisichella,125
2004,717,giancarlo-fisichella,126
2004,718,giancarlo-fisichella,127
2004,719,giancarlo-fisichella,128
2004,720,giancarlo-fisichella,129
2004,721,giancarlo-fisichella,130
2004,722,giancarlo-fisichella,131
2004,723,giancarlo-fisichella,132
2004,724,giancarlo-fisichella,133
2004,725,giancarlo-fisichella,134
2004,726,giancarlo-fisichella,135
2004,727,giancarlo-fisichella,136
2004,728,giancarlo-fisichella,137
2004,729,giancarlo-fisichella,138
2004,730,giancarlo-fisichella,139
2004,731,giancarlo-fisichella,140
2005,732,giancarlo-fisichella,141
2005,733,giancarlo-fisichella,142
2005,734,giancarlo-fisichella,143
2005,735,giancarlo-fisichella,144
2005,736,giancarlo-fisichella,145
2005,737,giancarlo-fisichella,146
2005,738,giancarlo-fisichella,147
2005,739,giancarlo-fisichella,148
2005,741,giancarlo-fisichella,149
2005,742,giancarlo-fisichella,150
2005,743,giancarlo-fisichella,151
2005,744,giancarlo-fisichella,152
2005,745,giancarlo-fisichella,153
2005,746,giancarlo-fisichella,154
2005,747,giancarlo-fisichella,155
2005,748,giancarlo-fisichella,156
2005,749,giancarlo-fisichella,157
2005,750,giancarlo-fisichella,158
2006,751,giancarlo-fisichella,159
2006,752,giancarlo-fisichella,160
2006,753,giancarlo-fisichella,161
2006,754,giancarlo-fisichella,162
2006,755,giancarlo-fisichella,163
2006,756,giancarlo-fisichella,164
2006,757,giancarlo-fisichella,165
2006,758,giancarlo-fisichella,166
2006,759,giancarlo-fisichella,167
2006,760,giancarlo-fisichella,168
2006,761,giancarlo-fisichella,169
2006,762,giancarlo-fisichella,170
2006,763,giancarlo-fisichella,171
2006,764,giancarlo-fisichella,172
2006,765,giancarlo-fisichella,173
2006,766,giancarlo-fisichella,174
2006,767,giancarlo-fisichella,175
2006,768,giancarlo-fisichella,176
2007,769,giancarlo-fisichella,177
2007,770,giancarlo-fisichella,178
2007,771,giancarlo-fisichella,179
2007,772,giancarlo-fisichella,180
2007,773,giancarlo-fisichella,181
2007,774,giancarlo-fisichella,182
2007,775,giancarlo-fisichella,183
2007,776,giancarlo-fisichella,184
2007,777,giancarlo-fisichella,185
2007,778,giancarlo-fisichella,186
2007,779,giancarlo-fisichella,187
2007,780,giancarlo-fisichella,188
2007,781,giancarlo-fisichella,189
2007,782,giancarlo-fisichella,190
2007,783,giancarlo-fisichella,191
2007,784,giancarlo-fisichella,192
2007,785,giancarlo-fisichella,193
2008,786,giancarlo-fisichella,194
2008,787,giancarlo-fisichella,195
2008,788,giancarlo-fisichella,196
2008,789,giancarlo-fisichella,197
2008,790,giancarlo-fisichella,198
2008,791,giancarlo-fisichella,199
2008,792,giancarlo-fisichella,200
2008,793,giancarlo-fisichella,201
2008,794,giancarlo-fisichella,202
2008,795,giancarlo-fisichella,203
2008,796,giancarlo-fisichella,204
2008,797,giancarlo-fisichella,205
2008,798,giancarlo-fisichella,206
2008,799,giancarlo-fisichella,207
2008,800,giancarlo-fisichella,208
2008,801,giancarlo-fisichella,209
2008,802,giancarlo-fisichella,210
2008,803,giancarlo-fisichella,211
2009,804,giancarlo-fisichella,212
2009,805,giancarlo-fisichella,213
2009,806,giancarlo-fisichella,214
2009,807,giancarlo-fisichella,215
2009,808,giancarlo-fisichella,216
2009,809,giancarlo-fisichella,217
2009,810,giancarlo-fisichella,218
2009,811,giancarlo-fisichella,219
2009,812,giancarlo-fisichella,220
2009,813,giancarlo-fisichella,221
2009,814,giancarlo-fisichella,222
2009,815,giancarlo-fisichella,223
2009,816,giancarlo-fisichella,224
2009,817,giancarlo-fisichella,225
2009,818,giancarlo-fisichella,226
2009,819,giancarlo-fisichella,227
2009,820,giancarlo-fisichella,228
2004,714,gianmaria-bruni,0
2004,715,gianmaria-bruni,1
2004,716,gianmaria-bruni,2
2004,717,gianmaria-bruni,3
2004,718,gianmaria-bruni,4
2004,719,gianmaria-bruni,5
2004,720,gianmaria-bruni,6
2004,721,gianmaria-bruni,7
2004,722,gianmaria-bruni,8
2004,723,gianmaria-bruni,9
2004,724,gianmaria-bruni,10
2004,725,gianmaria-bruni,11
2004,726,gianmaria-bruni,12
2004,727,gianmaria-bruni,13
2004,728,gianmaria-bruni,14
2004,729,gianmaria-bruni,15
2004,730,gianmaria-bruni,16
2004,731,gianmaria-bruni,17
1990,486,gianni-morbidelli,0
1990,499,gianni-morbidelli,1
1990,500,gianni-morbidelli,2
1991,501,gianni-morbidelli,3
1991,502,gianni-morbidelli,4
1991,503,gianni-morbidelli,5
1991,504,gianni-morbidelli,6
1991,505,gianni-morbidelli,7
1991,506,gianni-morbidelli,8
1991,507,gianni-morbidelli,9
1991,508,gianni-morbidelli,10
1991,509,gianni-morbidelli,11
1991,510,gianni-morbidelli,12
1991,511,gianni-morbidelli,13
1991,512,gianni-morbidelli,14
1991,513,gianni-morbidelli,15
1991,514,gianni-morbidelli,16
1991,515,gianni-morbidelli,17
1991,516,gianni-morbidelli,18
1992,517,gianni-morbidelli,19
1992,518,gianni-morbidelli,20
1992,519,gianni-morbidelli,21
1992,520,gianni-morbidelli,22
1992,521,gianni-morbidelli,23
1992,522,gianni-morbidelli,24
1992,523,gianni-morbidelli,25
1992,524,gianni-morbidelli,26
1992,525,gianni-morbidelli,27
1992,526,gianni-morbidelli,28
1992,528,gianni-morbidelli,29
1992,529,gianni-morbidelli,30
1992,530,gianni-morbidelli,31
1992,531,gianni-morbidelli,32
1992,532,gianni-morbidelli,33
1994,549,gianni-morbidelli,34
1994,550,gianni-morbidelli,35
1994,551,gianni-morbidelli,36
1994,552,gianni-morbidelli,37
1994,553,gianni-morbidelli,38
1994,554,gianni-morbidelli,39
1994,555,gianni-morbidelli,40
1994,556,gianni-morbidelli,41
1994,557,gianni-morbidelli,42
1994,558,gianni-morbidelli,43
1994,559,gianni-morbidelli,44
1994,560,gianni-morbidelli,45
1994,561,gianni-morbidelli,46
1994,562,gianni-morbidelli,47
1994,563,gianni-morbidelli,48
1994,564,gianni-morbidelli,49
1995,565,gianni-morbidelli,50
1995,566,gianni-morbidelli,51
1995,567,gianni-morbidelli,52
1995,568,gianni-morbidelli,53
1995,569,gianni-morbidelli,54
1995,570,gianni-morbidelli,55
1995,571,gianni-morbidelli,56
1995,579,gianni-morbidelli,57
1995,580,gianni-morbidelli,58
1995,581,gianni-morbidelli,59
1997,603,gianni-morbidelli,60
1997,604,gianni-morbidelli,61
1997,608,gianni-morbidelli,62
1997,609,gianni-morbidelli,63
1997,610,gianni-morbidelli,64
1997,611,gianni-morbidelli,65
1997,612,gianni-morbidelli,66
2013,879,giedo-van-der-garde,0
2013,880,giedo-van-der-garde,1
2013,881,giedo-van-der-garde,2
2013,882,giedo-van-der-garde,3
2013,883,giedo-van-der-garde,4
2013,884,giedo-van-der-garde,5
2013,885,giedo-van-der-garde,6
2013,886,giedo-van-der-garde,7
2013,887,giedo-van-der-garde,8
2013,888,giedo-van-der-garde,9
2013,889,giedo-van-der-garde,10
2013,890,giedo-van-der-garde,11
2013,891,giedo-van-der-garde,12
2013,892,giedo-van-der-garde,13
2013,893,giedo-van-der-garde,14
2013,894,giedo-van-der-garde,15
2013,895,giedo-van-der-garde,16
2013,896,giedo-van-der-garde,17
2013,897,giedo-van-der-garde,18
2004,714,giorgio-pantano,0
2004,715,giorgio-pantano,1
2004,716,giorgio-pantano,2
2004,717,giorgio-pantano,3
2004,718,giorgio-pantano,4
2004,719,giorgio-pantano,5
2004,720,giorgio-pantano,6
2004,722,giorgio-pantano,7
2004,723,giorgio-pantano,8
2004,724,giorgio-pantano,9
2004,725,giorgio-pantano,10
2004,726,giorgio-pantano,11
2004,727,giorgio-pantano,12
2004,728,giorgio-pantano,13
1995,573,giovanni-lavaggi,0
1995,574,giovanni-lavaggi,1
1995,575,giovanni-lavaggi,2
1995,576,giovanni-lavaggi,3
1996,593,giovanni-lavaggi,4
1996,595,giovanni-lavaggi,5
1996,596,giovanni-lavaggi,6
1990,485,gregor-foitek,0
1990,486,gregor-foitek,1
1990,487,gregor-foitek,2
1990,488,gregor-foitek,3
1990,489,gregor-foitek,4
1990,490,gregor-foitek,5
1990,493,gregor-foitek,6
2022,1058,guanyu-zhou,0
2022,1059,guanyu-zhou,1
2022,1060,guanyu-zhou,2
2022,1061,guanyu-zhou,3
2022,1062,guanyu-zhou,4
2022,1063,guanyu-zhou,5
2022,1064,guanyu-zhou,6
2022,1065,guanyu-zhou,7
2022,1066,guanyu-zhou,8
2022,1067,guanyu-zhou,9
2022,1068,guanyu-zhou,10
2022,1069,guanyu-zhou,11
2022,1070,guanyu-zhou,12
2022,1071,guanyu-zhou,13
2022,1072,guanyu-zhou,14
2022,1073,guanyu-zhou,15
2022,1074,guanyu-zhou,16
2022,1075,guanyu-zhou,17
2022,1076,guanyu-zhou,18
2022,1077,guanyu-zhou,19
2022,1078,guanyu-zhou,20
2022,1079,guanyu-zhou,21
2023,1080,guanyu-zhou,22
2023,1081,guanyu-zhou,23
2023,1082,guanyu-zhou,24
2023,1083,guanyu-zhou,25
2023,1084,guanyu-zhou,26
2023,1085,guanyu-zhou,27
2023,1086,guanyu-zhou,28
2023,1087,guanyu-zhou,29
2023,1088,guanyu-zhou,30
2023,1089,guanyu-zhou,31
2023,1090,guanyu-zhou,32
2023,1091,guanyu-zhou,33
2023,1092,guanyu-zhou,34
2023,1093,guanyu-zhou,35
2023,1094,guanyu-zhou,36
2023,1095,guanyu-zhou,37
2023,1096,guanyu-zhou,38
2023,1097,guanyu-zhou,39
2023,1098,guanyu-zhou,40
2023,1099,guanyu-zhou,41
2023,1100,guanyu-zhou,42
2023,1101,guanyu-zhou,43
2024,1102,guanyu-zhou,44
2024,1103,guanyu-zhou,45
2024,1104,guanyu-zhou,46
2024,1105,guanyu-zhou,47
2024,1106,guanyu-zhou,48
2024,1107,guanyu-zhou,49
2024,1108,guanyu-zhou,50
2024,1109,guanyu-zhou,51
2024,1110,guanyu-zhou,52
2024,1111,guanyu-zhou,53
2024,1112,guanyu-zhou,54
2024,1113,guanyu-zhou,55
2024,1114,guanyu-zhou,56
2024,1115,guanyu-zhou,57
2024,1116,guanyu-zhou,58
2024,1117,guanyu-zhou,59
2024,1118,guanyu-zhou,60
2024,1119,guanyu-zhou,61
2024,1120,guanyu-zhou,62
2024,1121,guanyu-zhou,63
2024,1122,guanyu-zhou,64
2024,1123,guanyu-zhou,65
2024,1124,guanyu-zhou,66
2024,1125,guanyu-zhou,67
2007,769,heikki-kovalainen,0
2007,770,heikki-kovalainen,1
2007,771,heikki-kovalainen,2
2007,772,heikki-kovalainen,3
2007,773,heikki-kovalainen,4
2007,774,heikki-kovalainen,5
2007,775,heikki-kovalainen,6
2007,776,heikki-kovalainen,7
2007,777,heikki-kovalainen,8
2007,778,heikki-kovalainen,9
2007,779,heikki-kovalainen,10
2007,780,heikki-kovalainen,11
2007,781,heikki-kovalainen,12
2007,782,heikki-kovalainen,13
2007,783,heikki-kovalainen,14
2007,784,heikki-kovalainen,15
2007,785,heikki-kovalainen,16
2008,786,heikki-kovalainen,17
2008,787,heikki-kovalainen,18
2008,788,heikki-kovalainen,19
2008,789,heikki-kovalainen,20
2008,790,heikki-kovalainen,21
2008,791,heikki-kovalainen,22
2008,792,heikki-kovalainen,23
2008,793,heikki-kovalainen,24
2008,794,heikki-kovalainen,25
2008,795,heikki-kovalainen,26
2008,796,heikki-kovalainen,27
2008,797,heikki-kovalainen,28
2008,798,heikki-kovalainen,29
2008,799,heikki-kovalainen,30
2008,800,heikki-kovalainen,31
2008,801,heikki-kovalainen,32
2008,802,heikki-kovalainen,33
2008,803,heikki-kovalainen,34
2009,804,heikki-kovalainen,35
2009,805,heikki-kovalainen,36
2009,806,heikki-kovalainen,37
2009,807,heikki-kovalainen,38
2009,808,heikki-kovalainen,39
2009,809,heikki-kovalainen,40
2009,810,heikki-kovalainen,41
2009,811,heikki-kovalainen,42
2009,812,heikki-kovalainen,43
2009,813,heikki-kovalainen,44
2009,814,heikki-kovalainen,45
2009,815,heikki-kovalainen,46
2009,816,heikki-kovalainen,47
2009,817,heikki-kovalainen,48
2009,818,heikki-kovalainen,49
2009,819,heikki-kovalainen,50
2009,820,heikki-kovalainen,51
2010,821,heikki-kovalainen,52
2010,822,heikki-kovalainen,53
2010,823,heikki-kovalainen,54
2010,824,heikki-kovalainen,55
2010,826,heikki-kovalainen,56
2010,827,heikki-kovalainen,57
2010,828,heikki-kovalainen,58
2010,829,heikki-kovalainen,59
2010,830,heikki-kovalainen,60
2010,831,heikki-kovalainen,61
2010,832,heikki-kovalainen,62
2010,833,heikki-kovalainen,63
2010,834,heikki-kovalainen,64
2010,835,heikki-kovalainen,65
2010,836,heikki-kovalainen,66
2010,837,heikki-kovalainen,67
2010,838,heikki-kovalainen,68
2010,839,heikki-kovalainen,69
2011,840,heikki-kovalainen,70
2011,841,heikki-kovalainen,71
2011,842,heikki-kovalainen,72
2011,843,heikki-kovalainen,73
2011,844,heikki-kovalainen,74
2011,845,heikki-kovalainen,75
2011,846,heikki-kovalainen,76
2011,847,heikki-kovalainen,77
2011,848,heikki-kovalainen,78
2011,849,heikki-kovalainen,79
2011,850,heikki-kovalainen,80
2011,851,heikki-kovalainen,81
2011,852,heikki-kovalainen,82
2011,853,heikki-kovalainen,83
2011,854,heikki-kovalainen,84
2011,855,heikki-kovalainen,85
2011,856,heikki-kovalainen,86
2011,857,heikki-kovalainen,87
2011,858,heikki-kovalainen,88
2012,859,heikki-kovalainen,89
2012,860,heikki-kovalainen,90
2012,861,heikki-kovalainen,91
2012,862,heikki-kovalainen,92
2012,863,heikki-kovalainen,93
2012,864,heikki-kovalainen,94
2012,865,heikki-kovalainen,95
2012,866,heikki-kovalainen,96
2012,867,heikki-kovalainen,97
2012,868,heikki-kovalainen,98
2012,869,heikki-kovalainen,99
2012,870,heikki-kovalainen,100
2012,871,heikki-kovalainen,101
2012,872,heikki-kovalainen,102
2012,873,heikki-kovalainen,103
2012,874,heikki-kovalainen,104
2012,875,heikki-kovalainen,105
2012,876,heikki-kovalainen,106
2012,877,heikki-kovalainen,107
2012,878,heikki-kovalainen,108
2013,896,heikki-kovalainen,109
2013,897,heikki-kovalainen,110
1994,549,heinz-harald-frentzen,0
1994,550,heinz-harald-frentzen,1
1994,551,heinz-harald-frentzen,2
1994,553,heinz-harald-frentzen,3
1994,554,heinz-harald-frentzen,4
1994,555,heinz-harald-frentzen,5
1994,556,heinz-harald-frentzen,6
1994,557,heinz-harald-frentzen,7
1994,558,heinz-harald-frentzen,8
1994,559,heinz-harald-frentzen,9
1994,560,heinz-harald-frentzen,10
1994,561,heinz-harald-frentzen,11
1994,562,heinz-harald-frentzen,12
1994,563,heinz-harald-frentzen,13
1994,564,heinz-harald-frentzen,14
1995,565,heinz-harald-frentzen,15
1995,566,heinz-harald-frentzen,16
1995,567,heinz-harald-frentzen,17
1995,568,heinz-harald-frentzen,18
1995,569,heinz-harald-frentzen,19
1995,570,heinz-harald-frentzen,20
1995,571,heinz-harald-frentzen,21
1995,572,heinz-harald-frentzen,22
1995,573,heinz-harald-frentzen,23
1995,574,heinz-harald-frentzen,24
1995,575,heinz-harald-frentzen,25
1995,576,heinz-harald-frentzen,26
1995,577,heinz-harald-frentzen,27
1995,578,heinz-harald-frentzen,28
1995,579,heinz-harald-frentzen,29
1995,580,heinz-harald-frentzen,30
1995,581,heinz-harald-frentzen,31
1996,582,heinz-harald-frentzen,32
1996,583,heinz-harald-frentzen,33
1996,584,heinz-harald-frentzen,34
1996,585,heinz-harald-frentzen,35
1996,586,heinz-harald-frentzen,36
1996,587,heinz-harald-frentzen,37
1996,588,heinz-harald-frentzen,38
1996,589,heinz-harald-frentzen,39
1996,590,heinz-harald-frentzen,40
1996,591,heinz-harald-frentzen,41
1996,592,heinz-harald-frentzen,42
1996,593,heinz-harald-frentzen,43
1996,594,heinz-harald-frentzen,44
1996,595,heinz-harald-frentzen,45
1996,596,heinz-harald-frentzen,46
1996,597,heinz-harald-frentzen,47
1997,598,heinz-harald-frentzen,48
1997,599,heinz-harald-frentzen,49
1997,600,heinz-harald-frentzen,50
1997,601,heinz-harald-frentzen,51
1997,602,heinz-harald-frentzen,52
1997,603,heinz-harald-frentzen,53
1997,604,heinz-harald-frentzen,54
1997,605,heinz-harald-frentzen,55
1997,606,heinz-harald-frentzen,56
1997,607,heinz-harald-frentzen,57
1997,608,heinz-harald-frentzen,58
1997,609,heinz-harald-frentzen,59
1997,610,heinz-harald-frentzen,60
1997,611,heinz-harald-frentzen,61
1997,612,heinz-harald-frentzen,62
1997,613,heinz-harald-frentzen,63
1997,614,heinz-harald-frentzen,64
1998,615,heinz-harald-frentzen,65
1998,616,heinz-harald-frentzen,66
1998,617,heinz-harald-frentzen,67
1998,618,heinz-harald-frentzen,68
1998,619,heinz-harald-frentzen,69
1998,620,heinz-harald-frentzen,70
1998,621,heinz-harald-frentzen,71
1998,622,heinz-harald-frentzen,72
1998,623,heinz-harald-frentzen,73
1998,624,heinz-harald-frentzen,74
1998,625,heinz-harald-frentzen,75
1998,626,heinz-harald-frentzen,76
1998,627,heinz-harald-frentzen,77
1998,628,heinz-harald-frentzen,78
1998,629,heinz-harald-frentzen,79
1998,630,heinz-harald-frentzen,80
1999,631,heinz-harald-frentzen,81
1999,632,heinz-harald-frentzen,82
1999,633,heinz-harald-frentzen,83
1999,634,heinz-harald-frentzen,84
1999,635,heinz-harald-frentzen,85
1999,636,heinz-harald-frentzen,86
1999,637,heinz-harald-frentzen,87
1999,638,heinz-harald-frentzen,88
1999,639,heinz-harald-frentzen,89
1999,640,heinz-harald-frentzen,90
1999,641,heinz-harald-frentzen,91
1999,642,heinz-harald-frentzen,92
1999,643,heinz-harald-frentzen,93
1999,644,heinz-harald-frentzen,94
1999,645,heinz-harald-frentzen,95
1999,646,heinz-harald-frentzen,96
2000,647,heinz-harald-frentzen,97
2000,648,heinz-harald-frentzen,98
2000,649,heinz-harald-frentzen,99
2000,650,heinz-harald-frentzen,100
2000,651,heinz-harald-frentzen,101
2000,652,heinz-harald-frentzen,102
2000,653,heinz-harald-frentzen,103
2000,654,heinz-harald-frentzen,104
2000,655,heinz-harald-frentzen,105
2000,656,heinz-harald-frentzen,106
2000,657,heinz-harald-frentzen,107
2000,658,heinz-harald-frentzen,108
2000,659,heinz-harald-frentzen,109
2000,660,heinz-harald-frentzen,110
2000,661,heinz-harald-frentzen,111
2000,662,heinz-harald-frentzen,112
2000,663,heinz-harald-frentzen,113
2001,664,heinz-harald-frentzen,114
2001,665,heinz-harald-frentzen,115
2001,666,heinz-harald-frentzen,116
2001,667,heinz-harald-frentzen,117
2001,668,heinz-harald-frentzen,118
2001,669,heinz-harald-frentzen,119
2001,670,heinz-harald-frentzen,120
2001,672,heinz-harald-frentzen,121
2001,673,heinz-harald-frentzen,122
2001,674,heinz-harald-frentzen,123
2001,676,heinz-harald-frentzen,124
2001,677,heinz-harald-frentzen,125
2001,678,heinz-harald-frentzen,126
2001,679,heinz-harald-frentzen,127
2001,680,heinz-harald-frentzen,128
2002,681,heinz-harald-frentzen,129
2002,682,heinz-harald-frentzen,130
2002,683,heinz-harald-frentzen,131
2002,684,heinz-harald-frentzen,132
2002,685,heinz-harald-frentzen,133
2002,686,heinz-harald-frentzen,134
2002,687,heinz-harald-frentzen,135
2002,688,heinz-harald-frentzen,136
2002,689,heinz-harald-frentzen,137
2002,690,heinz-harald-frentzen,138
2002,692,heinz-harald-frentzen,139
2002,696,heinz-harald-frentzen,140
2003,698,heinz-harald-frentzen,141
2003,699,heinz-harald-frentzen,142
2003,700,heinz-harald-frentzen,143
2003,701,heinz-harald-frentzen,144
2003,702,heinz-harald-frentzen,145
2003,704,heinz-harald-frentzen,146
2003,705,heinz-harald-frentzen,147
2003,706,heinz-harald-frentzen,148
2003,707,heinz-harald-frentzen,149
2003,708,heinz-harald-frentzen,150
2003,709,heinz-harald-frentzen,151
2003,710,heinz-harald-frentzen,152
2003,711,heinz-harald-frentzen,153
2003,712,heinz-harald-frentzen,154
2003,713,heinz-harald-frentzen,155
1994,562,hideki-noda,0
1994,563,hideki-noda,1
1994,564,hideki-noda,2
1986,423,huub-rothengatter,0
1986,425,huub-rothengatter,1
1986,426,huub-rothengatter,2
1986,428,huub-rothengatter,3
1986,429,huub-rothengatter,4
1986,430,huub-rothengatter,5
1986,431,huub-rothengatter,6
1986,432,huub-rothengatter,7
1986,433,huub-rothengatter,8
1986,434,huub-rothengatter,9
1986,436,huub-rothengatter,10
1986,433,ivan-capelli,0
1986,434,ivan-capelli,1
1987,438,ivan-capelli,2
1987,439,ivan-capelli,3
1987,440,ivan-capelli,4
1987,441,ivan-capelli,5
1987,442,ivan-capelli,6
1987,443,ivan-capelli,7
1987,444,ivan-capelli,8
1987,445,ivan-capelli,9
1987,446,ivan-capelli,10
1987,447,ivan-capelli,11
1987,448,ivan-capelli,12
1987,449,ivan-capelli,13
1987,450,ivan-capelli,14
1987,451,ivan-capelli,15
1987,452,ivan-capelli,16
1988,453,ivan-capelli,17
1988,454,ivan-capelli,18
1988,455,ivan-capelli,19
1988,456,ivan-capelli,20
1988,457,ivan-capelli,21
1988,459,ivan-capelli,22
1988,460,ivan-capelli,23
1988,461,ivan-capelli,24
1988,462,ivan-capelli,25
1988,463,ivan-capelli,26
1988,464,ivan-capelli,27
1988,465,ivan-capelli,28
1988,466,ivan-capelli,29
1988,467,ivan-capelli,30
1988,468,ivan-capelli,31
1989,469,ivan-capelli,32
1989,470,ivan-capelli,33
1989,471,ivan-capelli,34
1989,472,ivan-capelli,35
1989,473,ivan-capelli,36
1989,474,ivan-capelli,37
1989,475,ivan-capelli,38
1989,476,ivan-capelli,39
1989,477,ivan-capelli,40
1989,478,ivan-capelli,41
1989,479,ivan-capelli,42
1989,480,ivan-capelli,43
1989,481,ivan-capelli,44
1989,482,ivan-capelli,45
1989,483,ivan-capelli,46
1989,484,ivan-capelli,47
1990,485,ivan-capelli,48
1990,487,ivan-capelli,49
1990,488,ivan-capelli,50
1990,489,ivan-capelli,51
1990,491,ivan-capelli,52
1990,492,ivan-capelli,53
1990,493,ivan-capelli,54
1990,494,ivan-capelli,55
1990,495,ivan-capelli,56
1990,496,ivan-capelli,57
1990,497,ivan-capelli,58
1990,498,ivan-capelli,59
1990,499,ivan-capelli,60
1990,500,ivan-capelli,61
1991,501,ivan-capelli,62
1991,502,ivan-capelli,63
1991,503,ivan-capelli,64
1991,504,ivan-capelli,65
1991,505,ivan-capelli,66
1991,506,ivan-capelli,67
1991,507,ivan-capelli,68
1991,508,ivan-capelli,69
1991,509,ivan-capelli,70
1991,510,ivan-capelli,71
1991,511,ivan-capelli,72
1991,512,ivan-capelli,73
1991,513,ivan-capelli,74
1991,514,ivan-capelli,75
1992,517,ivan-capelli,76
1992,518,ivan-capelli,77
1992,519,ivan-capelli,78
1992,520,ivan-capelli,79
1992,521,ivan-capelli,80
1992,522,ivan-capelli,81
1992,523,ivan-capelli,82
1992,524,ivan-capelli,83
1992,525,ivan-capelli,84
1992,526,ivan-capelli,85
1992,527,ivan-capelli,86
1992,528,ivan-capelli,87
1992,529,ivan-capelli,88
1992,530,ivan-capelli,89
1993,533,ivan-capelli,90
2020,1034,jack-aitken,0
2024,1125,jack-doohan,0
1986,421,jacques-laffite,0
1986,422,jacques-laffite,1
1986,423,jacques-laffite,2
1986,424,jacques-laffite,3
1986,425,jacques-laffite,4
1986,426,jacques-laffite,5
1986,427,jacques-laffite,6
1986,428,jacques-laffite,7
1986,429,jacques-laffite,8
1996,582,jacques-villeneuve,0
1996,583,jacques-villeneuve,1
1996,584,jacques-villeneuve,2
1996,585,jacques-villeneuve,3
1996,586,jacques-villeneuve,4
1996,587,jacques-villeneuve,5
1996,588,jacques-villeneuve,6
1996,589,jacques-villeneuve,7
1996,590,jacques-villeneuve,8
1996,591,jacques-villeneuve,9
1996,592,jacques-villeneuve,10
1996,593,jacques-villeneuve,11
1996,594,jacques-villeneuve,12
1996,595,jacques-villeneuve,13
1996,596,jacques-villeneuve,14
1996,597,jacques-villeneuve,15
1997,598,jacques-villeneuve,16
1997,599,jacques-villeneuve,17
1997,600,jacques-villeneuve,18
1997,601,jacques-villeneuve,19
1997,602,jacques-villeneuve,20
1997,603,jacques-villeneuve,21
1997,604,jacques-villeneuve,22
1997,605,jacques-villeneuve,23
1997,606,jacques-villeneuve,24
1997,607,jacques-villeneuve,25
1997,608,jacques-villeneuve,26
1997,609,jacques-villeneuve,27
1997,610,jacques-villeneuve,28
1997,611,jacques-villeneuve,29
1997,612,jacques-villeneuve,30
1997,613,jacques-villeneuve,31
1997,614,jacques-villeneuve,32
1998,615,jacques-villeneuve,33
1998,616,jacques-villeneuve,34
1998,617,jacques-villeneuve,35
1998,618,jacques-villeneuve,36
1998,619,jacques-villeneuve,37
1998,620,jacques-villeneuve,38
1998,621,jacques-villeneuve,39
1998,622,jacques-villeneuve,40
1998,623,jacques-villeneuve,41
1998,624,jacques-villeneuve,42
1998,625,jacques-villeneuve,43
1998,626,jacques-villeneuve,44
1998,627,jacques-villeneuve,45
1998,628,jacques-villeneuve,46
1998,629,jacques-villeneuve,47
1998,630,jacques-villeneuve,48
1999,631,jacques-villeneuve,49
1999,632,jacques-villeneuve,50
1999,633,jacques-villeneuve,51
1999,634,jacques-villeneuve,52
1999,635,jacques-villeneuve,53
1999,636,jacques-villeneuve,54
1999,637,jacques-villeneuve,55
1999,638,jacques-villeneuve,56
1999,639,jacques-villeneuve,57
1999,640,jacques-villeneuve,58
1999,641,jacques-villeneuve,59
1999,642,jacques-villeneuve,60
1999,643,jacques-villeneuve,61
1999,644,jacques-villeneuve,62
1999,645,jacques-villeneuve,63
1999,646,jacques-villeneuve,64
2000,647,jacques-villeneuve,65
2000,648,jacques-villeneuve,66
2000,649,jacques-villeneuve,67
2000,650,jacques-villeneuve,68
2000,651,jacques-villeneuve,69
2000,652,jacques-villeneuve,70
2000,653,jacques-villeneuve,71
2000,654,jacques-villeneuve,72
2000,655,jacques-villeneuve,73
2000,656,jacques-villeneuve,74
2000,657,jacques-villeneuve,75
2000,658,jacques-villeneuve,76
2000,659,jacques-villeneuve,77
2000,660,jacques-villeneuve,78
2000,661,jacques-villeneuve,79
2000,662,jacques-villeneuve,80
2000,663,jacques-villeneuve,81
2001,664,jacques-villeneuve,82
2001,665,jacques-villeneuve,83
2001,666,jacques-villeneuve,84
2001,667,jacques-villeneuve,85
2001,668,jacques-villeneuve,86
2001,669,jacques-villeneuve,87
2001,670,jacques-villeneuve,88
2001,671,jacques-villeneuve,89
2001,672,jacques-villeneuve,90
2001,673,jacques-villeneuve,91
2001,674,jacques-villeneuve,92
2001,675,jacques-villeneuve,93
2001,676,jacques-villeneuve,94
2001,677,jacques-villeneuve,95
2001,678,jacques-villeneuve,96
2001,679,jacques-villeneuve,97
2001,680,jacques-villeneuve,98
2002,681,jacques-villeneuve,99
2002,682,jacques-villeneuve,100
2002,683,jacques-villeneuve,101
2002,684,jacques-villeneuve,102
2002,685,jacques-villeneuve,103
2002,686,jacques-villeneuve,104
2002,687,jacques-villeneuve,105
2002,688,jacques-villeneuve,106
2002,689,jacques-villeneuve,107
2002,690,jacques-villeneuve,108
2002,691,jacques-villeneuve,109
2002,692,jacques-villeneuve,110
2002,693,jacques-villeneuve,111
2002,694,jacques-villeneuve,112
2002,695,jacques-villeneuve,113
2002,696,jacques-villeneuve,114
2002,697,jacques-villeneuve,115
2003,698,jacques-villeneuve,116
2003,700,jacques-villeneuve,117
2003,701,jacques-villeneuve,118
2003,702,jacques-villeneuve,119
2003,703,jacques-villeneuve,120
2003,704,jacques-villeneuve,121
2003,705,jacques-villeneuve,122
2003,706,jacques-villeneuve,123
2003,707,jacques-villeneuve,124
2003,708,jacques-villeneuve,125
2003,709,jacques-villeneuve,126
2003,710,jacques-villeneuve,127
2003,711,jacques-villeneuve,128
2003,712,jacques-villeneuve,129
2004,729,jacques-villeneuve,130
2004,730,jacques-villeneuve,131
2004,731,jacques-villeneuve,132
2005,732,jacques-villeneuve,133
2005,733,jacques-villeneuve,134
2005,734,jacques-villeneuve,135
2005,735,jacques-villeneuve,136
2005,736,jacques-villeneuve,137
2005,737,jacques-villeneuve,138
2005,738,jacques-villeneuve,139
2005,739,jacques-villeneuve,140
2005,741,jacques-villeneuve,141
2005,742,jacques-villeneuve,142
2005,743,jacques-villeneuve,143
2005,744,jacques-villeneuve,144
2005,745,jacques-villeneuve,145
2005,746,jacques-villeneuve,146
2005,747,jacques-villeneuve,147
2005,748,jacques-villeneuve,148
2005,749,jacques-villeneuve,149
2005,750,jacques-villeneuve,150
2006,751,jacques-villeneuve,151
2006,752,jacques-villeneuve,152
2006,753,jacques-villeneuve,153
2006,754,jacques-villeneuve,154
2006,755,jacques-villeneuve,155
2006,756,jacques-villeneuve,156
2006,757,jacques-villeneuve,157
2006,758,jacques-villeneuve,158
2006,759,jacques-villeneuve,159
2006,760,jacques-villeneuve,160
2006,761,jacques-villeneuve,161
2006,762,jacques-villeneuve,162
2009,813,jaime-alguersuari,0
2009,814,jaime-alguersuari,1
2009,815,jaime-alguersuari,2
2009,816,jaime-alguersuari,3
2009,817,jaime-alguersuari,4
2009,818,jaime-alguersuari,5
2009,819,jaime-alguersuari,6
2009,820,jaime-alguersuari,7
2010,821,jaime-alguersuari,8
2010,822,jaime-alguersuari,9
2010,823,jaime-alguersuari,10
2010,824,jaime-alguersuari,11
2010,825,jaime-alguersuari,12
2010,826,jaime-alguersuari,13
2010,827,jaime-alguersuari,14
2010,828,jaime-alguersuari,15
2010,829,jaime-alguersuari,16
2010,830,jaime-alguersuari,17
2010,831,jaime-alguersuari,18
2010,832,jaime-alguersuari,19
2010,833,jaime-alguersuari,20
2010,834,jaime-alguersuari,21
2010,835,jaime-alguersuari,22
2010,836,jaime-alguersuari,23
2010,837,jaime-alguersuari,24
2010,838,jaime-alguersuari,25
2010,839,jaime-alguersuari,26
2011,840,jaime-alguersuari,27
2011,841,jaime-alguersuari,28
2011,842,jaime-alguersuari,29
2011,843,jaime-alguersuari,30
2011,844,jaime-alguersuari,31
2011,845,jaime-alguersuari,32
2011,846,jaime-alguersuari,33
2011,847,jaime-alguersuari,34
2011,848,jaime-alguersuari,35
2011,849,jaime-alguersuari,36
2011,850,jaime-alguersuari,37
2011,851,jaime-alguersuari,38
2011,852,jaime-alguersuari,39
2011,853,jaime-alguersuari,40
2011,854,jaime-alguersuari,41
2011,855,jaime-alguersuari,42
2011,856,jaime-alguersuari,43
2011,857,jaime-alguersuari,44
2011,858,jaime-alguersuari,45
1992,531,jan-lammers,0
1992,532,jan-lammers,1
1995,579,jan-magnussen,0
1997,598,jan-magnussen,1
1997,600,jan-magnussen,2
1997,601,jan-magnussen,3
1997,602,jan-magnussen,4
1997,603,jan-magnussen,5
1997,604,jan-magnussen,6
1997,605,jan-magnussen,7
1997,606,jan-magnussen,8
1997,607,jan-magnussen,9
1997,608,jan-magnussen,10
1997,609,jan-magnussen,11
1997,610,jan-magnussen,12
1997,611,jan-magnussen,13
1997,612,jan-magnussen,14
1997,613,jan-magnussen,15
1997,614,jan-magnussen,16
1998,615,jan-magnussen,17
1998,616,jan-magnussen,18
1998,617,jan-magnussen,19
1998,618,jan-magnussen,20
1998,619,jan-magnussen,21
1998,620,jan-magnussen,22
1998,621,jan-magnussen,23
1997,598,jarno-trulli,0
1997,599,jarno-trulli,1
1997,600,jarno-trulli,2
1997,602,jarno-trulli,3
1997,603,jarno-trulli,4
1997,604,jarno-trulli,5
1997,605,jarno-trulli,6
1997,606,jarno-trulli,7
1997,607,jarno-trulli,8
1997,608,jarno-trulli,9
1997,609,jarno-trulli,10
1997,610,jarno-trulli,11
1997,611,jarno-trulli,12
1998,615,jarno-trulli,13
1998,616,jarno-trulli,14
1998,617,jarno-trulli,15
1998,618,jarno-trulli,16
1998,619,jarno-trulli,17
1998,620,jarno-trulli,18
1998,621,jarno-trulli,19
1998,622,jarno-trulli,20
1998,623,jarno-trulli,21
1998,624,jarno-trulli,22
1998,625,jarno-trulli,23
1998,626,jarno-trulli,24
1998,627,jarno-trulli,25
1998,628,jarno-trulli,26
1998,629,jarno-trulli,27
1998,630,jarno-trulli,28
1999,631,jarno-trulli,29
1999,632,jarno-trulli,30
1999,633,jarno-trulli,31
1999,634,jarno-trulli,32
1999,635,jarno-trulli,33
1999,636,jarno-trulli,34
1999,637,jarno-trulli,35
1999,638,jarno-trulli,36
1999,639,jarno-trulli,37
1999,640,jarno-trulli,38
1999,641,jarno-trulli,39
1999,642,jarno-trulli,40
1999,643,jarno-trulli,41
1999,644,jarno-trulli,42
1999,646,jarno-trulli,43
2000,647,jarno-trulli,44
2000,648,jarno-trulli,45
2000,649,jarno-trulli,46
2000,650,jarno-trulli,47
2000,651,jarno-trulli,48
2000,652,jarno-trulli,49
2000,653,jarno-trulli,50
2000,654,jarno-trulli,51
2000,655,jarno-trulli,52
2000,656,jarno-trulli,53
2000,657,jarno-trulli,54
2000,658,jarno-trulli,55
2000,659,jarno-trulli,56
2000,660,jarno-trulli,57
2000,661,jarno-trulli,58
2000,662,jarno-trulli,59
2000,663,jarno-trulli,60
2001,664,jarno-trulli,61
2001,665,jarno-trulli,62
2001,666,jarno-trulli,63
2001,667,jarno-trulli,64
2001,668,jarno-trulli,65
2001,669,jarno-trulli,66
2001,670,jarno-trulli,67
2001,671,jarno-trulli,68
2001,672,jarno-trulli,69
2001,673,jarno-trulli,70
2001,674,jarno-trulli,71
2001,675,jarno-trulli,72
2001,676,jarno-trulli,73
2001,677,jarno-trulli,74
2001,678,jarno-trulli,75
2001,679,jarno-trulli,76
2001,680,jarno-trulli,77
2002,681,jarno-trulli,78
2002,682,jarno-trulli,79
2002,683,jarno-trulli,80
2002,684,jarno-trulli,81
2002,685,jarno-trulli,82
2002,686,jarno-trulli,83
2002,687,jarno-trulli,84
2002,688,jarno-trulli,85
2002,689,jarno-trulli,86
2002,690,jarno-trulli,87
2002,691,jarno-trulli,88
2002,692,jarno-trulli,89
2002,693,jarno-trulli,90
2002,694,jarno-trulli,91
2002,695,jarno-trulli,92
2002,696,jarno-trulli,93
2002,697,jarno-trulli,94
2003,698,jarno-trulli,95
2003,699,jarno-trulli,96
2003,700,jarno-trulli,97
2003,701,jarno-trulli,98
2003,702,jarno-trulli,99
2003,703,jarno-trulli,100
2003,704,jarno-trulli,101
2003,705,jarno-trulli,102
2003,706,jarno-trulli,103
2003,707,jarno-trulli,104
2003,708,jarno-trulli,105
2003,709,jarno-trulli,106
2003,710,jarno-trulli,107
2003,711,jarno-trulli,108
2003,712,jarno-trulli,109
2003,713,jarno-trulli,110
2004,714,jarno-trulli,111
2004,715,jarno-trulli,112
2004,716,jarno-trulli,113
2004,717,jarno-trulli,114
2004,718,jarno-trulli,115
2004,719,jarno-trulli,116
2004,720,jarno-trulli,117
2004,721,jarno-trulli,118
2004,722,jarno-trulli,119
2004,723,jarno-trulli,120
2004,724,jarno-trulli,121
2004,725,jarno-trulli,122
2004,726,jarno-trulli,123
2004,727,jarno-trulli,124
2004,728,jarno-trulli,125
2004,730,jarno-trulli,126
2004,731,jarno-trulli,127
2005,732,jarno-trulli,128
2005,733,jarno-trulli,129
2005,734,jarno-trulli,130
2005,735,jarno-trulli,131
2005,736,jarno-trulli,132
2005,737,jarno-trulli,133
2005,738,jarno-trulli,134
2005,739,jarno-trulli,135
2005,741,jarno-trulli,136
2005,742,jarno-trulli,137
2005,743,jarno-trulli,138
2005,744,jarno-trulli,139
2005,745,jarno-trulli,140
2005,746,jarno-trulli,141
2005,747,jarno-trulli,142
2005,748,jarno-trulli,143
2005,749,jarno-trulli,144
2005,750,jarno-trulli,145
2006,751,jarno-trulli,146
2006,752,jarno-trulli,147
2006,753,jarno-trulli,148
2006,754,jarno-trulli,149
2006,755,jarno-trulli,150
2006,756,jarno-trulli,151
2006,757,jarno-trulli,152
2006,758,jarno-trulli,153
2006,759,jarno-trulli,154
2006,760,jarno-trulli,155
2006,761,jarno-trulli,156
2006,762,jarno-trulli,157
2006,763,jarno-trulli,158
2006,764,jarno-trulli,159
2006,765,jarno-trulli,160
2006,766,jarno-trulli,161
2006,767,jarno-trulli,162
2006,768,jarno-trulli,163
2007,769,jarno-trulli,164
2007,770,jarno-trulli,165
2007,771,jarno-trulli,166
2007,772,jarno-trulli,167
2007,773,jarno-trulli,168
2007,774,jarno-trulli,169
2007,775,jarno-trulli,170
2007,776,jarno-trulli,171
2007,777,jarno-trulli,172
2007,778,jarno-trulli,173
2007,779,jarno-trulli,174
2007,780,jarno-trulli,175
2007,781,jarno-trulli,176
2007,782,jarno-trulli,177
2007,783,jarno-trulli,178
2007,784,jarno-trulli,179
2007,785,jarno-trulli,180
2008,786,jarno-trulli,181
2008,787,jarno-trulli,182
2008,788,jarno-trulli,183
2008,789,jarno-trulli,184
2008,790,jarno-trulli,185
2008,791,jarno-trulli,186
2008,792,jarno-trulli,187
2008,793,jarno-trulli,188
2008,794,jarno-trulli,189
2008,795,jarno-trulli,190
2008,796,jarno-trulli,191
2008,797,jarno-trulli,192
2008,798,jarno-trulli,193
2008,799,jarno-trulli,194
2008,800,jarno-trulli,195
2008,801,jarno-trulli,196
2008,802,jarno-trulli,197
2008,803,jarno-trulli,198
2009,804,jarno-trulli,199
2009,805,jarno-trulli,200
2009,806,jarno-trulli,201
2009,807,jarno-trulli,202
2009,808,jarno-trulli,203
2009,809,jarno-trulli,204
2009,810,jarno-trulli,205
2009,811,jarno-trulli,206
2009,812,jarno-trulli,207
2009,813,jarno-trulli,208
2009,814,jarno-trulli,209
2009,815,jarno-trulli,210
2009,816,jarno-trulli,211
2009,817,jarno-trulli,212
2009,818,jarno-trulli,213
2009,819,jarno-trulli,214
2009,820,jarno-trulli,215
2010,821,jarno-trulli,216
2010,823,jarno-trulli,217
2010,824,jarno-trulli,218
2010,825,jarno-trulli,219
2010,826,jarno-trulli,220
2010,827,jarno-trulli,221
2010,828,jarno-trulli,222
2010,829,jarno-trulli,223
2010,830,jarno-trulli,224
2010,831,jarno-trulli,225
2010,832,jarno-trulli,226
2010,833,jarno-trulli,227
2010,834,jarno-trulli,228
2010,835,jarno-trulli,229
2010,836,jarno-trulli,230
2010,837,jarno-trulli,231
2010,838,jarno-trulli,232
2010,839,jarno-trulli,233
2011,840,jarno-trulli,234
2011,841,jarno-trulli,235
2011,842,jarno-trulli,236
2011,843,jarno-trulli,237
2011,844,jarno-trulli,238
2011,845,jarno-trulli,239
2011,846,jarno-trulli,240
2011,847,jarno-trulli,241
2011,848,jarno-trulli,242
2011,850,jarno-trulli,243
2011,851,jarno-trulli,244
2011,852,jarno-trulli,245
2011,853,jarno-trulli,246
2011,854,jarno-trulli,247
2011,855,jarno-trulli,248
2011,856,jarno-trulli,249
2011,857,jarno-trulli,250
2011,858,jarno-trulli,251
1989,475,jean-alesi,0
1989,476,jean-alesi,1
1989,477,jean-alesi,2
1989,478,jean-alesi,3
1989,480,jean-alesi,4
1989,482,jean-alesi,5
1989,483,jean-alesi,6
1989,484,jean-alesi,7
1990,485,jean-alesi,8
1990,486,jean-alesi,9
1990,487,jean-alesi,10
1990,488,jean-alesi,11
1990,489,jean-alesi,12
1990,490,jean-alesi,13
1990,491,jean-alesi,14
1990,492,jean-alesi,15
1990,493,jean-alesi,16
1990,494,jean-alesi,17
1990,495,jean-alesi,18
1990,496,jean-alesi,19
1990,497,jean-alesi,20
1990,498,jean-alesi,21
1990,500,jean-alesi,22
1991,501,jean-alesi,23
1991,502,jean-alesi,24
1991,503,jean-alesi,25
1991,504,jean-alesi,26
1991,505,jean-alesi,27
1991,506,jean-alesi,28
1991,507,jean-alesi,29
1991,508,jean-alesi,30
1991,509,jean-alesi,31
1991,510,jean-alesi,32
1991,511,jean-alesi,33
1991,512,jean-alesi,34
1991,513,jean-alesi,35
1991,514,jean-alesi,36
1991,515,jean-alesi,37
1991,516,jean-alesi,38
1992,517,jean-alesi,39
1992,518,jean-alesi,40
1992,519,jean-alesi,41
1992,520,jean-alesi,42
1992,521,jean-alesi,43
1992,522,jean-alesi,44
1992,523,jean-alesi,45
1992,524,jean-alesi,46
1992,525,jean-alesi,47
1992,526,jean-alesi,48
1992,527,jean-alesi,49
1992,528,jean-alesi,50
1992,529,jean-alesi,51
1992,530,jean-alesi,52
1992,531,jean-alesi,53
1992,532,jean-alesi,54
1993,533,jean-alesi,55
1993,534,jean-alesi,56
1993,535,jean-alesi,57
1993,536,jean-alesi,58
1993,537,jean-alesi,59
1993,538,jean-alesi,60
1993,539,jean-alesi,61
1993,540,jean-alesi,62
1993,541,jean-alesi,63
1993,542,jean-alesi,64
1993,543,jean-alesi,65
1993,544,jean-alesi,66
1993,545,jean-alesi,67
1993,546,jean-alesi,68
1993,547,jean-alesi,69
1993,548,jean-alesi,70
1994,549,jean-alesi,71
1994,552,jean-alesi,72
1994,553,jean-alesi,73
1994,554,jean-alesi,74
1994,555,jean-alesi,75
1994,556,jean-alesi,76
1994,557,jean-alesi,77
1994,558,jean-alesi,78
1994,559,jean-alesi,79
1994,560,jean-alesi,80
1994,561,jean-alesi,81
1994,562,jean-alesi,82
1994,563,jean-alesi,83
1994,564,jean-alesi,84
1995,565,jean-alesi,85
1995,566,jean-alesi,86
1995,567,jean-alesi,87
1995,568,jean-alesi,88
1995,569,jean-alesi,89
1995,570,jean-alesi,90
1995,571,jean-alesi,91
1995,572,jean-alesi,92
1995,573,jean-alesi,93
1995,574,jean-alesi,94
1995,575,jean-alesi,95
1995,576,jean-alesi,96
1995,577,jean-alesi,97
1995,578,jean-alesi,98
1995,579,jean-alesi,99
1995,580,jean-alesi,100
1995,581,jean-alesi,101
1996,582,jean-alesi,102
1996,583,jean-alesi,103
1996,584,jean-alesi,104
1996,585,jean-alesi,105
1996,586,jean-alesi,106
1996,587,jean-alesi,107
1996,588,jean-alesi,108
1996,589,jean-alesi,109
1996,590,jean-alesi,110
1996,591,jean-alesi,111
1996,592,jean-alesi,112
1996,593,jean-alesi,113
1996,594,jean-alesi,114
1996,595,jean-alesi,115
1996,596,jean-alesi,116
1996,597,jean-alesi,117
1997,598,jean-alesi,118
1997,599,jean-alesi,119
1997,600,jean-alesi,120
1997,601,jean-alesi,121
1997,602,jean-alesi,122
1997,603,jean-alesi,123
1997,604,jean-alesi,124
1997,605,jean-alesi,125
1997,606,jean-alesi,126
1997,607,jean-alesi,127
1997,608,jean-alesi,128
1997,609,jean-alesi,129
1997,610,jean-alesi,130
1997,611,jean-alesi,131
1997,612,jean-alesi,132
1997,613,jean-alesi,133
1997,614,jean-alesi,134
1998,615,jean-alesi,135
1998,616,jean-alesi,136
1998,617,jean-alesi,137
1998,618,jean-alesi,138
1998,619,jean-alesi,139
1998,620,jean-alesi,140
1998,621,jean-alesi,141
1998,622,jean-alesi,142
1998,623,jean-alesi,143
1998,624,jean-alesi,144
1998,625,jean-alesi,145
1998,626,jean-alesi,146
1998,627,jean-alesi,147
1998,628,jean-alesi,148
1998,629,jean-alesi,149
1998,630,jean-alesi,150
1999,631,jean-alesi,151
1999,632,jean-alesi,152
1999,633,jean-alesi,153
1999,634,jean-alesi,154
1999,635,jean-alesi,155
1999,636,jean-alesi,156
1999,637,jean-alesi,157
1999,638,jean-alesi,158
1999,639,jean-alesi,159
1999,640,jean-alesi,160
1999,641,jean-alesi,161
1999,642,jean-alesi,162
1999,643,jean-alesi,163
1999,644,jean-alesi,164
1999,645,jean-alesi,165
1999,646,jean-alesi,166
2000,647,jean-alesi,167
2000,648,jean-alesi,168
2000,649,jean-alesi,169
2000,650,jean-alesi,170
2000,651,jean-alesi,171
2000,652,jean-alesi,172
2000,653,jean-alesi,173
2000,654,jean-alesi,174
2000,655,jean-alesi,175
2000,656,jean-alesi,176
2000,657,jean-alesi,177
2000,658,jean-alesi,178
2000,659,jean-alesi,179
2000,660,jean-alesi,180
2000,661,jean-alesi,181
2000,662,jean-alesi,182
2000,663,jean-alesi,183
2001,664,jean-alesi,184
2001,665,jean-alesi,185
2001,666,jean-alesi,186
2001,667,jean-alesi,187
2001,668,jean-alesi,188
2001,669,jean-alesi,189
2001,670,jean-alesi,190
2001,671,jean-alesi,191
2001,672,jean-alesi,192
2001,673,jean-alesi,193
2001,674,jean-alesi,194
2001,675,jean-alesi,195
2001,676,jean-alesi,196
2001,677,jean-alesi,197
2001,678,jean-alesi,198
2001,679,jean-alesi,199
2001,680,jean-alesi,200
1995,569,jean-christophe-boullion,0
1995,570,jean-christophe-boullion,1
1995,571,jean-christophe-boullion,2
1995,572,jean-christophe-boullion,3
1995,573,jean-christophe-boullion,4
1995,574,jean-christophe-boullion,5
1995,575,jean-christophe-boullion,6
1995,576,jean-christophe-boullion,7
1995,577,jean-christophe-boullion,8
1995,578,jean-christophe-boullion,9
1995,579,jean-christophe-boullion,10
1994,564,jean-denis-deletraz,0
1995,577,jean-denis-deletraz,1
1995,578,jean-denis-deletraz,2
2012,859,jean-eric-vergne,0
2012,860,jean-eric-vergne,1
2012,861,jean-eric-vergne,2
2012,862,jean-eric-vergne,3
2012,863,jean-eric-vergne,4
2012,864,jean-eric-vergne,5
2012,865,jean-eric-vergne,6
2012,866,jean-eric-vergne,7
2012,867,jean-eric-vergne,8
2012,868,jean-eric-vergne,9
2012,869,jean-eric-vergne,10
2012,870,jean-eric-vergne,11
2012,871,jean-eric-vergne,12
2012,872,jean-eric-vergne,13
2012,873,jean-eric-vergne,14
2012,874,jean-eric-vergne,15
2012,875,jean-eric-vergne,16
2012,876,jean-eric-vergne,17
2012,877,jean-eric-vergne,18
2012,878,jean-eric-vergne,19
2013,879,jean-eric-vergne,20
2013,880,jean-eric-vergne,21
2013,881,jean-eric-vergne,22
2013,882,jean-eric-vergne,23
2013,883,jean-eric-vergne,24
2013,884,jean-eric-vergne,25
2013,885,jean-eric-vergne,26
2013,886,jean-eric-vergne,27
2013,887,jean-eric-vergne,28
2013,888,jean-eric-vergne,29
2013,889,jean-eric-vergne,30
2013,890,jean-eric-vergne,31
2013,891,jean-eric-vergne,32
2013,892,jean-eric-vergne,33
2013,893,jean-eric-vergne,34
2013,894,jean-eric-vergne,35
2013,895,jean-eric-vergne,36
2013,896,jean-eric-vergne,37
2013,897,jean-eric-vergne,38
2014,898,jean-eric-vergne,39
2014,899,jean-eric-vergne,40
2014,900,jean-eric-vergne,41
2014,901,jean-eric-vergne,42
2014,902,jean-eric-vergne,43
2014,903,jean-eric-vergne,44
2014,904,jean-eric-vergne,45
2014,905,jean-eric-vergne,46
2014,906,jean-eric-vergne,47
2014,907,jean-eric-vergne,48
2014,908,jean-eric-vergne,49
2014,909,jean-eric-vergne,50
2014,910,jean-eric-vergne,51
2014,911,jean-eric-vergne,52
2014,912,jean-eric-vergne,53
2014,913,jean-eric-vergne,54
2014,914,jean-eric-vergne,55
2014,915,jean-eric-vergne,56
2014,916,jean-eric-vergne,57
1988,464,jean-louis-schlesser,0
1993,547,jean-marc-gounon,0
1993,548,jean-marc-gounon,1
1994,555,jean-marc-gounon,2
1994,556,jean-marc-gounon,3
1994,557,jean-marc-gounon,4
1994,558,jean-marc-gounon,5
1994,559,jean-marc-gounon,6
1994,560,jean-marc-gounon,7
1994,561,jean-marc-gounon,8
2000,647,jenson-button,0
2000,648,jenson-button,1
2000,649,jenson-button,2
2000,650,jenson-button,3
2000,651,jenson-button,4
2000,652,jenson-button,5
2000,653,jenson-button,6
2000,654,jenson-button,7
2000,655,jenson-button,8
2000,656,jenson-button,9
2000,657,jenson-button,10
2000,658,jenson-button,11
2000,659,jenson-button,12
2000,660,jenson-button,13
2000,661,jenson-button,14
2000,662,jenson-button,15
2000,663,jenson-button,16
2001,664,jenson-button,17
2001,665,jenson-button,18
2001,666,jenson-button,19
2001,667,jenson-button,20
2001,668,jenson-button,21
2001,669,jenson-button,22
2001,670,jenson-button,23
2001,671,jenson-button,24
2001,672,jenson-button,25
2001,673,jenson-button,26
2001,674,jenson-button,27
2001,675,jenson-button,28
2001,676,jenson-button,29
2001,677,jenson-button,30
2001,678,jenson-button,31
2001,679,jenson-button,32
2001,680,jenson-button,33
2002,681,jenson-button,34
2002,682,jenson-button,35
2002,683,jenson-button,36
2002,684,jenson-button,37
2002,685,jenson-button,38
2002,686,jenson-button,39
2002,687,jenson-button,40
2002,688,jenson-button,41
2002,689,jenson-button,42
2002,690,jenson-button,43
2002,691,jenson-button,44
2002,692,jenson-button,45
2002,693,jenson-button,46
2002,694,jenson-button,47
2002,695,jenson-button,48
2002,696,jenson-button,49
2002,697,jenson-button,50
2003,698,jenson-button,51
2003,699,jenson-button,52
2003,700,jenson-button,53
2003,701,jenson-button,54
2003,702,jenson-button,55
2003,703,jenson-button,56
2003,705,jenson-button,57
2003,706,jenson-button,58
2003,707,jenson-button,59
2003,708,jenson-button,60
2003,709,jenson-button,61
2003,710,jenson-button,62
2003,711,jenson-button,63
2003,712,jenson-button,64
2003,713,jenson-button,65
2004,714,jenson-button,66
2004,715,jenson-button,67
2004,716,jenson-button,68
2004,717,jenson-button,69
2004,718,jenson-button,70
2004,719,jenson-button,71
2004,720,jenson-button,72
2004,721,jenson-button,73
2004,722,jenson-button,74
2004,723,jenson-button,75
2004,724,jenson-button,76
2004,725,jenson-button,77
2004,726,jenson-button,78
2004,727,jenson-button,79
2004,728,jenson-button,80
2004,729,jenson-button,81
2004,730,jenson-button,82
2004,731,jenson-button,83
2005,732,jenson-button,84
2005,733,jenson-button,85
2005,734,jenson-button,86
2005,735,jenson-button,87
2005,738,jenson-button,88
2005,739,jenson-button,89
2005,741,jenson-button,90
2005,742,jenson-button,91
2005,743,jenson-button,92
2005,744,jenson-button,93
2005,745,jenson-button,94
2005,746,jenson-button,95
2005,747,jenson-button,96
2005,748,jenson-button,97
2005,749,jenson-button,98
2005,750,jenson-button,99
2006,751,jenson-button,100
2006,752,jenson-button,101
2006,753,jenson-button,102
2006,754,jenson-button,103
2006,755,jenson-button,104
2006,756,jenson-button,105
2006,757,jenson-button,106
2006,758,jenson-button,107
2006,759,jenson-button,108
2006,760,jenson-button,109
2006,761,jenson-button,110
2006,762,jenson-button,111
2006,763,jenson-button,112
2006,764,jenson-button,113
2006,765,jenson-button,114
2006,766,jenson-button,115
2006,767,jenson-button,116
2006,768,jenson-button,117
2007,769,jenson-button,118
2007,770,jenson-button,119
2007,771,jenson-button,120
2007,772,jenson-button,121
2007,773,jenson-button,122
2007,774,jenson-button,123
2007,775,jenson-button,124
2007,776,jenson-button,125
2007,777,jenson-button,126
2007,778,jenson-button,127
2007,779,jenson-button,128
2007,780,jenson-button,129
2007,781,jenson-button,130
2007,782,jenson-button,131
2007,783,jenson-button,132
2007,784,jenson-button,133
2007,785,jenson-button,134
2008,786,jenson-button,135
2008,787,jenson-button,136
2008,788,jenson-button,137
2008,789,jenson-button,138
2008,790,jenson-button,139
2008,791,jenson-button,140
2008,792,jenson-button,141
2008,793,jenson-button,142
2008,794,jenson-button,143
2008,795,jenson-button,144
2008,796,jenson-button,145
2008,797,jenson-button,146
2008,798,jenson-button,147
2008,799,jenson-button,148
2008,800,jenson-button,149
2008,801,jenson-button,150
2008,802,jenson-button,151
2008,803,jenson-button,152
2009,804,jenson-button,153
2009,805,jenson-button,154
2009,806,jenson-button,155
2009,807,jenson-button,156
2009,808,jenson-button,157
2009,809,jenson-button,158
2009,810,jenson-button,159
2009,811,jenson-button,160
2009,812,jenson-button,161
2009,813,jenson-button,162
2009,814,jenson-button,163
2009,815,jenson-button,164
2009,816,jenson-button,165
2009,817,jenson-button,166
2009,818,jenson-button,167
2009,819,jenson-button,168
2009,820,jenson-button,169
2010,821,jenson-button,170
2010,822,jenson-button,171
2010,823,jenson-button,172
2010,824,jenson-button,173
2010,825,jenson-button,174
2010,826,jenson-button,175
2010,827,jenson-button,176
2010,828,jenson-button,177
2010,829,jenson-button,178
2010,830,jenson-button,179
2010,831,jenson-button,180
2010,832,jenson-button,181
2010,833,jenson-button,182
2010,834,jenson-button,183
2010,835,jenson-button,184
2010,836,jenson-button,185
2010,837,jenson-button,186
2010,838,jenson-button,187
2010,839,jenson-button,188
2011,840,jenson-button,189
2011,841,jenson-button,190
2011,842,jenson-button,191
2011,843,jenson-button,192
2011,844,jenson-button,193
2011,845,jenson-button,194
2011,846,jenson-button,195
2011,847,jenson-button,196
2011,848,jenson-button,197
2011,849,jenson-button,198
2011,850,jenson-button,199
2011,851,jenson-button,200
2011,852,jenson-button,201
2011,853,jenson-button,202
2011,854,jenson-button,203
2011,855,jenson-button,204
2011,856,jenson-button,205
2011,857,jenson-button,206
2011,858,jenson-button,207
2012,859,jenson-button,208
2012,860,jenson-button,209
2012,861,jenson-button,210
2012,862,jenson-button,211
2012,863,jenson-button,212
2012,864,jenson-button,213
2012,865,jenson-button,214
2012,866,jenson-button,215
2012,867,jenson-button,216
2012,868,jenson-button,217
2012,869,jenson-button,218
2012,870,jenson-button,219
2012,871,jenson-button,220
2012,872,jenson-button,221
2012,873,jenson-button,222
2012,874,jenson-button,223
2012,875,jenson-button,224
2012,876,jenson-button,225
2012,877,jenson-button,226
2012,878,jenson-button,227
2013,879,jenson-button,228
2013,880,jenson-button,229
2013,881,jenson-button,230
2013,882,jenson-button,231
2013,883,jenson-button,232
2013,884,jenson-button,233
2013,885,jenson-button,234
2013,886,jenson-button,235
2013,887,jenson-button,236
2013,888,jenson-button,237
2013,889,jenson-button,238
2013,890,jenson-button,239
2013,891,jenson-button,240
2013,892,jenson-button,241
2013,893,jenson-button,242
2013,894,jenson-button,243
2013,895,jenson-button,244
2013,896,jenson-button,245
2013,897,jenson-button,246
2014,898,jenson-button,247
2014,899,jenson-button,248
2014,900,jenson-button,249
2014,901,jenson-button,250
2014,902,jenson-button,251
2014,903,jenson-button,252
2014,904,jenson-button,253
2014,905,jenson-button,254
2014,906,jenson-button,255
2014,907,jenson-button,256
2014,908,jenson-button,257
2014,909,jenson-button,258
2014,910,jenson-button,259
2014,911,jenson-button,260
2014,912,jenson-button,261
2014,913,jenson-button,262
2014,914,jenson-button,263
2014,915,jenson-button,264
2014,916,jenson-button,265
2015,917,jenson-button,266
2015,918,jenson-button,267
2015,919,jenson-button,268
2015,921,jenson-button,269
2015,922,jenson-button,270
2015,923,jenson-button,271
2015,924,jenson-button,272
2015,925,jenson-button,273
2015,926,jenson-button,274
2015,927,jenson-button,275
2015,928,jenson-button,276
2015,929,jenson-button,277
2015,930,jenson-button,278
2015,931,jenson-button,279
2015,932,jenson-button,280
2015,933,jenson-button,281
2015,934,jenson-button,282
2015,935,jenson-button,283
2016,936,jenson-button,284
2016,937,jenson-button,285
2016,938,jenson-button,286
2016,939,jenson-button,287
2016,940,jenson-button,288
2016,941,jenson-button,289
2016,942,jenson-button,290
2016,943,jenson-button,291
2016,944,jenson-button,292
2016,945,jenson-button,293
2016,946,jenson-button,294
2016,947,jenson-button,295
2016,948,jenson-button,296
2016,949,jenson-button,297
2016,950,jenson-button,298
2016,951,jenson-button,299
2016,952,jenson-button,300
2016,953,jenson-button,301
2016,954,jenson-button,302
2016,955,jenson-button,303
2016,956,jenson-button,304
2017,962,jenson-button,305
2011,840,jerome-dambrosio,0
2011,841,jerome-dambrosio,1
2011,842,jerome-dambrosio,2
2011,843,jerome-dambrosio,3
2011,844,jerome-dambrosio,4
2011,845,jerome-dambrosio,5
2011,846,jerome-dambrosio,6
2011,847,jerome-dambrosio,7
2011,848,jerome-dambrosio,8
2011,849,jerome-dambrosio,9
2011,850,jerome-dambrosio,10
2011,851,jerome-dambrosio,11
2011,852,jerome-dambrosio,12
2011,853,jerome-dambrosio,13
2011,854,jerome-dambrosio,14
2011,855,jerome-dambrosio,15
2011,856,jerome-dambrosio,16
2011,857,jerome-dambrosio,17
2011,858,jerome-dambrosio,18
2012,871,jerome-dambrosio,19
1989,482,jj-lehto,0
1989,484,jj-lehto,1
1990,487,jj-lehto,2
1990,488,jj-lehto,3
1990,489,jj-lehto,4
1990,490,jj-lehto,5
1990,493,jj-lehto,6
1991,501,jj-lehto,7
1991,502,jj-lehto,8
1991,503,jj-lehto,9
1991,504,jj-lehto,10
1991,505,jj-lehto,11
1991,506,jj-lehto,12
1991,507,jj-lehto,13
1991,508,jj-lehto,14
1991,509,jj-lehto,15
1991,510,jj-lehto,16
1991,511,jj-lehto,17
1991,512,jj-lehto,18
1991,513,jj-lehto,19
1991,514,jj-lehto,20
1991,515,jj-lehto,21
1991,516,jj-lehto,22
1992,517,jj-lehto,23
1992,518,jj-lehto,24
1992,519,jj-lehto,25
1992,520,jj-lehto,26
1992,521,jj-lehto,27
1992,522,jj-lehto,28
1992,523,jj-lehto,29
1992,524,jj-lehto,30
1992,525,jj-lehto,31
1992,526,jj-lehto,32
1992,528,jj-lehto,33
1992,529,jj-lehto,34
1992,530,jj-lehto,35
1992,531,jj-lehto,36
1992,532,jj-lehto,37
1993,533,jj-lehto,38
1993,534,jj-lehto,39
1993,535,jj-lehto,40
1993,536,jj-lehto,41
1993,537,jj-lehto,42
1993,538,jj-lehto,43
1993,539,jj-lehto,44
1993,540,jj-lehto,45
1993,541,jj-lehto,46
1993,542,jj-lehto,47
1993,543,jj-lehto,48
1993,544,jj-lehto,49
1993,545,jj-lehto,50
1993,546,jj-lehto,51
1993,547,jj-lehto,52
1993,548,jj-lehto,53
1994,551,jj-lehto,54
1994,552,jj-lehto,55
1994,553,jj-lehto,56
1994,554,jj-lehto,57
1994,560,jj-lehto,58
1994,561,jj-lehto,59
1994,563,jj-lehto,60
1994,564,jj-lehto,61
1986,421,johnny-dumfries,0
1986,422,johnny-dumfries,1
1986,423,johnny-dumfries,2
1986,425,johnny-dumfries,3
1986,426,johnny-dumfries,4
1986,427,johnny-dumfries,5
1986,428,johnny-dumfries,6
1986,429,johnny-dumfries,7
1986,430,johnny-dumfries,8
1986,431,johnny-dumfries,9
1986,432,johnny-dumfries,10
1986,433,johnny-dumfries,11
1986,434,johnny-dumfries,12
1986,435,johnny-dumfries,13
1986,436,johnny-dumfries,14
1989,469,johnny-herbert,0
1989,470,johnny-herbert,1
1989,471,johnny-herbert,2
1989,472,johnny-herbert,3
1989,473,johnny-herbert,4
1989,479,johnny-herbert,5
1990,499,johnny-herbert,6
1990,500,johnny-herbert,7
1991,506,johnny-herbert,8
1991,507,johnny-herbert,9
1991,508,johnny-herbert,10
1991,511,johnny-herbert,11
1991,513,johnny-herbert,12
1991,515,johnny-herbert,13
1991,516,johnny-herbert,14
1992,517,johnny-herbert,15
1992,518,johnny-herbert,16
1992,519,johnny-herbert,17
1992,520,johnny-herbert,18
1992,521,johnny-herbert,19
1992,522,johnny-herbert,20
1992,523,johnny-herbert,21
1992,524,johnny-herbert,22
1992,525,johnny-herbert,23
1992,526,johnny-herbert,24
1992,527,johnny-herbert,25
1992,528,johnny-herbert,26
1992,529,johnny-herbert,27
1992,530,johnny-herbert,28
1992,531,johnny-herbert,29
1992,532,johnny-herbert,30
1993,533,johnny-herbert,31
1993,534,johnny-herbert,32
1993,535,johnny-herbert,33
1993,536,johnny-herbert,34
1993,537,johnny-herbert,35
1993,538,johnny-herbert,36
1993,539,johnny-herbert,37
1993,540,johnny-herbert,38
1993,541,johnny-herbert,39
1993,542,johnny-herbert,40
1993,543,johnny-herbert,41
1993,544,johnny-herbert,42
1993,545,johnny-herbert,43
1993,546,johnny-herbert,44
1993,547,johnny-herbert,45
1993,548,johnny-herbert,46
1994,549,johnny-herbert,47
1994,550,johnny-herbert,48
1994,551,johnny-herbert,49
1994,552,johnny-herbert,50
1994,553,johnny-herbert,51
1994,554,johnny-herbert,52
1994,555,johnny-herbert,53
1994,556,johnny-herbert,54
1994,557,johnny-herbert,55
1994,558,johnny-herbert,56
1994,559,johnny-herbert,57
1994,560,johnny-herbert,58
1994,561,johnny-herbert,59
1994,562,johnny-herbert,60
1994,563,johnny-herbert,61
1994,564,johnny-herbert,62
1995,565,johnny-herbert,63
1995,566,johnny-herbert,64
1995,567,johnny-herbert,65
1995,568,johnny-herbert,66
1995,569,johnny-herbert,67
1995,570,johnny-herbert,68
1995,571,johnny-herbert,69
1995,572,johnny-herbert,70
1995,573,johnny-herbert,71
1995,574,johnny-herbert,72
1995,575,johnny-herbert,73
1995,576,johnny-herbert,74
1995,577,johnny-herbert,75
1995,578,johnny-herbert,76
1995,579,johnny-herbert,77
1995,580,johnny-herbert,78
1995,581,johnny-herbert,79
1996,583,johnny-herbert,80
1996,584,johnny-herbert,81
1996,585,johnny-herbert,82
1996,586,johnny-herbert,83
1996,587,johnny-herbert,84
1996,588,johnny-herbert,85
1996,589,johnny-herbert,86
1996,590,johnny-herbert,87
1996,591,johnny-herbert,88
1996,592,johnny-herbert,89
1996,593,johnny-herbert,90
1996,594,johnny-herbert,91
1996,595,johnny-herbert,92
1996,596,johnny-herbert,93
1996,597,johnny-herbert,94
1997,598,johnny-herbert,95
1997,599,johnny-herbert,96
1997,600,johnny-herbert,97
1997,601,johnny-herbert,98
1997,602,johnny-herbert,99
1997,603,johnny-herbert,100
1997,604,johnny-herbert,101
1997,605,johnny-herbert,102
1997,606,johnny-herbert,103
1997,607,johnny-herbert,104
1997,608,johnny-herbert,105
1997,609,johnny-herbert,106
1997,610,johnny-herbert,107
1997,611,johnny-herbert,108
1997,612,johnny-herbert,109
1997,613,johnny-herbert,110
1997,614,johnny-herbert,111
1998,615,johnny-herbert,112
1998,616,johnny-herbert,113
1998,617,johnny-herbert,114
1998,618,johnny-herbert,115
1998,619,johnny-herbert,116
1998,620,johnny-herbert,117
1998,621,johnny-herbert,118
1998,622,johnny-herbert,119
1998,623,johnny-herbert,120
1998,624,johnny-herbert,121
1998,625,johnny-herbert,122
1998,626,johnny-herbert,123
1998,627,johnny-herbert,124
1998,628,johnny-herbert,125
1998,629,johnny-herbert,126
1998,630,johnny-herbert,127
1999,632,johnny-herbert,128
1999,633,johnny-herbert,129
1999,634,johnny-herbert,130
1999,635,johnny-herbert,131
1999,636,johnny-herbert,132
1999,637,johnny-herbert,133
1999,638,johnny-herbert,134
1999,639,johnny-herbert,135
1999,640,johnny-herbert,136
1999,641,johnny-herbert,137
1999,642,johnny-herbert,138
1999,643,johnny-herbert,139
1999,644,johnny-herbert,140
1999,645,johnny-herbert,141
1999,646,johnny-herbert,142
2000,647,johnny-herbert,143
2000,648,johnny-herbert,144
2000,649,johnny-herbert,145
2000,650,johnny-herbert,146
2000,651,johnny-herbert,147
2000,652,johnny-herbert,148
2000,653,johnny-herbert,149
2000,654,johnny-herbert,150
2000,655,johnny-herbert,151
2000,656,johnny-herbert,152
2000,657,johnny-herbert,153
2000,658,johnny-herbert,154
2000,659,johnny-herbert,155
2000,660,johnny-herbert,156
2000,661,johnny-herbert,157
2000,662,johnny-herbert,158
2000,663,johnny-herbert,159
2016,936,jolyon-palmer,0
2016,938,jolyon-palmer,1
2016,939,jolyon-palmer,2
2016,940,jolyon-palmer,3
2016,941,jolyon-palmer,4
2016,942,jolyon-palmer,5
2016,943,jolyon-palmer,6
2016,944,jolyon-palmer,7
2016,945,jolyon-palmer,8
2016,946,jolyon-palmer,9
2016,947,jolyon-palmer,10
2016,948,jolyon-palmer,11
2016,949,jolyon-palmer,12
2016,950,jolyon-palmer,13
2016,951,jolyon-palmer,14
2016,952,jolyon-palmer,15
2016,953,jolyon-palmer,16
2016,954,jolyon-palmer,17
2016,955,jolyon-palmer,18
2016,956,jolyon-palmer,19
2017,957,jolyon-palmer,20
2017,958,jolyon-palmer,21
2017,959,jolyon-palmer,22
2017,960,jolyon-palmer,23
2017,961,jolyon-palmer,24
2017,962,jolyon-palmer,25
2017,963,jolyon-palmer,26
2017,964,jolyon-palmer,27
2017,965,jolyon-palmer,28
2017,967,jolyon-palmer,29
2017,968,jolyon-palmer,30
2017,969,jolyon-palmer,31
2017,970,jolyon-palmer,32
2017,971,jolyon-palmer,33
2017,972,jolyon-palmer,34
1986,421,jonathan-palmer,0
1986,422,jonathan-palmer,1
1986,423,jonathan-palmer,2
1986,424,jonathan-palmer,3
1986,425,jonathan-palmer,4
1986,426,jonathan-palmer,5
1986,427,jonathan-palmer,6
1986,428,jonathan-palmer,7
1986,429,jonathan-palmer,8
1986,430,jonathan-palmer,9
1986,431,jonathan-palmer,10
1986,432,jonathan-palmer,11
1986,433,jonathan-palmer,12
1986,434,jonathan-palmer,13
1986,435,jonathan-palmer,14
1986,436,jonathan-palmer,15
1987,437,jonathan-palmer,16
1987,438,jonathan-palmer,17
1987,439,jonathan-palmer,18
1987,440,jonathan-palmer,19
1987,441,jonathan-palmer,20
1987,442,jonathan-palmer,21
1987,443,jonathan-palmer,22
1987,444,jonathan-palmer,23
1987,445,jonathan-palmer,24
1987,446,jonathan-palmer,25
1987,447,jonathan-palmer,26
1987,448,jonathan-palmer,27
1987,449,jonathan-palmer,28
1987,450,jonathan-palmer,29
1987,451,jonathan-palmer,30
1987,452,jonathan-palmer,31
1988,453,jonathan-palmer,32
1988,454,jonathan-palmer,33
1988,455,jonathan-palmer,34
1988,457,jonathan-palmer,35
1988,458,jonathan-palmer,36
1988,459,jonathan-palmer,37
1988,460,jonathan-palmer,38
1988,461,jonathan-palmer,39
1988,462,jonathan-palmer,40
1988,463,jonathan-palmer,41
1988,465,jonathan-palmer,42
1988,466,jonathan-palmer,43
1988,467,jonathan-palmer,44
1988,468,jonathan-palmer,45
1989,469,jonathan-palmer,46
1989,470,jonathan-palmer,47
1989,471,jonathan-palmer,48
1989,472,jonathan-palmer,49
1989,473,jonathan-palmer,50
1989,474,jonathan-palmer,51
1989,475,jonathan-palmer,52
1989,476,jonathan-palmer,53
1989,477,jonathan-palmer,54
1989,478,jonathan-palmer,55
1989,479,jonathan-palmer,56
1989,480,jonathan-palmer,57
1989,481,jonathan-palmer,58
1989,482,jonathan-palmer,59
1989,483,jonathan-palmer,60
1994,549,jos-verstappen,0
1994,550,jos-verstappen,1
1994,555,jos-verstappen,2
1994,556,jos-verstappen,3
1994,557,jos-verstappen,4
1994,558,jos-verstappen,5
1994,559,jos-verstappen,6
1994,560,jos-verstappen,7
1994,561,jos-verstappen,8
1994,562,jos-verstappen,9
1995,565,jos-verstappen,10
1995,566,jos-verstappen,11
1995,567,jos-verstappen,12
1995,568,jos-verstappen,13
1996,582,jos-verstappen,14
1996,583,jos-verstappen,15
1996,584,jos-verstappen,16
1996,585,jos-verstappen,17
1996,586,jos-verstappen,18
1996,587,jos-verstappen,19
1996,588,jos-verstappen,20
1996,589,jos-verstappen,21
1996,590,jos-verstappen,22
1996,591,jos-verstappen,23
1996,592,jos-verstappen,24
1996,593,jos-verstappen,25
1996,594,jos-verstappen,26
1996,595,jos-verstappen,27
1996,596,jos-verstappen,28
1996,597,jos-verstappen,29
1997,598,jos-verstappen,30
1997,599,jos-verstappen,31
1997,600,jos-verstappen,32
1997,601,jos-verstappen,33
1997,602,jos-verstappen,34
1997,603,jos-verstappen,35
1997,604,jos-verstappen,36
1997,605,jos-verstappen,37
1997,606,jos-verstappen,38
1997,607,jos-verstappen,39
1997,608,jos-verstappen,40
1997,609,jos-verstappen,41
1997,610,jos-verstappen,42
1997,611,jos-verstappen,43
1997,612,jos-verstappen,44
1997,613,jos-verstappen,45
1997,614,jos-verstappen,46
1998,622,jos-verstappen,47
1998,623,jos-verstappen,48
1998,624,jos-verstappen,49
1998,625,jos-verstappen,50
1998,626,jos-verstappen,51
1998,627,jos-verstappen,52
1998,628,jos-verstappen,53
1998,629,jos-verstappen,54
1998,630,jos-verstappen,55
2000,647,jos-verstappen,56
2000,648,jos-verstappen,57
2000,649,jos-verstappen,58
2000,650,jos-verstappen,59
2000,651,jos-verstappen,60
2000,652,jos-verstappen,61
2000,653,jos-verstappen,62
2000,654,jos-verstappen,63
2000,655,jos-verstappen,64
2000,656,jos-verstappen,65
2000,657,jos-verstappen,66
2000,658,jos-verstappen,67
2000,659,jos-verstappen,68
2000,660,jos-verstappen,69
2000,661,jos-verstappen,70
2000,662,jos-verstappen,71
2000,663,jos-verstappen,72
2001,664,jos-verstappen,73
2001,665,jos-verstappen,74
2001,666,jos-verstappen,75
2001,667,jos-verstappen,76
2001,668,jos-verstappen,77
2001,669,jos-verstappen,78
2001,670,jos-verstappen,79
2001,671,jos-verstappen,80
2001,672,jos-verstappen,81
2001,673,jos-verstappen,82
2001,674,jos-verstappen,83
2001,675,jos-verstappen,84
2001,676,jos-verstappen,85
2001,677,jos-verstappen,86
2001,678,jos-verstappen,87
2001,679,jos-verstappen,88
2001,680,jos-verstappen,89
2003,698,jos-verstappen,90
2003,699,jos-verstappen,91
2003,700,jos-verstappen,92
2003,701,jos-verstappen,93
2003,702,jos-verstappen,94
2003,703,jos-verstappen,95
2003,704,jos-verstappen,96
2003,705,jos-verstappen,97
2003,706,jos-verstappen,98
2003,707,jos-verstappen,99
2003,708,jos-verstappen,100
2003,709,jos-verstappen,101
2003,710,jos-verstappen,102
2003,711,jos-verstappen,103
2003,712,jos-verstappen,104
2003,713,jos-verstappen,105
2001,664,juan-pablo-montoya,0
2001,665,juan-pablo-montoya,1
2001,666,juan-pablo-montoya,2
2001,667,juan-pablo-montoya,3
2001,668,juan-pablo-montoya,4
2001,669,juan-pablo-montoya,5
2001,670,juan-pablo-montoya,6
2001,671,juan-pablo-montoya,7
2001,672,juan-pablo-montoya,8
2001,673,juan-pablo-montoya,9
2001,674,juan-pablo-montoya,10
2001,675,juan-pablo-montoya,11
2001,676,juan-pablo-montoya,12
2001,677,juan-pablo-montoya,13
2001,678,juan-pablo-montoya,14
2001,679,juan-pablo-montoya,15
2001,680,juan-pablo-montoya,16
2002,681,juan-pablo-montoya,17
2002,682,juan-pablo-montoya,18
2002,683,juan-pablo-montoya,19
2002,684,juan-pablo-montoya,20
2002,685,juan-pablo-montoya,21
2002,686,juan-pablo-montoya,22
2002,687,juan-pablo-montoya,23
2002,688,juan-pablo-montoya,24
2002,689,juan-pablo-montoya,25
2002,690,juan-pablo-montoya,26
2002,691,juan-pablo-montoya,27
2002,692,juan-pablo-montoya,28
2002,693,juan-pablo-montoya,29
2002,694,juan-pablo-montoya,30
2002,695,juan-pablo-montoya,31
2002,696,juan-pablo-montoya,32
2002,697,juan-pablo-montoya,33
2003,698,juan-pablo-montoya,34
2003,699,juan-pablo-montoya,35
2003,700,juan-pablo-montoya,36
2003,701,juan-pablo-montoya,37
2003,702,juan-pablo-montoya,38
2003,703,juan-pablo-montoya,39
2003,704,juan-pablo-montoya,40
2003,705,juan-pablo-montoya,41
2003,706,juan-pablo-montoya,42
2003,707,juan-pablo-montoya,43
2003,708,juan-pablo-montoya,44
2003,709,juan-pablo-montoya,45
2003,710,juan-pablo-montoya,46
2003,711,juan-pablo-montoya,47
2003,712,juan-pablo-montoya,48
2003,713,juan-pablo-montoya,49
2004,714,juan-pablo-montoya,50
2004,715,juan-pablo-montoya,51
2004,716,juan-pablo-montoya,52
2004,717,juan-pablo-montoya,53
2004,718,juan-pablo-montoya,54
2004,719,juan-pablo-montoya,55
2004,720,juan-pablo-montoya,56
2004,721,juan-pablo-montoya,57
2004,723,juan-pablo-montoya,58
2004,724,juan-pablo-montoya,59
2004,725,juan-pablo-montoya,60
2004,726,juan-pablo-montoya,61
2004,727,juan-pablo-montoya,62
2004,728,juan-pablo-montoya,63
2004,729,juan-pablo-montoya,64
2004,730,juan-pablo-montoya,65
2004,731,juan-pablo-montoya,66
2005,732,juan-pablo-montoya,67
2005,733,juan-pablo-montoya,68
2005,736,juan-pablo-montoya,69
2005,737,juan-pablo-montoya,70
2005,738,juan-pablo-montoya,71
2005,739,juan-pablo-montoya,72
2005,741,juan-pablo-montoya,73
2005,742,juan-pablo-montoya,74
2005,743,juan-pablo-montoya,75
2005,744,juan-pablo-montoya,76
2005,745,juan-pablo-montoya,77
2005,746,juan-pablo-montoya,78
2005,747,juan-pablo-montoya,79
2005,748,juan-pablo-montoya,80
2005,749,juan-pablo-montoya,81
2005,750,juan-pablo-montoya,82
2006,751,juan-pablo-montoya,83
2006,752,juan-pablo-montoya,84
2006,753,juan-pablo-montoya,85
2006,754,juan-pablo-montoya,86
2006,755,juan-pablo-montoya,87
2006,756,juan-pablo-montoya,88
2006,757,juan-pablo-montoya,89
2006,758,juan-pablo-montoya,90
2006,759,juan-pablo-montoya,91
2006,760,juan-pablo-montoya,92
2013,879,jules-bianchi,0
2013,880,jules-bianchi,1
2013,881,jules-bianchi,2
2013,882,jules-bianchi,3
2013,883,jules-bianchi,4
2013,884,jules-bianchi,5
2013,885,jules-bianchi,6
2013,886,jules-bianchi,7
2013,887,jules-bianchi,8
2013,888,jules-bianchi,9
2013,889,jules-bianchi,10
2013,890,jules-bianchi,11
2013,891,jules-bianchi,12
2013,892,jules-bianchi,13
2013,893,jules-bianchi,14
2013,894,jules-bianchi,15
2013,895,jules-bianchi,16
2013,896,jules-bianchi,17
2013,897,jules-bianchi,18
2014,898,jules-bianchi,19
2014,899,jules-bianchi,20
2014,900,jules-bianchi,21
2014,901,jules-bianchi,22
2014,902,jules-bianchi,23
2014,903,jules-bianchi,24
2014,904,jules-bianchi,25
2014,905,jules-bianchi,26
2014,906,jules-bianchi,27
2014,907,jules-bianchi,28
2014,908,jules-bianchi,29
2014,909,jules-bianchi,30
2014,910,jules-bianchi,31
2014,911,jules-bianchi,32
2014,912,jules-bianchi,33
1988,454,julian-bailey,0
1988,457,julian-bailey,1
1988,458,julian-bailey,2
1988,460,julian-bailey,3
1988,464,julian-bailey,4
1988,467,julian-bailey,5
1991,503,julian-bailey,6
2003,698,justin-wilson,0
2003,699,justin-wilson,1
2003,700,justin-wilson,2
2003,701,justin-wilson,3
2003,702,justin-wilson,4
2003,703,justin-wilson,5
2003,704,justin-wilson,6
2003,705,justin-wilson,7
2003,706,justin-wilson,8
2003,707,justin-wilson,9
2003,708,justin-wilson,10
2003,709,justin-wilson,11
2003,710,justin-wilson,12
2003,711,justin-wilson,13
2003,712,justin-wilson,14
2003,713,justin-wilson,15
2009,819,kamui-kobayashi,0
2009,820,kamui-kobayashi,1
2010,821,kamui-kobayashi,2
2010,822,kamui-kobayashi,3
2010,823,kamui-kobayashi,4
2010,824,kamui-kobayashi,5
2010,825,kamui-kobayashi,6
2010,826,kamui-kobayashi,7
2010,827,kamui-kobayashi,8
2010,828,kamui-kobayashi,9
2010,829,kamui-kobayashi,10
2010,830,kamui-kobayashi,11
2010,831,kamui-kobayashi,12
2010,832,kamui-kobayashi,13
2010,833,kamui-kobayashi,14
2010,834,kamui-kobayashi,15
2010,835,kamui-kobayashi,16
2010,836,kamui-kobayashi,17
2010,837,kamui-kobayashi,18
2010,838,kamui-kobayashi,19
2010,839,kamui-kobayashi,20
2011,840,kamui-kobayashi,21
2011,841,kamui-kobayashi,22
2011,842,kamui-kobayashi,23
2011,843,kamui-kobayashi,24
2011,844,kamui-kobayashi,25
2011,845,kamui-kobayashi,26
2011,846,kamui-kobayashi,27
2011,847,kamui-kobayashi,28
2011,848,kamui-kobayashi,29
2011,849,kamui-kobayashi,30
2011,850,kamui-kobayashi,31
2011,851,kamui-kobayashi,32
2011,852,kamui-kobayashi,33
2011,853,kamui-kobayashi,34
2011,854,kamui-kobayashi,35
2011,855,kamui-kobayashi,36
2011,856,kamui-kobayashi,37
2011,857,kamui-kobayashi,38
2011,858,kamui-kobayashi,39
2012,859,kamui-kobayashi,40
2012,860,kamui-kobayashi,41
2012,861,kamui-kobayashi,42
2012,862,kamui-kobayashi,43
2012,863,kamui-kobayashi,44
2012,864,kamui-kobayashi,45
2012,865,kamui-kobayashi,46
2012,866,kamui-kobayashi,47
2012,867,kamui-kobayashi,48
2012,868,kamui-kobayashi,49
2012,869,kamui-kobayashi,50
2012,870,kamui-kobayashi,51
2012,871,kamui-kobayashi,52
2012,872,kamui-kobayashi,53
2012,873,kamui-kobayashi,54
2012,874,kamui-kobayashi,55
2012,875,kamui-kobayashi,56
2012,876,kamui-kobayashi,57
2012,877,kamui-kobayashi,58
2012,878,kamui-kobayashi,59
2014,898,kamui-kobayashi,60
2014,899,kamui-kobayashi,61
2014,900,kamui-kobayashi,62
2014,901,kamui-kobayashi,63
2014,902,kamui-kobayashi,64
2014,903,kamui-kobayashi,65
2014,904,kamui-kobayashi,66
2014,905,kamui-kobayashi,67
2014,906,kamui-kobayashi,68
2014,907,kamui-kobayashi,69
2014,908,kamui-kobayashi,70
2014,910,kamui-kobayashi,71
2014,912,kamui-kobayashi,72
2014,913,kamui-kobayashi,73
2014,916,kamui-kobayashi,74
1991,515,karl-wendlinger,0
1991,516,karl-wendlinger,1
1992,517,karl-wendlinger,2
1992,518,karl-wendlinger,3
1992,519,karl-wendlinger,4
1992,520,karl-wendlinger,5
1992,521,karl-wendlinger,6
1992,522,karl-wendlinger,7
1992,523,karl-wendlinger,8
1992,524,karl-wendlinger,9
1992,525,karl-wendlinger,10
1992,526,karl-wendlinger,11
1992,527,karl-wendlinger,12
1992,528,karl-wendlinger,13
1992,529,karl-wendlinger,14
1992,530,karl-wendlinger,15
1993,533,karl-wendlinger,16
1993,534,karl-wendlinger,17
1993,535,karl-wendlinger,18
1993,536,karl-wendlinger,19
1993,537,karl-wendlinger,20
1993,538,karl-wendlinger,21
1993,539,karl-wendlinger,22
1993,540,karl-wendlinger,23
1993,541,karl-wendlinger,24
1993,542,karl-wendlinger,25
1993,543,karl-wendlinger,26
1993,544,karl-wendlinger,27
1993,545,karl-wendlinger,28
1993,546,karl-wendlinger,29
1993,547,karl-wendlinger,30
1993,548,karl-wendlinger,31
1994,549,karl-wendlinger,32
1994,550,karl-wendlinger,33
1994,551,karl-wendlinger,34
1995,565,karl-wendlinger,35
1995,566,karl-wendlinger,36
1995,567,karl-wendlinger,37
1995,568,karl-wendlinger,38
1995,580,karl-wendlinger,39
1995,581,karl-wendlinger,40
2010,821,karun-chandhok,0
2010,822,karun-chandhok,1
2010,823,karun-chandhok,2
2010,824,karun-chandhok,3
2010,825,karun-chandhok,4
2010,826,karun-chandhok,5
2010,827,karun-chandhok,6
2010,828,karun-chandhok,7
2010,829,karun-chandhok,8
2010,830,karun-chandhok,9
2011,849,karun-chandhok,10
2007,785,kazuki-nakajima,0
2008,786,kazuki-nakajima,1
2008,787,kazuki-nakajima,2
2008,788,kazuki-nakajima,3
2008,789,kazuki-nakajima,4
2008,790,kazuki-nakajima,5
2008,791,kazuki-nakajima,6
2008,792,kazuki-nakajima,7
2008,793,kazuki-nakajima,8
2008,794,kazuki-nakajima,9
2008,795,kazuki-nakajima,10
2008,796,kazuki-nakajima,11
2008,797,kazuki-nakajima,12
2008,798,kazuki-nakajima,13
2008,799,kazuki-nakajima,14
2008,800,kazuki-nakajima,15
2008,801,kazuki-nakajima,16
2008,802,kazuki-nakajima,17
2008,803,kazuki-nakajima,18
2009,804,kazuki-nakajima,19
2009,805,kazuki-nakajima,20
2009,806,kazuki-nakajima,21
2009,807,kazuki-nakajima,22
2009,808,kazuki-nakajima,23
2009,809,kazuki-nakajima,24
2009,810,kazuki-nakajima,25
2009,811,kazuki-nakajima,26
2009,812,kazuki-nakajima,27
2009,813,kazuki-nakajima,28
2009,814,kazuki-nakajima,29
2009,815,kazuki-nakajima,30
2009,816,kazuki-nakajima,31
2009,817,kazuki-nakajima,32
2009,818,kazuki-nakajima,33
2009,819,kazuki-nakajima,34
2009,820,kazuki-nakajima,35
1986,421,keke-rosberg,0
1986,422,keke-rosberg,1
1986,423,keke-rosberg,2
1986,424,keke-rosberg,3
1986,425,keke-rosberg,4
1986,426,keke-rosberg,5
1986,427,keke-rosberg,6
1986,428,keke-rosberg,7
1986,429,keke-rosberg,8
1986,430,keke-rosberg,9
1986,431,keke-rosberg,10
1986,432,keke-rosberg,11
1986,433,keke-rosberg,12
1986,434,keke-rosberg,13
1986,435,keke-rosberg,14
1986,436,keke-rosberg,15
2014,898,kevin-magnussen,0
2014,899,kevin-magnussen,1
2014,900,kevin-magnussen,2
2014,901,kevin-magnussen,3
2014,902,kevin-magnussen,4
2014,903,kevin-magnussen,5
2014,904,kevin-magnussen,6
2014,905,kevin-magnussen,7
2014,906,kevin-magnussen,8
2014,907,kevin-magnussen,9
2014,908,kevin-magnussen,10
2014,909,kevin-magnussen,11
2014,910,kevin-magnussen,12
2014,911,kevin-magnussen,13
2014,912,kevin-magnussen,14
2014,913,kevin-magnussen,15
2014,914,kevin-magnussen,16
2014,915,kevin-magnussen,17
2014,916,kevin-magnussen,18
2016,936,kevin-magnussen,19
2016,937,kevin-magnussen,20
2016,938,kevin-magnussen,21
2016,939,kevin-magnussen,22
2016,940,kevin-magnussen,23
2016,941,kevin-magnussen,24
2016,942,kevin-magnussen,25
2016,943,kevin-magnussen,26
2016,944,kevin-magnussen,27
2016,945,kevin-magnussen,28
2016,946,kevin-magnussen,29
2016,947,kevin-magnussen,30
2016,948,kevin-magnussen,31
2016,949,kevin-magnussen,32
2016,950,kevin-magnussen,33
2016,951,kevin-magnussen,34
2016,952,kevin-magnussen,35
2016,953,kevin-magnussen,36
2016,954,kevin-magnussen,37
2016,955,kevin-magnussen,38
2016,956,kevin-magnussen,39
2017,957,kevin-magnussen,40
2017,958,kevin-magnussen,41
2017,959,kevin-magnussen,42
2017,960,kevin-magnussen,43
2017,961,kevin-magnussen,44
2017,962,kevin-magnussen,45
2017,963,kevin-magnussen,46
2017,964,kevin-magnussen,47
2017,965,kevin-magnussen,48
2017,966,kevin-magnussen,49
2017,967,kevin-magnussen,50
2017,968,kevin-magnussen,51
2017,969,kevin-magnussen,52
2017,970,kevin-magnussen,53
2017,971,kevin-magnussen,54
2017,972,kevin-magnussen,55
2017,973,kevin-magnussen,56
2017,974,kevin-magnussen,57
2017,975,kevin-magnussen,58
2017,976,kevin-magnussen,59
2018,977,kevin-magnussen,60
2018,978,kevin-magnussen,61
2018,979,kevin-magnussen,62
2018,980,kevin-magnussen,63
2018,981,kevin-magnussen,64
2018,982,kevin-magnussen,65
2018,983,kevin-magnussen,66
2018,984,kevin-magnussen,67
2018,985,kevin-magnussen,68
2018,986,kevin-magnussen,69
2018,987,kevin-magnussen,70
2018,988,kevin-magnussen,71
2018,989,kevin-magnussen,72
2018,990,kevin-magnussen,73
2018,991,kevin-magnussen,74
2018,992,kevin-magnussen,75
2018,993,kevin-magnussen,76
2018,994,kevin-magnussen,77
2018,995,kevin-magnussen,78
2018,996,kevin-magnussen,79
2018,997,kevin-magnussen,80
2019,998,kevin-magnussen,81
2019,999,kevin-magnussen,82
2019,1000,kevin-magnussen,83
2019,1001,kevin-magnussen,84
2019,1002,kevin-magnussen,85
2019,1003,kevin-magnussen,86
2019,1004,kevin-magnussen,87
2019,1005,kevin-magnussen,88
2019,1006,kevin-magnussen,89
2019,1007,kevin-magnussen,90
2019,1008,kevin-magnussen,91
2019,1009,kevin-magnussen,92
2019,1010,kevin-magnussen,93
2019,1011,kevin-magnussen,94
2019,1012,kevin-magnussen,95
2019,1013,kevin-magnussen,96
2019,1014,kevin-magnussen,97
2019,1015,kevin-magnussen,98
2019,1016,kevin-magnussen,99
2019,1017,kevin-magnussen,100
2019,1018,kevin-magnussen,101
2020,1019,kevin-magnussen,102
2020,1020,kevin-magnussen,103
2020,1021,kevin-magnussen,104
2020,1022,kevin-magnussen,105
2020,1023,kevin-magnussen,106
2020,1024,kevin-magnussen,107
2020,1025,kevin-magnussen,108
2020,1026,kevin-magnussen,109
2020,1027,kevin-magnussen,110
2020,1028,kevin-magnussen,111
2020,1029,kevin-magnussen,112
2020,1030,kevin-magnussen,113
2020,1031,kevin-magnussen,114
2020,1032,kevin-magnussen,115
2020,1033,kevin-magnussen,116
2020,1034,kevin-magnussen,117
2020,1035,kevin-magnussen,118
2022,1058,kevin-magnussen,119
2022,1059,kevin-magnussen,120
2022,1060,kevin-magnussen,121
2022,1061,kevin-magnussen,122
2022,1062,kevin-magnussen,123
2022,1063,kevin-magnussen,124
2022,1064,kevin-magnussen,125
2022,1065,kevin-magnussen,126
2022,1066,kevin-magnussen,127
2022,1067,kevin-magnussen,128
2022,1068,kevin-magnussen,129
2022,1069,kevin-magnussen,130
2022,1070,kevin-magnussen,131
2022,1071,kevin-magnussen,132
2022,1072,kevin-magnussen,133
2022,1073,kevin-magnussen,134
2022,1074,kevin-magnussen,135
2022,1075,kevin-magnussen,136
2022,1076,kevin-magnussen,137
2022,1077,kevin-magnussen,138
2022,1078,kevin-magnussen,139
2022,1079,kevin-magnussen,140
2023,1080,kevin-magnussen,141
2023,1081,kevin-magnussen,142
2023,1082,kevin-magnussen,143
2023,1083,kevin-magnussen,144
2023,1084,kevin-magnussen,145
2023,1085,kevin-magnussen,146
2023,1086,kevin-magnussen,147
2023,1087,kevin-magnussen,148
2023,1088,kevin-magnussen,149
2023,1089,kevin-magnussen,150
2023,1090,kevin-magnussen,151
2023,1091,kevin-magnussen,152
2023,1092,kevin-magnussen,153
2023,1093,kevin-magnussen,154
2023,1094,kevin-magnussen,155
2023,1095,kevin-magnussen,156
2023,1096,kevin-magnussen,157
2023,1097,kevin-magnussen,158
2023,1098,kevin-magnussen,159
2023,1099,kevin-magnussen,160
2023,1100,kevin-magnussen,161
2023,1101,kevin-magnussen,162
2024,1102,kevin-magnussen,163
2024,1103,kevin-magnussen,164
2024,1104,kevin-magnussen,165
2024,1105,kevin-magnussen,166
2024,1106,kevin-magnussen,167
2024,1107,kevin-magnussen,168
2024,1108,kevin-magnussen,169
2024,1109,kevin-magnussen,170
2024,1110,kevin-magnussen,171
2024,1111,kevin-magnussen,172
2024,1112,kevin-magnussen,173
2024,1113,kevin-magnussen,174
2024,1114,kevin-magnussen,175
2024,1115,kevin-magnussen,176
2024,1116,kevin-magnussen,177
2024,1117,kevin-magnussen,178
2024,1119,kevin-magnussen,179
2024,1120,kevin-magnussen,180
2024,1121,kevin-magnussen,181
2024,1123,kevin-magnussen,182
2024,1124,kevin-magnussen,183
2024,1125,kevin-magnussen,184
2001,664,kimi-raikkonen,0
2001,665,kimi-raikkonen,1
2001,666,kimi-raikkonen,2
2001,667,kimi-raikkonen,3
2001,668,kimi-raikkonen,4
2001,669,kimi-raikkonen,5
2001,670,kimi-raikkonen,6
2001,671,kimi-raikkonen,7
2001,672,kimi-raikkonen,8
2001,673,kimi-raikkonen,9
2001,674,kimi-raikkonen,10
2001,675,kimi-raikkonen,11
2001,676,kimi-raikkonen,12
2001,677,kimi-raikkonen,13
2001,678,kimi-raikkonen,14
2001,679,kimi-raikkonen,15
2001,680,kimi-raikkonen,16
2002,681,kimi-raikkonen,17
2002,682,kimi-raikkonen,18
2002,683,kimi-raikkonen,19
2002,684,kimi-raikkonen,20
2002,685,kimi-raikkonen,21
2002,686,kimi-raikkonen,22
2002,687,kimi-raikkonen,23
2002,688,kimi-raikkonen,24
2002,689,kimi-raikkonen,25
2002,690,kimi-raikkonen,26
2002,691,kimi-raikkonen,27
2002,692,kimi-raikkonen,28
2002,693,kimi-raikkonen,29
2002,694,kimi-raikkonen,30
2002,695,kimi-raikkonen,31
2002,696,kimi-raikkonen,32
2002,697,kimi-raikkonen,33
2003,698,kimi-raikkonen,34
2003,699,kimi-raikkonen,35
2003,700,kimi-raikkonen,36
2003,701,kimi-raikkonen,37
2003,702,kimi-raikkonen,38
2003,703,kimi-raikkonen,39
2003,704,kimi-raikkonen,40
2003,705,kimi-raikkonen,41
2003,706,kimi-raikkonen,42
2003,707,kimi-raikkonen,43
2003,708,kimi-raikkonen,44
2003,709,kimi-raikkonen,45
2003,710,kimi-raikkonen,46
2003,711,kimi-raikkonen,47
2003,712,kimi-raikkonen,48
2003,713,kimi-raikkonen,49
2004,714,kimi-raikkonen,50
2004,715,kimi-raikkonen,51
2004,716,kimi-raikkonen,52
2004,717,kimi-raikkonen,53
2004,718,kimi-raikkonen,54
2004,719,kimi-raikkonen,55
2004,720,kimi-raikkonen,56
2004,721,kimi-raikkonen,57
2004,722,kimi-raikkonen,58
2004,723,kimi-raikkonen,59
2004,724,kimi-raikkonen,60
2004,725,kimi-raikkonen,61
2004,726,kimi-raikkonen,62
2004,727,kimi-raikkonen,63
2004,728,kimi-raikkonen,64
2004,729,kimi-raikkonen,65
2004,730,kimi-raikkonen,66
2004,731,kimi-raikkonen,67
2005,732,kimi-raikkonen,68
2005,733,kimi-raikkonen,69
2005,734,kimi-raikkonen,70
2005,735,kimi-raikkonen,71
2005,736,kimi-raikkonen,72
2005,737,kimi-raikkonen,73
2005,738,kimi-raikkonen,74
2005,739,kimi-raikkonen,75
2005,741,kimi-raikkonen,76
2005,742,kimi-raikkonen,77
2005,743,kimi-raikkonen,78
2005,744,kimi-raikkonen,79
2005,745,kimi-raikkonen,80
2005,746,kimi-raikkonen,81
2005,747,kimi-raikkonen,82
2005,748,kimi-raikkonen,83
2005,749,kimi-raikkonen,84
2005,750,kimi-raikkonen,85
2006,751,kimi-raikkonen,86
2006,752,kimi-raikkonen,87
2006,753,kimi-raikkonen,88
2006,754,kimi-raikkonen,89
2006,755,kimi-raikkonen,90
2006,756,kimi-raikkonen,91
2006,757,kimi-raikkonen,92
2006,758,kimi-raikkonen,93
2006,759,kimi-raikkonen,94
2006,760,kimi-raikkonen,95
2006,761,kimi-raikkonen,96
2006,762,kimi-raikkonen,97
2006,763,kimi-raikkonen,98
2006,764,kimi-raikkonen,99
2006,765,kimi-raikkonen,100
2006,766,kimi-raikkonen,101
2006,767,kimi-raikkonen,102
2006,768,kimi-raikkonen,103
2007,769,kimi-raikkonen,104
2007,770,kimi-raikkonen,105
2007,771,kimi-raikkonen,106
2007,772,kimi-raikkonen,107
2007,773,kimi-raikkonen,108
2007,774,kimi-raikkonen,109
2007,775,kimi-raikkonen,110
2007,776,kimi-raikkonen,111
2007,777,kimi-raikkonen,112
2007,778,kimi-raikkonen,113
2007,779,kimi-raikkonen,114
2007,780,kimi-raikkonen,115
2007,781,kimi-raikkonen,116
2007,782,kimi-raikkonen,117
2007,783,kimi-raikkonen,118
2007,784,kimi-raikkonen,119
2007,785,kimi-raikkonen,120
2008,786,kimi-raikkonen,121
2008,787,kimi-raikkonen,122
2008,788,kimi-raikkonen,123
2008,789,kimi-raikkonen,124
2008,790,kimi-raikkonen,125
2008,791,kimi-raikkonen,126
2008,792,kimi-raikkonen,127
2008,793,kimi-raikkonen,128
2008,794,kimi-raikkonen,129
2008,795,kimi-raikkonen,130
2008,796,kimi-raikkonen,131
2008,797,kimi-raikkonen,132
2008,798,kimi-raikkonen,133
2008,799,kimi-raikkonen,134
2008,800,kimi-raikkonen,135
2008,801,kimi-raikkonen,136
2008,802,kimi-raikkonen,137
2008,803,kimi-raikkonen,138
2009,804,kimi-raikkonen,139
2009,805,kimi-raikkonen,140
2009,806,kimi-raikkonen,141
2009,807,kimi-raikkonen,142
2009,808,kimi-raikkonen,143
2009,809,kimi-raikkonen,144
2009,810,kimi-raikkonen,145
2009,811,kimi-raikkonen,146
2009,812,kimi-raikkonen,147
2009,813,kimi-raikkonen,148
2009,814,kimi-raikkonen,149
2009,815,kimi-raikkonen,150
2009,816,kimi-raikkonen,151
2009,817,kimi-raikkonen,152
2009,818,kimi-raikkonen,153
2009,819,kimi-raikkonen,154
2009,820,kimi-raikkonen,155
2012,859,kimi-raikkonen,156
2012,860,kimi-raikkonen,157
2012,861,kimi-raikkonen,158
2012,862,kimi-raikkonen,159
2012,863,kimi-raikkonen,160
2012,864,kimi-raikkonen,161
2012,865,kimi-raikkonen,162
2012,866,kimi-raikkonen,163
2012,867,kimi-raikkonen,164
2012,868,kimi-raikkonen,165
2012,869,kimi-raikkonen,166
2012,870,kimi-raikkonen,167
2012,871,kimi-raikkonen,168
2012,872,kimi-raikkonen,169
2012,873,kimi-raikkonen,170
2012,874,kimi-raikkonen,171
2012,875,kimi-raikkonen,172
2012,876,kimi-raikkonen,173
2012,877,kimi-raikkonen,174
2012,878,kimi-raikkonen,175
2013,879,kimi-raikkonen,176
2013,880,kimi-raikkonen,177
2013,881,kimi-raikkonen,178
2013,882,kimi-raikkonen,179
2013,883,kimi-raikkonen,180
2013,884,kimi-raikkonen,181
2013,885,kimi-raikkonen,182
2013,886,kimi-raikkonen,183
2013,887,kimi-raikkonen,184
2013,888,kimi-raikkonen,185
2013,889,kimi-raikkonen,186
2013,890,kimi-raikkonen,187
2013,891,kimi-raikkonen,188
2013,892,kimi-raikkonen,189
2013,893,kimi-raikkonen,190
2013,894,kimi-raikkonen,191
2013,895,kimi-raikkonen,192
2014,898,kimi-raikkonen,193
2014,899,kimi-raikkonen,194
2014,900,kimi-raikkonen,195
2014,901,kimi-raikkonen,196
2014,902,kimi-raikkonen,197
2014,903,kimi-raikkonen,198
2014,904,kimi-raikkonen,199
2014,905,kimi-raikkonen,200
2014,906,kimi-raikkonen,201
2014,907,kimi-raikkonen,202
2014,908,kimi-raikkonen,203
2014,909,kimi-raikkonen,204
2014,910,kimi-raikkonen,205
2014,911,kimi-raikkonen,206
2014,912,kimi-raikkonen,207
2014,913,kimi-raikkonen,208
2014,914,kimi-raikkonen,209
2014,915,kimi-raikkonen,210
2014,916,kimi-raikkonen,211
2015,917,kimi-raikkonen,212
2015,918,kimi-raikkonen,213
2015,919,kimi-raikkonen,214
2015,920,kimi-raikkonen,215
2015,921,kimi-raikkonen,216
2015,922,kimi-raikkonen,217
2015,923,kimi-raikkonen,218
2015,924,kimi-raikkonen,219
2015,925,kimi-raikkonen,220
2015,926,kimi-raikkonen,221
2015,927,kimi-raikkonen,222
2015,928,kimi-raikkonen,223
2015,929,kimi-raikkonen,224
2015,930,kimi-raikkonen,225
2015,931,kimi-raikkonen,226
2015,932,kimi-raikkonen,227
2015,933,kimi-raikkonen,228
2015,934,kimi-raikkonen,229
2015,935,kimi-raikkonen,230
2016,936,kimi-raikkonen,231
2016,937,kimi-raikkonen,232
2016,938,kimi-raikkonen,233
2016,939,kimi-raikkonen,234
2016,940,kimi-raikkonen,235
2016,941,kimi-raikkonen,236
2016,942,kimi-raikkonen,237
2016,943,kimi-raikkonen,238
2016,944,kimi-raikkonen,239
2016,945,kimi-raikkonen,240
2016,946,kimi-raikkonen,241
2016,947,kimi-raikkonen,242
2016,948,kimi-raikkonen,243
2016,949,kimi-raikkonen,244
2016,950,kimi-raikkonen,245
2016,951,kimi-raikkonen,246
2016,952,kimi-raikkonen,247
2016,953,kimi-raikkonen,248
2016,954,kimi-raikkonen,249
2016,955,kimi-raikkonen,250
2016,956,kimi-raikkonen,251
2017,957,kimi-raikkonen,252
2017,958,kimi-raikkonen,253
2017,959,kimi-raikkonen,254
2017,960,kimi-raikkonen,255
2017,961,kimi-raikkonen,256
2017,962,kimi-raikkonen,257
2017,963,kimi-raikkonen,258
2017,964,kimi-raikkonen,259
2017,965,kimi-raikkonen,260
2017,966,kimi-raikkonen,261
2017,967,kimi-raikkonen,262
2017,968,kimi-raikkonen,263
2017,969,kimi-raikkonen,264
2017,970,kimi-raikkonen,265
2017,972,kimi-raikkonen,266
2017,973,kimi-raikkonen,267
2017,974,kimi-raikkonen,268
2017,975,kimi-raikkonen,269
2017,976,kimi-raikkonen,270
2018,977,kimi-raikkonen,271
2018,978,kimi-raikkonen,272
2018,979,kimi-raikkonen,273
2018,980,kimi-raikkonen,274
2018,981,kimi-raikkonen,275
2018,982,kimi-raikkonen,276
2018,983,kimi-raikkonen,277
2018,984,kimi-raikkonen,278
2018,985,kimi-raikkonen,279
2018,986,kimi-raikkonen,280
2018,987,kimi-raikkonen,281
2018,988,kimi-raikkonen,282
2018,989,kimi-raikkonen,283
2018,990,kimi-raikkonen,284
2018,991,kimi-raikkonen,285
2018,992,kimi-raikkonen,286
2018,993,kimi-raikkonen,287
2018,994,kimi-raikkonen,288
2018,995,kimi-raikkonen,289
2018,996,kimi-raikkonen,290
2018,997,kimi-raikkonen,291
2019,998,kimi-raikkonen,292
2019,999,kimi-raikkonen,293
2019,1000,kimi-raikkonen,294
2019,1001,kimi-raikkonen,295
2019,1002,kimi-raikkonen,296
2019,1003,kimi-raikkonen,297
2019,1004,kimi-raikkonen,298
2019,1005,kimi-raikkonen,299
2019,1006,kimi-raikkonen,300
2019,1007,kimi-raikkonen,301
2019,1008,kimi-raikkonen,302
2019,1009,kimi-raikkonen,303
2019,1010,kimi-raikkonen,304
2019,1011,kimi-raikkonen,305
2019,1012,kimi-raikkonen,306
2019,1013,kimi-raikkonen,307
2019,1014,kimi-raikkonen,308
2019,1015,kimi-raikkonen,309
2019,1016,kimi-raikkonen,310
2019,1017,kimi-raikkonen,311
2019,1018,kimi-raikkonen,312
2020,1019,kimi-raikkonen,313
2020,1020,kimi-raikkonen,314
2020,1021,kimi-raikkonen,315
2020,1022,kimi-raikkonen,316
2020,1023,kimi-raikkonen,317
2020,1024,kimi-raikkonen,318
2020,1025,kimi-raikkonen,319
2020,1026,kimi-raikkonen,320
2020,1027,kimi-raikkonen,321
2020,1028,kimi-raikkonen,322
2020,1029,kimi-raikkonen,323
2020,1030,kimi-raikkonen,324
2020,1031,kimi-raikkonen,325
2020,1032,kimi-raikkonen,326
2020,1033,kimi-raikkonen,327
2020,1034,kimi-raikkonen,328
2020,1035,kimi-raikkonen,329
2021,1036,kimi-raikkonen,330
2021,1037,kimi-raikkonen,331
2021,1038,kimi-raikkonen,332
2021,1039,kimi-raikkonen,333
2021,1040,kimi-raikkonen,334
2021,1041,kimi-raikkonen,335
2021,1042,kimi-raikkonen,336
2021,1043,kimi-raikkonen,337
2021,1044,kimi-raikkonen,338
2021,1045,kimi-raikkonen,339
2021,1046,kimi-raikkonen,340
2021,1047,kimi-raikkonen,341
2021,1050,kimi-raikkonen,342
2021,1051,kimi-raikkonen,343
2021,1052,kimi-raikkonen,344
2021,1053,kimi-raikkonen,345
2021,1054,kimi-raikkonen,346
2021,1055,kimi-raikkonen,347
2021,1056,kimi-raikkonen,348
2021,1057,kimi-raikkonen,349
2017,957,lance-stroll,0
2017,958,lance-stroll,1
2017,959,lance-stroll,2
2017,960,lance-stroll,3
2017,961,lance-stroll,4
2017,962,lance-stroll,5
2017,963,lance-stroll,6
2017,964,lance-stroll,7
2017,965,lance-stroll,8
2017,966,lance-stroll,9
2017,967,lance-stroll,10
2017,968,lance-stroll,11
2017,969,lance-stroll,12
2017,970,lance-stroll,13
2017,971,lance-stroll,14
2017,972,lance-stroll,15
2017,973,lance-stroll,16
2017,974,lance-stroll,17
2017,975,lance-stroll,18
2017,976,lance-stroll,19
2018,977,lance-stroll,20
2018,978,lance-stroll,21
2018,979,lance-stroll,22
2018,980,lance-stroll,23
2018,981,lance-stroll,24
2018,982,lance-stroll,25
2018,983,lance-stroll,26
2018,984,lance-stroll,27
2018,985,lance-stroll,28
2018,986,lance-stroll,29
2018,987,lance-stroll,30
2018,988,lance-stroll,31
2018,989,lance-stroll,32
2018,990,lance-stroll,33
2018,991,lance-stroll,34
2018,992,lance-stroll,35
2018,993,lance-stroll,36
2018,994,lance-stroll,37
2018,995,lance-stroll,38
2018,996,lance-stroll,39
2018,997,lance-stroll,40
2019,998,lance-stroll,41
2019,999,lance-stroll,42
2019,1000,lance-stroll,43
2019,1001,lance-stroll,44
2019,1002,lance-stroll,45
2019,1003,lance-stroll,46
2019,1004,lance-stroll,47
2019,1005,lance-stroll,48
2019,1006,lance-stroll,49
2019,1007,lance-stroll,50
2019,1008,lance-stroll,51
2019,1009,lance-stroll,52
2019,1010,lance-stroll,53
2019,1011,lance-stroll,54
2019,1012,lance-stroll,55
2019,1013,lance-stroll,56
2019,1014,lance-stroll,57
2019,1015,lance-stroll,58
2019,1016,lance-stroll,59
2019,1017,lance-stroll,60
2019,1018,lance-stroll,61
2020,1019,lance-stroll,62
2020,1020,lance-stroll,63
2020,1021,lance-stroll,64
2020,1022,lance-stroll,65
2020,1023,lance-stroll,66
2020,1024,lance-stroll,67
2020,1025,lance-stroll,68
2020,1026,lance-stroll,69
2020,1027,lance-stroll,70
2020,1028,lance-stroll,71
2020,1030,lance-stroll,72
2020,1031,lance-stroll,73
2020,1032,lance-stroll,74
2020,1033,lance-stroll,75
2020,1034,lance-stroll,76
2020,1035,lance-stroll,77
2021,1036,lance-stroll,78
2021,1037,lance-stroll,79
2021,1038,lance-stroll,80
2021,1039,lance-stroll,81
2021,1040,lance-stroll,82
2021,1041,lance-stroll,83
2021,1042,lance-stroll,84
2021,1043,lance-stroll,85
2021,1044,lance-stroll,86
2021,1045,lance-stroll,87
2021,1046,lance-stroll,88
2021,1047,lance-stroll,89
2021,1048,lance-stroll,90
2021,1049,lance-stroll,91
2021,1050,lance-stroll,92
2021,1051,lance-stroll,93
2021,1052,lance-stroll,94
2021,1053,lance-stroll,95
2021,1054,lance-stroll,96
2021,1055,lance-stroll,97
2021,1056,lance-stroll,98
2021,1057,lance-stroll,99
2022,1058,lance-stroll,100
2022,1059,lance-stroll,101
2022,1060,lance-stroll,102
2022,1061,lance-stroll,103
2022,1062,lance-stroll,104
2022,1063,lance-stroll,105
2022,1064,lance-stroll,106
2022,1065,lance-stroll,107
2022,1066,lance-stroll,108
2022,1067,lance-stroll,109
2022,1068,lance-stroll,110
2022,1069,lance-stroll,111
2022,1070,lance-stroll,112
2022,1071,lance-stroll,113
2022,1072,lance-stroll,114
2022,1073,lance-stroll,115
2022,1074,lance-stroll,116
2022,1075,lance-stroll,117
2022,1076,lance-stroll,118
2022,1077,lance-stroll,119
2022,1078,lance-stroll,120
2022,1079,lance-stroll,121
2023,1080,lance-stroll,122
2023,1081,lance-stroll,123
2023,1082,lance-stroll,124
2023,1083,lance-stroll,125
2023,1084,lance-stroll,126
2023,1085,lance-stroll,127
2023,1086,lance-stroll,128
2023,1087,lance-stroll,129
2023,1088,lance-stroll,130
2023,1089,lance-stroll,131
2023,1090,lance-stroll,132
2023,1091,lance-stroll,133
2023,1092,lance-stroll,134
2023,1093,lance-stroll,135
2023,1095,lance-stroll,136
2023,1096,lance-stroll,137
2023,1097,lance-stroll,138
2023,1098,lance-stroll,139
2023,1099,lance-stroll,140
2023,1100,lance-stroll,141
2023,1101,lance-stroll,142
2024,1102,lance-stroll,143
2024,1103,lance-stroll,144
2024,1104,lance-stroll,145
2024,1105,lance-stroll,146
2024,1106,lance-stroll,147
2024,1107,lance-stroll,148
2024,1108,lance-stroll,149
2024,1109,lance-stroll,150
2024,1110,lance-stroll,151
2024,1111,lance-stroll,152
2024,1112,lance-stroll,153
2024,1113,lance-stroll,154
2024,1114,lance-stroll,155
2024,1115,lance-stroll,156
2024,1116,lance-stroll,157
2024,1117,lance-stroll,158
2024,1118,lance-stroll,159
2024,1119,lance-stroll,160
2024,1120,lance-stroll,161
2024,1121,lance-stroll,162
2024,1123,lance-stroll,163
2024,1124,lance-stroll,164
2024,1125,lance-stroll,165
2019,998,lando-norris,0
2019,999,lando-norris,1
2019,1000,lando-norris,2
2019,1001,lando-norris,3
2019,1002,lando-norris,4
2019,1003,lando-norris,5
2019,1004,lando-norris,6
2019,1005,lando-norris,7
2019,1006,lando-norris,8
2019,1007,lando-norris,9
2019,1008,lando-norris,10
2019,1009,lando-norris,11
2019,1010,lando-norris,12
2019,1011,lando-norris,13
2019,1012,lando-norris,14
2019,1013,lando-norris,15
2019,1014,lando-norris,16
2019,1015,lando-norris,17
2019,1016,lando-norris,18
2019,1017,lando-norris,19
2019,1018,lando-norris,20
2020,1019,lando-norris,21
2020,1020,lando-norris,22
2020,1021,lando-norris,23
2020,1022,lando-norris,24
2020,1023,lando-norris,25
2020,1024,lando-norris,26
2020,1025,lando-norris,27
2020,1026,lando-norris,28
2020,1027,lando-norris,29
2020,1028,lando-norris,30
2020,1029,lando-norris,31
2020,1030,lando-norris,32
2020,1031,lando-norris,33
2020,1032,lando-norris,34
2020,1033,lando-norris,35
2020,1034,lando-norris,36
2020,1035,lando-norris,37
2021,1036,lando-norris,38
2021,1037,lando-norris,39
2021,1038,lando-norris,40
2021,1039,lando-norris,41
2021,1040,lando-norris,42
2021,1041,lando-norris,43
2021,1042,lando-norris,44
2021,1043,lando-norris,45
2021,1044,lando-norris,46
2021,1045,lando-norris,47
2021,1046,lando-norris,48
2021,1047,lando-norris,49
2021,1048,lando-norris,50
2021,1049,lando-norris,51
2021,1050,lando-norris,52
2021,1051,lando-norris,53
2021,1052,lando-norris,54
2021,1053,lando-norris,55
2021,1054,lando-norris,56
2021,1055,lando-norris,57
2021,1056,lando-norris,58
2021,1057,lando-norris,59
2022,1058,lando-norris,60
2022,1059,lando-norris,61
2022,1060,lando-norris,62
2022,1061,lando-norris,63
2022,1062,lando-norris,64
2022,1063,lando-norris,65
2022,1064,lando-norris,66
2022,1065,lando-norris,67
2022,1066,lando-norris,68
2022,1067,lando-norris,69
2022,1068,lando-norris,70
2022,1069,lando-norris,71
2022,1070,lando-norris,72
2022,1071,lando-norris,73
2022,1072,lando-norris,74
2022,1073,lando-norris,75
2022,1074,lando-norris,76
2022,1075,lando-norris,77
2022,1076,lando-norris,78
2022,1077,lando-norris,79
2022,1078,lando-norris,80
2022,1079,lando-norris,81
2023,1080,lando-norris,82
2023,1081,lando-norris,83
2023,1082,lando-norris,84
2023,1083,lando-norris,85
2023,1084,lando-norris,86
2023,1085,lando-norris,87
2023,1086,lando-norris,88
2023,1087,lando-norris,89
2023,1088,lando-norris,90
2023,1089,lando-norris,91
2023,1090,lando-norris,92
2023,1091,lando-norris,93
2023,1092,lando-norris,94
2023,1093,lando-norris,95
2023,1094,lando-norris,96
2023,1095,lando-norris,97
2023,1096,lando-norris,98
2023,1097,lando-norris,99
2023,1098,lando-norris,100
2023,1099,lando-norris,101
2023,1100,lando-norris,102
2023,1101,lando-norris,103
2024,1102,lando-norris,104
2024,1103,lando-norris,105
2024,1104,lando-norris,106
2024,1105,lando-norris,107
2024,1106,lando-norris,108
2024,1107,lando-norris,109
2024,1108,lando-norris,110
2024,1109,lando-norris,111
2024,1110,lando-norris,112
2024,1111,lando-norris,113
2024,1112,lando-norris,114
2024,1113,lando-norris,115
2024,1114,lando-norris,116
2024,1115,lando-norris,117
2024,1116,lando-norris,118
2024,1117,lando-norris,119
2024,1118,lando-norris,120
2024,1119,lando-norris,121
2024,1120,lando-norris,122
2024,1121,lando-norris,123
2024,1122,lando-norris,124
2024,1123,lando-norris,125
2024,1124,lando-norris,126
2024,1125,lando-norris,127
2007,769,lewis-hamilton,0
2007,770,lewis-hamilton,1
2007,771,lewis-hamilton,2
2007,772,lewis-hamilton,3
2007,773,lewis-hamilton,4
2007,774,lewis-hamilton,5
2007,775,lewis-hamilton,6
2007,776,lewis-hamilton,7
2007,777,lewis-hamilton,8
2007,778,lewis-hamilton,9
2007,779,lewis-hamilton,10
2007,780,lewis-hamilton,11
2007,781,lewis-hamilton,12
2007,782,lewis-hamilton,13
2007,783,lewis-hamilton,14
2007,784,lewis-hamilton,15
2007,785,lewis-hamilton,16
2008,786,lewis-hamilton,17
2008,787,lewis-hamilton,18
2008,788,lewis-hamilton,19
2008,789,lewis-hamilton,20
2008,790,lewis-hamilton,21
2008,791,lewis-hamilton,22
2008,792,lewis-hamilton,23
2008,793,lewis-hamilton,24
2008,794,lewis-hamilton,25
2008,795,lewis-hamilton,26
2008,796,lewis-hamilton,27
2008,797,lewis-hamilton,28
2008,798,lewis-hamilton,29
2008,799,lewis-hamilton,30
2008,800,lewis-hamilton,31
2008,801,lewis-hamilton,32
2008,802,lewis-hamilton,33
2008,803,lewis-hamilton,34
2009,804,lewis-hamilton,35
2009,805,lewis-hamilton,36
2009,806,lewis-hamilton,37
2009,807,lewis-hamilton,38
2009,808,lewis-hamilton,39
2009,809,lewis-hamilton,40
2009,810,lewis-hamilton,41
2009,811,lewis-hamilton,42
2009,812,lewis-hamilton,43
2009,813,lewis-hamilton,44
2009,814,lewis-hamilton,45
2009,815,lewis-hamilton,46
2009,816,lewis-hamilton,47
2009,817,lewis-hamilton,48
2009,818,lewis-hamilton,49
2009,819,lewis-hamilton,50
2009,820,lewis-hamilton,51
2010,821,lewis-hamilton,52
2010,822,lewis-hamilton,53
2010,823,lewis-hamilton,54
2010,824,lewis-hamilton,55
2010,825,lewis-hamilton,56
2010,826,lewis-hamilton,57
2010,827,lewis-hamilton,58
2010,828,lewis-hamilton,59
2010,829,lewis-hamilton,60
2010,830,lewis-hamilton,61
2010,831,lewis-hamilton,62
2010,832,lewis-hamilton,63
2010,833,lewis-hamilton,64
2010,834,lewis-hamilton,65
2010,835,lewis-hamilton,66
2010,836,lewis-hamilton,67
2010,837,lewis-hamilton,68
2010,838,lewis-hamilton,69
2010,839,lewis-hamilton,70
2011,840,lewis-hamilton,71
2011,841,lewis-hamilton,72
2011,842,lewis-hamilton,73
2011,843,lewis-hamilton,74
2011,844,lewis-hamilton,75
2011,845,lewis-hamilton,76
2011,846,lewis-hamilton,77
2011,847,lewis-hamilton,78
2011,848,lewis-hamilton,79
2011,849,lewis-hamilton,80
2011,850,lewis-hamilton,81
2011,851,lewis-hamilton,82
2011,852,lewis-hamilton,83
2011,853,lewis-hamilton,84
2011,854,lewis-hamilton,85
2011,855,lewis-hamilton,86
2011,856,lewis-hamilton,87
2011,857,lewis-hamilton,88
2011,858,lewis-hamilton,89
2012,859,lewis-hamilton,90
2012,860,lewis-hamilton,91
2012,861,lewis-hamilton,92
2012,862,lewis-hamilton,93
2012,863,lewis-hamilton,94
2012,864,lewis-hamilton,95
2012,865,lewis-hamilton,96
2012,866,lewis-hamilton,97
2012,867,lewis-hamilton,98
2012,868,lewis-hamilton,99
2012,869,lewis-hamilton,100
2012,870,lewis-hamilton,101
2012,871,lewis-hamilton,102
2012,872,lewis-hamilton,103
2012,873,lewis-hamilton,104
2012,874,lewis-hamilton,105
2012,875,lewis-hamilton,106
2012,876,lewis-hamilton,107
2012,877,lewis-hamilton,108
2012,878,lewis-hamilton,109
2013,879,lewis-hamilton,110
2013,880,lewis-hamilton,111
2013,881,lewis-hamilton,112
2013,882,lewis-hamilton,113
2013,883,lewis-hamilton,114
2013,884,lewis-hamilton,115
2013,885,lewis-hamilton,116
2013,886,lewis-hamilton,117
2013,887,lewis-hamilton,118
2013,888,lewis-hamilton,119
2013,889,lewis-hamilton,120
2013,890,lewis-hamilton,121
2013,891,lewis-hamilton,122
2013,892,lewis-hamilton,123
2013,893,lewis-hamilton,124
2013,894,lewis-hamilton,125
2013,895,lewis-hamilton,126
2013,896,lewis-hamilton,127
2013,897,lewis-hamilton,128
2014,898,lewis-hamilton,129
2014,899,lewis-hamilton,130
2014,900,lewis-hamilton,131
2014,901,lewis-hamilton,132
2014,902,lewis-hamilton,133
2014,903,lewis-hamilton,134
2014,904,lewis-hamilton,135
2014,905,lewis-hamilton,136
2014,906,lewis-hamilton,137
2014,907,lewis-hamilton,138
2014,908,lewis-hamilton,139
2014,909,lewis-hamilton,140
2014,910,lewis-hamilton,141
2014,911,lewis-hamilton,142
2014,912,lewis-hamilton,143
2014,913,lewis-hamilton,144
2014,914,lewis-hamilton,145
2014,915,lewis-hamilton,146
2014,916,lewis-hamilton,147
2015,917,lewis-hamilton,148
2015,918,lewis-hamilton,149
2015,919,lewis-hamilton,150
2015,920,lewis-hamilton,151
2015,921,lewis-hamilton,152
2015,922,lewis-hamilton,153
2015,923,lewis-hamilton,154
2015,924,lewis-hamilton,155
2015,925,lewis-hamilton,156
2015,926,lewis-hamilton,157
2015,927,lewis-hamilton,158
2015,928,lewis-hamilton,159
2015,929,lewis-hamilton,160
2015,930,lewis-hamilton,161
2015,931,lewis-hamilton,162
2015,932,lewis-hamilton,163
2015,933,lewis-hamilton,164
2015,934,lewis-hamilton,165
2015,935,lewis-hamilton,166
2016,936,lewis-hamilton,167
2016,937,lewis-hamilton,168
2016,938,lewis-hamilton,169
2016,939,lewis-hamilton,170
2016,940,lewis-hamilton,171
2016,941,lewis-hamilton,172
2016,942,lewis-hamilton,173
2016,943,lewis-hamilton,174
2016,944,lewis-hamilton,175
2016,945,lewis-hamilton,176
2016,946,lewis-hamilton,177
2016,947,lewis-hamilton,178
2016,948,lewis-hamilton,179
2016,949,lewis-hamilton,180
2016,950,lewis-hamilton,181
2016,951,lewis-hamilton,182
2016,952,lewis-hamilton,183
2016,953,lewis-hamilton,184
2016,954,lewis-hamilton,185
2016,955,lewis-hamilton,186
2016,956,lewis-hamilton,187
2017,957,lewis-hamilton,188
2017,958,lewis-hamilton,189
2017,959,lewis-hamilton,190
2017,960,lewis-hamilton,191
2017,961,lewis-hamilton,192
2017,962,lewis-hamilton,193
2017,963,lewis-hamilton,194
2017,964,lewis-hamilton,195
2017,965,lewis-hamilton,196
2017,966,lewis-hamilton,197
2017,967,lewis-hamilton,198
2017,968,lewis-hamilton,199
2017,969,lewis-hamilton,200
2017,970,lewis-hamilton,201
2017,971,lewis-hamilton,202
2017,972,lewis-hamilton,203
2017,973,lewis-hamilton,204
2017,974,lewis-hamilton,205
2017,975,lewis-hamilton,206
2017,976,lewis-hamilton,207
2018,977,lewis-hamilton,208
2018,978,lewis-hamilton,209
2018,979,lewis-hamilton,210
2018,980,lewis-hamilton,211
2018,981,lewis-hamilton,212
2018,982,lewis-hamilton,213
2018,983,lewis-hamilton,214
2018,984,lewis-hamilton,215
2018,985,lewis-hamilton,216
2018,986,lewis-hamilton,217
2018,987,lewis-hamilton,218
2018,988,lewis-hamilton,219
2018,989,lewis-hamilton,220
2018,990,lewis-hamilton,221
2018,991,lewis-hamilton,222
2018,992,lewis-hamilton,223
2018,993,lewis-hamilton,224
2018,994,lewis-hamilton,225
2018,995,lewis-hamilton,226
2018,996,lewis-hamilton,227
2018,997,lewis-hamilton,228
2019,998,lewis-hamilton,229
2019,999,lewis-hamilton,230
2019,1000,lewis-hamilton,231
2019,1001,lewis-hamilton,232
2019,1002,lewis-hamilton,233
2019,1003,lewis-hamilton,234
2019,1004,lewis-hamilton,235
2019,1005,lewis-hamilton,236
2019,1006,lewis-hamilton,237
2019,1007,lewis-hamilton,238
2019,1008,lewis-hamilton,239
2019,1009,lewis-hamilton,240
2019,1010,lewis-hamilton,241
2019,1011,lewis-hamilton,242
2019,1012,lewis-hamilton,243
2019,1013,lewis-hamilton,244
2019,1014,lewis-hamilton,245
2019,1015,lewis-hamilton,246
2019,1016,lewis-hamilton,247
2019,1017,lewis-hamilton,248
2019,1018,lewis-hamilton,249
2020,1019,lewis-hamilton,250
2020,1020,lewis-hamilton,251
2020,1021,lewis-hamilton,252
2020,1022,lewis-hamilton,253
2020,1023,lewis-hamilton,254
2020,1024,lewis-hamilton,255
2020,1025,lewis-hamilton,256
2020,1026,lewis-hamilton,257
2020,1027,lewis-hamilton,258
2020,1028,lewis-hamilton,259
2020,1029,lewis-hamilton,260
2020,1030,lewis-hamilton,261
2020,1031,lewis-hamilton,262
2020,1032,lewis-hamilton,263
2020,1033,lewis-hamilton,264
2020,1035,lewis-hamilton,265
2021,1036,lewis-hamilton,266
2021,1037,lewis-hamilton,267
2021,1038,lewis-hamilton,268
2021,1039,lewis-hamilton,269
2021,1040,lewis-hamilton,270
2021,1041,lewis-hamilton,271
2021,1042,lewis-hamilton,272
2021,1043,lewis-hamilton,273
2021,1044,lewis-hamilton,274
2021,1045,lewis-hamilton,275
2021,1046,lewis-hamilton,276
2021,1047,lewis-hamilton,277
2021,1048,lewis-hamilton,278
2021,1049,lewis-hamilton,279
2021,1050,lewis-hamilton,280
2021,1051,lewis-hamilton,281
2021,1052,lewis-hamilton,282
2021,1053,lewis-hamilton,283
2021,1054,lewis-hamilton,284
2021,1055,lewis-hamilton,285
2021,1056,lewis-hamilton,286
2021,1057,lewis-hamilton,287
2022,1058,lewis-hamilton,288
2022,1059,lewis-hamilton,289
2022,1060,lewis-hamilton,290
2022,1061,lewis-hamilton,291
2022,1062,lewis-hamilton,292
2022,1063,lewis-hamilton,293
2022,1064,lewis-hamilton,294
2022,1065,lewis-hamilton,295
2022,1066,lewis-hamilton,296
2022,1067,lewis-hamilton,297
2022,1068,lewis-hamilton,298
2022,1069,lewis-hamilton,299
2022,1070,lewis-hamilton,300
2022,1071,lewis-hamilton,301
2022,1072,lewis-hamilton,302
2022,1073,lewis-hamilton,303
2022,1074,lewis-hamilton,304
2022,1075,lewis-hamilton,305
2022,1076,lewis-hamilton,306
2022,1077,lewis-hamilton,307
2022,1078,lewis-hamilton,308
2022,1079,lewis-hamilton,309
2023,1080,lewis-hamilton,310
2023,1081,lewis-hamilton,311
2023,1082,lewis-hamilton,312
2023,1083,lewis-hamilton,313
2023,1084,lewis-hamilton,314
2023,1085,lewis-hamilton,315
2023,1086,lewis-hamilton,316
2023,1087,lewis-hamilton,317
2023,1088,lewis-hamilton,318
2023,1089,lewis-hamilton,319
2023,1090,lewis-hamilton,320
2023,1091,lewis-hamilton,321
2023,1092,lewis-hamilton,322
2023,1093,lewis-hamilton,323
2023,1094,lewis-hamilton,324
2023,1095,lewis-hamilton,325
2023,1096,lewis-hamilton,326
2023,1097,lewis-hamilton,327
2023,1098,lewis-hamilton,328
2023,1099,lewis-hamilton,329
2023,1100,lewis-hamilton,330
2023,1101,lewis-hamilton,331
2024,1102,lewis-hamilton,332
2024,1103,lewis-hamilton,333
2024,1104,lewis-hamilton,334
2024,1105,lewis-hamilton,335
2024,1106,lewis-hamilton,336
2024,1107,lewis-hamilton,337
2024,1108,lewis-hamilton,338
2024,1109,lewis-hamilton,339
2024,1110,lewis-hamilton,340
2024,1111,lewis-hamilton,341
2024,1112,lewis-hamilton,342
2024,1113,lewis-hamilton,343
2024,1114,lewis-hamilton,344
2024,1115,lewis-hamilton,345
2024,1116,lewis-hamilton,346
2024,1117,lewis-hamilton,347
2024,1118,lewis-hamilton,348
2024,1119,lewis-hamilton,349
2024,1120,lewis-hamilton,350
2024,1121,lewis-hamilton,351
2024,1122,lewis-hamilton,352
2024,1123,lewis-hamilton,353
2024,1124,lewis-hamilton,354
2024,1125,lewis-hamilton,355
2023,1092,liam-lawson,0
2023,1093,liam-lawson,1
2023,1094,liam-lawson,2
2023,1095,liam-lawson,3
2023,1096,liam-lawson,4
2024,1120,liam-lawson,5
2024,1121,liam-lawson,6
2024,1122,liam-lawson,7
2024,1123,liam-lawson,8
2024,1124,liam-lawson,9
2024,1125,liam-lawson,10
2023,1080,logan-sargeant,0
2023,1081,logan-sargeant,1
2023,1082,logan-sargeant,2
2023,1083,logan-sargeant,3
2023,1084,logan-sargeant,4
2023,1085,logan-sargeant,5
2023,1086,logan-sargeant,6
2023,1087,logan-sargeant,7
2023,1088,logan-sargeant,8
2023,1089,logan-sargeant,9
2023,1090,logan-sargeant,10
2023,1091,logan-sargeant,11
2023,1092,logan-sargeant,12
2023,1093,logan-sargeant,13
2023,1094,logan-sargeant,14
2023,1095,logan-sargeant,15
2023,1096,logan-sargeant,16
2023,1097,logan-sargeant,17
2023,1098,logan-sargeant,18
2023,1099,logan-sargeant,19
2023,1100,logan-sargeant,20
2023,1101,logan-sargeant,21
2024,1102,logan-sargeant,22
2024,1103,logan-sargeant,23
2024,1105,logan-sargeant,24
2024,1106,logan-sargeant,25
2024,1107,logan-sargeant,26
2024,1108,logan-sargeant,27
2024,1109,logan-sargeant,28
2024,1110,logan-sargeant,29
2024,1111,logan-sargeant,30
2024,1112,logan-sargeant,31
2024,1113,logan-sargeant,32
2024,1114,logan-sargeant,33
2024,1115,logan-sargeant,34
2024,1116,logan-sargeant,35
1993,533,luca-badoer,0
1993,534,luca-badoer,1
1993,536,luca-badoer,2
1993,537,luca-badoer,3
1993,539,luca-badoer,4
1993,540,luca-badoer,5
1993,541,luca-badoer,6
1993,542,luca-badoer,7
1993,543,luca-badoer,8
1993,544,luca-badoer,9
1993,545,luca-badoer,10
1993,546,luca-badoer,11
1995,565,luca-badoer,12
1995,567,luca-badoer,13
1995,568,luca-badoer,14
1995,569,luca-badoer,15
1995,570,luca-badoer,16
1995,571,luca-badoer,17
1995,572,luca-badoer,18
1995,573,luca-badoer,19
1995,574,luca-badoer,20
1995,575,luca-badoer,21
1995,576,luca-badoer,22
1995,577,luca-badoer,23
1995,578,luca-badoer,24
1995,579,luca-badoer,25
1995,580,luca-badoer,26
1996,583,luca-badoer,27
1996,584,luca-badoer,28
1996,586,luca-badoer,29
1996,587,luca-badoer,30
1996,589,luca-badoer,31
1996,590,luca-badoer,32
1999,631,luca-badoer,33
1999,633,luca-badoer,34
1999,634,luca-badoer,35
1999,635,luca-badoer,36
1999,636,luca-badoer,37
1999,637,luca-badoer,38
1999,638,luca-badoer,39
1999,639,luca-badoer,40
1999,640,luca-badoer,41
1999,641,luca-badoer,42
1999,642,luca-badoer,43
1999,643,luca-badoer,44
1999,644,luca-badoer,45
1999,645,luca-badoer,46
1999,646,luca-badoer,47
2009,814,luca-badoer,48
2009,815,luca-badoer,49
2010,821,lucas-di-grassi,0
2010,822,lucas-di-grassi,1
2010,823,lucas-di-grassi,2
2010,824,lucas-di-grassi,3
2010,825,lucas-di-grassi,4
2010,826,lucas-di-grassi,5
2010,827,lucas-di-grassi,6
2010,828,lucas-di-grassi,7
2010,829,lucas-di-grassi,8
2010,830,lucas-di-grassi,9
2010,831,lucas-di-grassi,10
2010,832,lucas-di-grassi,11
2010,833,lucas-di-grassi,12
2010,834,lucas-di-grassi,13
2010,835,lucas-di-grassi,14
2010,837,lucas-di-grassi,15
2010,838,lucas-di-grassi,16
2010,839,lucas-di-grassi,17
2000,656,luciano-burti,0
2001,664,luciano-burti,1
2001,665,luciano-burti,2
2001,666,luciano-burti,3
2001,667,luciano-burti,4
2001,668,luciano-burti,5
2001,669,luciano-burti,6
2001,670,luciano-burti,7
2001,671,luciano-burti,8
2001,672,luciano-burti,9
2001,673,luciano-burti,10
2001,674,luciano-burti,11
2001,675,luciano-burti,12
2001,676,luciano-burti,13
2001,677,luciano-burti,14
1988,453,luis-perez-sala,0
1988,454,luis-perez-sala,1
1988,455,luis-perez-sala,2
1988,456,luis-perez-sala,3
1988,457,luis-perez-sala,4
1988,458,luis-perez-sala,5
1988,459,luis-perez-sala,6
1988,460,luis-perez-sala,7
1988,462,luis-perez-sala,8
1988,464,luis-perez-sala,9
1988,465,luis-perez-sala,10
1988,466,luis-perez-sala,11
1988,467,luis-perez-sala,12
1988,468,luis-perez-sala,13
1989,469,luis-perez-sala,14
1989,470,luis-perez-sala,15
1989,471,luis-perez-sala,16
1989,473,luis-perez-sala,17
1989,474,luis-perez-sala,18
1989,476,luis-perez-sala,19
1989,478,luis-perez-sala,20
1989,479,luis-perez-sala,21
1989,480,luis-perez-sala,22
1989,481,luis-perez-sala,23
1989,482,luis-perez-sala,24
1989,483,luis-perez-sala,25
1999,631,marc-gene,0
1999,632,marc-gene,1
1999,633,marc-gene,2
1999,634,marc-gene,3
1999,635,marc-gene,4
1999,636,marc-gene,5
1999,637,marc-gene,6
1999,638,marc-gene,7
1999,639,marc-gene,8
1999,640,marc-gene,9
1999,641,marc-gene,10
1999,642,marc-gene,11
1999,643,marc-gene,12
1999,644,marc-gene,13
1999,645,marc-gene,14
1999,646,marc-gene,15
2000,647,marc-gene,16
2000,648,marc-gene,17
2000,649,marc-gene,18
2000,650,marc-gene,19
2000,651,marc-gene,20
2000,652,marc-gene,21
2000,653,marc-gene,22
2000,654,marc-gene,23
2000,655,marc-gene,24
2000,656,marc-gene,25
2000,657,marc-gene,26
2000,658,marc-gene,27
2000,659,marc-gene,28
2000,660,marc-gene,29
2000,661,marc-gene,30
2000,662,marc-gene,31
2000,663,marc-gene,32
2003,711,marc-gene,33
2004,723,marc-gene,34
2004,724,marc-gene,35
1986,421,marc-surer,0
1986,422,marc-surer,1
1986,423,marc-surer,2
1986,424,marc-surer,3
1986,425,marc-surer,4
1993,545,marco-apicella,0
2014,898,marcus-ericsson,0
2014,899,marcus-ericsson,1
2014,900,marcus-ericsson,2
2014,901,marcus-ericsson,3
2014,902,marcus-ericsson,4
2014,903,marcus-ericsson,5
2014,904,marcus-ericsson,6
2014,905,marcus-ericsson,7
2014,906,marcus-ericsson,8
2014,907,marcus-ericsson,9
2014,908,marcus-ericsson,10
2014,909,marcus-ericsson,11
2014,910,marcus-ericsson,12
2014,911,marcus-ericsson,13
2014,912,marcus-ericsson,14
2014,913,marcus-ericsson,15
2015,917,marcus-ericsson,16
2015,918,marcus-ericsson,17
2015,919,marcus-ericsson,18
2015,920,marcus-ericsson,19
2015,921,marcus-ericsson,20
2015,922,marcus-ericsson,21
2015,923,marcus-ericsson,22
2015,924,marcus-ericsson,23
2015,925,marcus-ericsson,24
2015,926,marcus-ericsson,25
2015,927,marcus-ericsson,26
2015,928,marcus-ericsson,27
2015,929,marcus-ericsson,28
2015,930,marcus-ericsson,29
2015,931,marcus-ericsson,30
2015,932,marcus-ericsson,31
2015,933,marcus-ericsson,32
2015,934,marcus-ericsson,33
2015,935,marcus-ericsson,34
2016,936,marcus-ericsson,35
2016,937,marcus-ericsson,36
2016,938,marcus-ericsson,37
2016,939,marcus-ericsson,38
2016,940,marcus-ericsson,39
2016,941,marcus-ericsson,40
2016,942,marcus-ericsson,41
2016,943,marcus-ericsson,42
2016,944,marcus-ericsson,43
2016,945,marcus-ericsson,44
2016,946,marcus-ericsson,45
2016,947,marcus-ericsson,46
2016,948,marcus-ericsson,47
2016,949,marcus-ericsson,48
2016,950,marcus-ericsson,49
2016,951,marcus-ericsson,50
2016,952,marcus-ericsson,51
2016,953,marcus-ericsson,52
2016,954,marcus-ericsson,53
2016,955,marcus-ericsson,54
2016,956,marcus-ericsson,55
2017,957,marcus-ericsson,56
2017,958,marcus-ericsson,57
2017,959,marcus-ericsson,58
2017,960,marcus-ericsson,59
2017,961,marcus-ericsson,60
2017,962,marcus-ericsson,61
2017,963,marcus-ericsson,62
2017,964,marcus-ericsson,63
2017,965,marcus-ericsson,64
2017,966,marcus-ericsson,65
2017,967,marcus-ericsson,66
2017,968,marcus-ericsson,67
2017,969,marcus-ericsson,68
2017,970,marcus-ericsson,69
2017,971,marcus-ericsson,70
2017,972,marcus-ericsson,71
2017,973,marcus-ericsson,72
2017,974,marcus-ericsson,73
2017,975,marcus-ericsson,74
2017,976,marcus-ericsson,75
2018,977,marcus-ericsson,76
2018,978,marcus-ericsson,77
2018,979,marcus-ericsson,78
2018,980,marcus-ericsson,79
2018,981,marcus-ericsson,80
2018,982,marcus-ericsson,81
2018,983,marcus-ericsson,82
2018,984,marcus-ericsson,83
2018,985,marcus-ericsson,84
2018,986,marcus-ericsson,85
2018,987,marcus-ericsson,86
2018,988,marcus-ericsson,87
2018,989,marcus-ericsson,88
2018,990,marcus-ericsson,89
2018,991,marcus-ericsson,90
2018,992,marcus-ericsson,91
2018,993,marcus-ericsson,92
2018,994,marcus-ericsson,93
2018,995,marcus-ericsson,94
2018,996,marcus-ericsson,95
2018,997,marcus-ericsson,96
1991,501,mark-blundell,0
1991,502,mark-blundell,1
1991,503,mark-blundell,2
1991,504,mark-blundell,3
1991,506,mark-blundell,4
1991,507,mark-blundell,5
1991,508,mark-blundell,6
1991,509,mark-blundell,7
1991,510,mark-blundell,8
1991,511,mark-blundell,9
1991,512,mark-blundell,10
1991,513,mark-blundell,11
1991,514,mark-blundell,12
1991,516,mark-blundell,13
1993,533,mark-blundell,14
1993,534,mark-blundell,15
1993,535,mark-blundell,16
1993,536,mark-blundell,17
1993,537,mark-blundell,18
1993,538,mark-blundell,19
1993,539,mark-blundell,20
1993,540,mark-blundell,21
1993,541,mark-blundell,22
1993,542,mark-blundell,23
1993,543,mark-blundell,24
1993,544,mark-blundell,25
1993,545,mark-blundell,26
1993,546,mark-blundell,27
1993,547,mark-blundell,28
1993,548,mark-blundell,29
1994,549,mark-blundell,30
1994,550,mark-blundell,31
1994,551,mark-blundell,32
1994,552,mark-blundell,33
1994,553,mark-blundell,34
1994,554,mark-blundell,35
1994,555,mark-blundell,36
1994,556,mark-blundell,37
1994,557,mark-blundell,38
1994,558,mark-blundell,39
1994,559,mark-blundell,40
1994,560,mark-blundell,41
1994,561,mark-blundell,42
1994,562,mark-blundell,43
1994,563,mark-blundell,44
1994,564,mark-blundell,45
1995,565,mark-blundell,46
1995,566,mark-blundell,47
1995,569,mark-blundell,48
1995,570,mark-blundell,49
1995,571,mark-blundell,50
1995,572,mark-blundell,51
1995,573,mark-blundell,52
1995,574,mark-blundell,53
1995,575,mark-blundell,54
1995,576,mark-blundell,55
1995,577,mark-blundell,56
1995,578,mark-blundell,57
1995,579,mark-blundell,58
1995,580,mark-blundell,59
1995,581,mark-blundell,60
2002,681,mark-webber,0
2002,682,mark-webber,1
2002,683,mark-webber,2
2002,684,mark-webber,3
2002,686,mark-webber,4
2002,687,mark-webber,5
2002,688,mark-webber,6
2002,689,mark-webber,7
2002,690,mark-webber,8
2002,691,mark-webber,9
2002,692,mark-webber,10
2002,693,mark-webber,11
2002,694,mark-webber,12
2002,695,mark-webber,13
2002,696,mark-webber,14
2002,697,mark-webber,15
2003,698,mark-webber,16
2003,699,mark-webber,17
2003,700,mark-webber,18
2003,701,mark-webber,19
2003,702,mark-webber,20
2003,703,mark-webber,21
2003,704,mark-webber,22
2003,705,mark-webber,23
2003,706,mark-webber,24
2003,707,mark-webber,25
2003,708,mark-webber,26
2003,709,mark-webber,27
2003,710,mark-webber,28
2003,711,mark-webber,29
2003,712,mark-webber,30
2003,713,mark-webber,31
2004,714,mark-webber,32
2004,715,mark-webber,33
2004,716,mark-webber,34
2004,717,mark-webber,35
2004,718,mark-webber,36
2004,719,mark-webber,37
2004,720,mark-webber,38
2004,721,mark-webber,39
2004,722,mark-webber,40
2004,723,mark-webber,41
2004,724,mark-webber,42
2004,725,mark-webber,43
2004,726,mark-webber,44
2004,727,mark-webber,45
2004,728,mark-webber,46
2004,729,mark-webber,47
2004,730,mark-webber,48
2004,731,mark-webber,49
2005,732,mark-webber,50
2005,733,mark-webber,51
2005,734,mark-webber,52
2005,735,mark-webber,53
2005,736,mark-webber,54
2005,737,mark-webber,55
2005,738,mark-webber,56
2005,739,mark-webber,57
2005,741,mark-webber,58
2005,742,mark-webber,59
2005,743,mark-webber,60
2005,744,mark-webber,61
2005,745,mark-webber,62
2005,746,mark-webber,63
2005,747,mark-webber,64
2005,748,mark-webber,65
2005,749,mark-webber,66
2005,750,mark-webber,67
2006,751,mark-webber,68
2006,752,mark-webber,69
2006,753,mark-webber,70
2006,754,mark-webber,71
2006,755,mark-webber,72
2006,756,mark-webber,73
2006,757,mark-webber,74
2006,758,mark-webber,75
2006,759,mark-webber,76
2006,760,mark-webber,77
2006,761,mark-webber,78
2006,762,mark-webber,79
2006,763,mark-webber,80
2006,764,mark-webber,81
2006,765,mark-webber,82
2006,766,mark-webber,83
2006,767,mark-webber,84
2006,768,mark-webber,85
2007,769,mark-webber,86
2007,770,mark-webber,87
2007,771,mark-webber,88
2007,772,mark-webber,89
2007,773,mark-webber,90
2007,774,mark-webber,91
2007,775,mark-webber,92
2007,776,mark-webber,93
2007,777,mark-webber,94
2007,778,mark-webber,95
2007,779,mark-webber,96
2007,780,mark-webber,97
2007,781,mark-webber,98
2007,782,mark-webber,99
2007,783,mark-webber,100
2007,784,mark-webber,101
2007,785,mark-webber,102
2008,786,mark-webber,103
2008,787,mark-webber,104
2008,788,mark-webber,105
2008,789,mark-webber,106
2008,790,mark-webber,107
2008,791,mark-webber,108
2008,792,mark-webber,109
2008,793,mark-webber,110
2008,794,mark-webber,111
2008,795,mark-webber,112
2008,796,mark-webber,113
2008,797,mark-webber,114
2008,798,mark-webber,115
2008,799,mark-webber,116
2008,800,mark-webber,117
2008,801,mark-webber,118
2008,802,mark-webber,119
2008,803,mark-webber,120
2009,804,mark-webber,121
2009,805,mark-webber,122
2009,806,mark-webber,123
2009,807,mark-webber,124
2009,808,mark-webber,125
2009,809,mark-webber,126
2009,810,mark-webber,127
2009,811,mark-webber,128
2009,812,mark-webber,129
2009,813,mark-webber,130
2009,814,mark-webber,131
2009,815,mark-webber,132
2009,816,mark-webber,133
2009,817,mark-webber,134
2009,818,mark-webber,135
2009,819,mark-webber,136
2009,820,mark-webber,137
2010,821,mark-webber,138
2010,822,mark-webber,139
2010,823,mark-webber,140
2010,824,mark-webber,141
2010,825,mark-webber,142
2010,826,mark-webber,143
2010,827,mark-webber,144
2010,828,mark-webber,145
2010,829,mark-webber,146
2010,830,mark-webber,147
2010,831,mark-webber,148
2010,832,mark-webber,149
2010,833,mark-webber,150
2010,834,mark-webber,151
2010,835,mark-webber,152
2010,836,mark-webber,153
2010,837,mark-webber,154
2010,838,mark-webber,155
2010,839,mark-webber,156
2011,840,mark-webber,157
2011,841,mark-webber,158
2011,842,mark-webber,159
2011,843,mark-webber,160
2011,844,mark-webber,161
2011,845,mark-webber,162
2011,846,mark-webber,163
2011,847,mark-webber,164
2011,848,mark-webber,165
2011,849,mark-webber,166
2011,850,mark-webber,167
2011,851,mark-webber,168
2011,852,mark-webber,169
2011,853,mark-webber,170
2011,854,mark-webber,171
2011,855,mark-webber,172
2011,856,mark-webber,173
2011,857,mark-webber,174
2011,858,mark-webber,175
2012,859,mark-webber,176
2012,860,mark-webber,177
2012,861,mark-webber,178
2012,862,mark-webber,179
2012,863,mark-webber,180
2012,864,mark-webber,181
2012,865,mark-webber,182
2012,866,mark-webber,183
2012,867,mark-webber,184
2012,868,mark-webber,185
2012,869,mark-webber,186
2012,870,mark-webber,187
2012,871,mark-webber,188
2012,872,mark-webber,189
2012,873,mark-webber,190
2012,874,mark-webber,191
2012,875,mark-webber,192
2012,876,mark-webber,193
2012,877,mark-webber,194
2012,878,mark-webber,195
2013,879,mark-webber,196
2013,880,mark-webber,197
2013,881,mark-webber,198
2013,882,mark-webber,199
2013,883,mark-webber,200
2013,884,mark-webber,201
2013,885,mark-webber,202
2013,886,mark-webber,203
2013,887,mark-webber,204
2013,888,mark-webber,205
2013,889,mark-webber,206
2013,890,mark-webber,207
2013,891,mark-webber,208
2013,892,mark-webber,209
2013,893,mark-webber,210
2013,894,mark-webber,211
2013,895,mark-webber,212
2013,896,mark-webber,213
2013,897,mark-webber,214
2007,778,markus-winkelhock,0
1986,421,martin-brundle,0
1986,422,martin-brundle,1
1986,423,martin-brundle,2
1986,424,martin-brundle,3
1986,425,martin-brundle,4
1986,426,martin-brundle,5
1986,427,martin-brundle,6
1986,428,martin-brundle,7
1986,429,martin-brundle,8
1986,430,martin-brundle,9
1986,431,martin-brundle,10
1986,432,martin-brundle,11
1986,433,martin-brundle,12
1986,434,martin-brundle,13
1986,435,martin-brundle,14
1986,436,martin-brundle,15
1987,437,martin-brundle,16
1987,438,martin-brundle,17
1987,439,martin-brundle,18
1987,440,martin-brundle,19
1987,441,martin-brundle,20
1987,442,martin-brundle,21
1987,443,martin-brundle,22
1987,444,martin-brundle,23
1987,445,martin-brundle,24
1987,446,martin-brundle,25
1987,447,martin-brundle,26
1987,448,martin-brundle,27
1987,449,martin-brundle,28
1987,450,martin-brundle,29
1987,451,martin-brundle,30
1987,452,martin-brundle,31
1988,463,martin-brundle,32
1989,469,martin-brundle,33
1989,470,martin-brundle,34
1989,471,martin-brundle,35
1989,472,martin-brundle,36
1989,473,martin-brundle,37
1989,476,martin-brundle,38
1989,477,martin-brundle,39
1989,478,martin-brundle,40
1989,479,martin-brundle,41
1989,480,martin-brundle,42
1989,481,martin-brundle,43
1989,482,martin-brundle,44
1989,483,martin-brundle,45
1989,484,martin-brundle,46
1991,501,martin-brundle,47
1991,502,martin-brundle,48
1991,503,martin-brundle,49
1991,505,martin-brundle,50
1991,506,martin-brundle,51
1991,507,martin-brundle,52
1991,508,martin-brundle,53
1991,509,martin-brundle,54
1991,510,martin-brundle,55
1991,511,martin-brundle,56
1991,512,martin-brundle,57
1991,513,martin-brundle,58
1991,514,martin-brundle,59
1991,515,martin-brundle,60
1992,517,martin-brundle,61
1992,518,martin-brundle,62
1992,519,martin-brundle,63
1992,520,martin-brundle,64
1992,521,martin-brundle,65
1992,522,martin-brundle,66
1992,523,martin-brundle,67
1992,524,martin-brundle,68
1992,525,martin-brundle,69
1992,526,martin-brundle,70
1992,527,martin-brundle,71
1992,528,martin-brundle,72
1992,529,martin-brundle,73
1992,530,martin-brundle,74
1992,531,martin-brundle,75
1992,532,martin-brundle,76
1993,533,martin-brundle,77
1993,534,martin-brundle,78
1993,535,martin-brundle,79
1993,536,martin-brundle,80
1993,537,martin-brundle,81
1993,538,martin-brundle,82
1993,539,martin-brundle,83
1993,540,martin-brundle,84
1993,541,martin-brundle,85
1993,542,martin-brundle,86
1993,543,martin-brundle,87
1993,544,martin-brundle,88
1993,545,martin-brundle,89
1993,546,martin-brundle,90
1993,547,martin-brundle,91
1993,548,martin-brundle,92
1994,549,martin-brundle,93
1994,550,martin-brundle,94
1994,551,martin-brundle,95
1994,552,martin-brundle,96
1994,553,martin-brundle,97
1994,554,martin-brundle,98
1994,555,martin-brundle,99
1994,556,martin-brundle,100
1994,557,martin-brundle,101
1994,558,martin-brundle,102
1994,559,martin-brundle,103
1994,560,martin-brundle,104
1994,561,martin-brundle,105
1994,562,martin-brundle,106
1994,563,martin-brundle,107
1994,564,martin-brundle,108
1995,568,martin-brundle,109
1995,569,martin-brundle,110
1995,570,martin-brundle,111
1995,571,martin-brundle,112
1995,572,martin-brundle,113
1995,574,martin-brundle,114
1995,575,martin-brundle,115
1995,576,martin-brundle,116
1995,577,martin-brundle,117
1995,578,martin-brundle,118
1995,581,martin-brundle,119
1996,582,martin-brundle,120
1996,583,martin-brundle,121
1996,584,martin-brundle,122
1996,585,martin-brundle,123
1996,586,martin-brundle,124
1996,587,martin-brundle,125
1996,588,martin-brundle,126
1996,589,martin-brundle,127
1996,590,martin-brundle,128
1996,591,martin-brundle,129
1996,592,martin-brundle,130
1996,593,martin-brundle,131
1996,594,martin-brundle,132
1996,595,martin-brundle,133
1996,596,martin-brundle,134
1996,597,martin-brundle,135
1989,475,martin-donnelly,0
1990,485,martin-donnelly,1
1990,486,martin-donnelly,2
1990,487,martin-donnelly,3
1990,488,martin-donnelly,4
1990,489,martin-donnelly,5
1990,490,martin-donnelly,6
1990,491,martin-donnelly,7
1990,492,martin-donnelly,8
1990,493,martin-donnelly,9
1990,494,martin-donnelly,10
1990,495,martin-donnelly,11
1990,496,martin-donnelly,12
1990,497,martin-donnelly,13
1988,453,mauricio-gugelmin,0
1988,454,mauricio-gugelmin,1
1988,455,mauricio-gugelmin,2
1988,456,mauricio-gugelmin,3
1988,457,mauricio-gugelmin,4
1988,458,mauricio-gugelmin,5
1988,459,mauricio-gugelmin,6
1988,460,mauricio-gugelmin,7
1988,461,mauricio-gugelmin,8
1988,462,mauricio-gugelmin,9
1988,463,mauricio-gugelmin,10
1988,464,mauricio-gugelmin,11
1988,465,mauricio-gugelmin,12
1988,466,mauricio-gugelmin,13
1988,467,mauricio-gugelmin,14
1988,468,mauricio-gugelmin,15
1989,469,mauricio-gugelmin,16
1989,470,mauricio-gugelmin,17
1989,471,mauricio-gugelmin,18
1989,473,mauricio-gugelmin,19
1989,474,mauricio-gugelmin,20
1989,475,mauricio-gugelmin,21
1989,476,mauricio-gugelmin,22
1989,477,mauricio-gugelmin,23
1989,478,mauricio-gugelmin,24
1989,479,mauricio-gugelmin,25
1989,480,mauricio-gugelmin,26
1989,481,mauricio-gugelmin,27
1989,482,mauricio-gugelmin,28
1989,483,mauricio-gugelmin,29
1989,484,mauricio-gugelmin,30
1990,485,mauricio-gugelmin,31
1990,487,mauricio-gugelmin,32
1990,491,mauricio-gugelmin,33
1990,493,mauricio-gugelmin,34
1990,494,mauricio-gugelmin,35
1990,495,mauricio-gugelmin,36
1990,496,mauricio-gugelmin,37
1990,497,mauricio-gugelmin,38
1990,498,mauricio-gugelmin,39
1990,499,mauricio-gugelmin,40
1990,500,mauricio-gugelmin,41
1991,501,mauricio-gugelmin,42
1991,502,mauricio-gugelmin,43
1991,503,mauricio-gugelmin,44
1991,504,mauricio-gugelmin,45
1991,505,mauricio-gugelmin,46
1991,506,mauricio-gugelmin,47
1991,507,mauricio-gugelmin,48
1991,508,mauricio-gugelmin,49
1991,509,mauricio-gugelmin,50
1991,510,mauricio-gugelmin,51
1991,511,mauricio-gugelmin,52
1991,512,mauricio-gugelmin,53
1991,513,mauricio-gugelmin,54
1991,514,mauricio-gugelmin,55
1991,515,mauricio-gugelmin,56
1991,516,mauricio-gugelmin,57
1992,517,mauricio-gugelmin,58
1992,518,mauricio-gugelmin,59
1992,519,mauricio-gugelmin,60
1992,520,mauricio-gugelmin,61
1992,521,mauricio-gugelmin,62
1992,522,mauricio-gugelmin,63
1992,523,mauricio-gugelmin,64
1992,524,mauricio-gugelmin,65
1992,525,mauricio-gugelmin,66
1992,526,mauricio-gugelmin,67
1992,527,mauricio-gugelmin,68
1992,528,mauricio-gugelmin,69
1992,529,mauricio-gugelmin,70
1992,530,mauricio-gugelmin,71
1992,531,mauricio-gugelmin,72
1992,532,mauricio-gugelmin,73
2013,879,max-chilton,0
2013,880,max-chilton,1
2013,881,max-chilton,2
2013,882,max-chilton,3
2013,883,max-chilton,4
2013,884,max-chilton,5
2013,885,max-chilton,6
2013,886,max-chilton,7
2013,887,max-chilton,8
2013,888,max-chilton,9
2013,889,max-chilton,10
2013,890,max-chilton,11
2013,891,max-chilton,12
2013,892,max-chilton,13
2013,893,max-chilton,14
2013,894,max-chilton,15
2013,895,max-chilton,16
2013,896,max-chilton,17
2013,897,max-chilton,18
2014,898,max-chilton,19
2014,899,max-chilton,20
2014,900,max-chilton,21
2014,901,max-chilton,22
2014,902,max-chilton,23
2014,903,max-chilton,24
2014,904,max-chilton,25
2014,905,max-chilton,26
2014,906,max-chilton,27
2014,907,max-chilton,28
2014,908,max-chilton,29
2014,909,max-chilton,30
2014,910,max-chilton,31
2014,911,max-chilton,32
2014,912,max-chilton,33
2014,913,max-chilton,34
1995,572,max-papis,0
1995,573,max-papis,1
1995,574,max-papis,2
1995,575,max-papis,3
1995,576,max-papis,4
1995,577,max-papis,5
1995,578,max-papis,6
2015,917,max-verstappen,0
2015,918,max-verstappen,1
2015,919,max-verstappen,2
2015,920,max-verstappen,3
2015,921,max-verstappen,4
2015,922,max-verstappen,5
2015,923,max-verstappen,6
2015,924,max-verstappen,7
2015,925,max-verstappen,8
2015,926,max-verstappen,9
2015,927,max-verstappen,10
2015,928,max-verstappen,11
2015,929,max-verstappen,12
2015,930,max-verstappen,13
2015,931,max-verstappen,14
2015,932,max-verstappen,15
2015,933,max-verstappen,16
2015,934,max-verstappen,17
2015,935,max-verstappen,18
2016,936,max-verstappen,19
2016,937,max-verstappen,20
2016,938,max-verstappen,21
2016,939,max-verstappen,22
2016,940,max-verstappen,23
2016,941,max-verstappen,24
2016,942,max-verstappen,25
2016,943,max-verstappen,26
2016,944,max-verstappen,27
2016,945,max-verstappen,28
2016,946,max-verstappen,29
2016,947,max-verstappen,30
2016,948,max-verstappen,31
2016,949,max-verstappen,32
2016,950,max-verstappen,33
2016,951,max-verstappen,34
2016,952,max-verstappen,35
2016,953,max-verstappen,36
2016,954,max-verstappen,37
2016,955,max-verstappen,38
2016,956,max-verstappen,39
2017,957,max-verstappen,40
2017,958,max-verstappen,41
2017,959,max-verstappen,42
2017,960,max-verstappen,43
2017,961,max-verstappen,44
2017,962,max-verstappen,45
2017,963,max-verstappen,46
2017,964,max-verstappen,47
2017,965,max-verstappen,48
2017,966,max-verstappen,49
2017,967,max-verstappen,50
2017,968,max-verstappen,51
2017,969,max-verstappen,52
2017,970,max-verstappen,53
2017,971,max-verstappen,54
2017,972,max-verstappen,55
2017,973,max-verstappen,56
2017,974,max-verstappen,57
2017,975,max-verstappen,58
2017,976,max-verstappen,59
2018,977,max-verstappen,60
2018,978,max-verstappen,61
2018,979,max-verstappen,62
2018,980,max-verstappen,63
2018,981,max-verstappen,64
2018,982,max-verstappen,65
2018,983,max-verstappen,66
2018,984,max-verstappen,67
2018,985,max-verstappen,68
2018,986,max-verstappen,69
2018,987,max-verstappen,70
2018,988,max-verstappen,71
2018,989,max-verstappen,72
2018,990,max-verstappen,73
2018,991,max-verstappen,74
2018,992,max-verstappen,75
2018,993,max-verstappen,76
2018,994,max-verstappen,77
2018,995,max-verstappen,78
2018,996,max-verstappen,79
2018,997,max-verstappen,80
2019,998,max-verstappen,81
2019,999,max-verstappen,82
2019,1000,max-verstappen,83
2019,1001,max-verstappen,84
2019,1002,max-verstappen,85
2019,1003,max-verstappen,86
2019,1004,max-verstappen,87
2019,1005,max-verstappen,88
2019,1006,max-verstappen,89
2019,1007,max-verstappen,90
2019,1008,max-verstappen,91
2019,1009,max-verstappen,92
2019,1010,max-verstappen,93
2019,1011,max-verstappen,94
2019,1012,max-verstappen,95
2019,1013,max-verstappen,96
2019,1014,max-verstappen,97
2019,1015,max-verstappen,98
2019,1016,max-verstappen,99
2019,1017,max-verstappen,100
2019,1018,max-verstappen,101
2020,1019,max-verstappen,102
2020,1020,max-verstappen,103
2020,1021,max-verstappen,104
2020,1022,max-verstappen,105
2020,1023,max-verstappen,106
2020,1024,max-verstappen,107
2020,1025,max-verstappen,108
2020,1026,max-verstappen,109
2020,1027,max-verstappen,110
2020,1028,max-verstappen,111
2020,1029,max-verstappen,112
2020,1030,max-verstappen,113
2020,1031,max-verstappen,114
2020,1032,max-verstappen,115
2020,1033,max-verstappen,116
2020,1034,max-verstappen,117
2020,1035,max-verstappen,118
2021,1036,max-verstappen,119
2021,1037,max-verstappen,120
2021,1038,max-verstappen,121
2021,1039,max-verstappen,122
2021,1040,max-verstappen,123
2021,1041,max-verstappen,124
2021,1042,max-verstappen,125
2021,1043,max-verstappen,126
2021,1044,max-verstappen,127
2021,1045,max-verstappen,128
2021,1046,max-verstappen,129
2021,1047,max-verstappen,130
2021,1048,max-verstappen,131
2021,1049,max-verstappen,132
2021,1050,max-verstappen,133
2021,1051,max-verstappen,134
2021,1052,max-verstappen,135
2021,1053,max-verstappen,136
2021,1054,max-verstappen,137
2021,1055,max-verstappen,138
2021,1056,max-verstappen,139
2021,1057,max-verstappen,140
2022,1058,max-verstappen,141
2022,1059,max-verstappen,142
2022,1060,max-verstappen,143
2022,1061,max-verstappen,144
2022,1062,max-verstappen,145
2022,1063,max-verstappen,146
2022,1064,max-verstappen,147
2022,1065,max-verstappen,148
2022,1066,max-verstappen,149
2022,1067,max-verstappen,150
2022,1068,max-verstappen,151
2022,1069,max-verstappen,152
2022,1070,max-verstappen,153
2022,1071,max-verstappen,154
2022,1072,max-verstappen,155
2022,1073,max-verstappen,156
2022,1074,max-verstappen,157
2022,1075,max-verstappen,158
2022,1076,max-verstappen,159
2022,1077,max-verstappen,160
2022,1078,max-verstappen,161
2022,1079,max-verstappen,162
2023,1080,max-verstappen,163
2023,1081,max-verstappen,164
2023,1082,max-verstappen,165
2023,1083,max-verstappen,166
2023,1084,max-verstappen,167
2023,1085,max-verstappen,168
2023,1086,max-verstappen,169
2023,1087,max-verstappen,170
2023,1088,max-verstappen,171
2023,1089,max-verstappen,172
2023,1090,max-verstappen,173
2023,1091,max-verstappen,174
2023,1092,max-verstappen,175
2023,1093,max-verstappen,176
2023,1094,max-verstappen,177
2023,1095,max-verstappen,178
2023,1096,max-verstappen,179
2023,1097,max-verstappen,180
2023,1098,max-verstappen,181
2023,1099,max-verstappen,182
2023,1100,max-verstappen,183
2023,1101,max-verstappen,184
2024,1102,max-verstappen,185
2024,1103,max-verstappen,186
2024,1104,max-verstappen,187
2024,1105,max-verstappen,188
2024,1106,max-verstappen,189
2024,1107,max-verstappen,190
2024,1108,max-verstappen,191
2024,1109,max-verstappen,192
2024,1110,max-verstappen,193
2024,1111,max-verstappen,194
2024,1112,max-verstappen,195
2024,1113,max-verstappen,196
2024,1114,max-verstappen,197
2024,1115,max-verstappen,198
2024,1116,max-verstappen,199
2024,1117,max-verstappen,200
2024,1118,max-verstappen,201
2024,1119,max-verstappen,202
2024,1120,max-verstappen,203
2024,1121,max-verstappen,204
2024,1122,max-verstappen,205
2024,1123,max-verstappen,206
2024,1124,max-verstappen,207
2024,1125,max-verstappen,208
1993,533,michael-andretti,0
1993,534,michael-andretti,1
1993,535,michael-andretti,2
1993,536,michael-andretti,3
1993,537,michael-andretti,4
1993,538,michael-andretti,5
1993,539,michael-andretti,6
1993,540,michael-andretti,7
1993,541,michael-andretti,8
1993,542,michael-andretti,9
1993,543,michael-andretti,10
1993,544,michael-andretti,11
1993,545,michael-andretti,12
1991,511,michael-schumacher,0
1991,512,michael-schumacher,1
1991,513,michael-schumacher,2
1991,514,michael-schumacher,3
1991,515,michael-schumacher,4
1991,516,michael-schumacher,5
1992,517,michael-schumacher,6
1992,518,michael-schumacher,7
1992,519,michael-schumacher,8
1992,520,michael-schumacher,9
1992,521,michael-schumacher,10
1992,522,michael-schumacher,11
1992,523,michael-schumacher,12
1992,524,michael-schumacher,13
1992,525,michael-schumacher,14
1992,526,michael-schumacher,15
1992,527,michael-schumacher,16
1992,528,michael-schumacher,17
1992,529,michael-schumacher,18
1992,530,michael-schumacher,19
1992,531,michael-schumacher,20
1992,532,michael-schumacher,21
1993,533,michael-schumacher,22
1993,534,michael-schumacher,23
1993,535,michael-schumacher,24
1993,536,michael-schumacher,25
1993,537,michael-schumacher,26
1993,538,michael-schumacher,27
1993,539,michael-schumacher,28
1993,540,michael-schumacher,29
1993,541,michael-schumacher,30
1993,542,michael-schumacher,31
1993,543,michael-schumacher,32
1993,544,michael-schumacher,33
1993,545,michael-schumacher,34
1993,546,michael-schumacher,35
1993,547,michael-schumacher,36
1993,548,michael-schumacher,37
1994,549,michael-schumacher,38
1994,550,michael-schumacher,39
1994,551,michael-schumacher,40
1994,552,michael-schumacher,41
1994,553,michael-schumacher,42
1994,554,michael-schumacher,43
1994,555,michael-schumacher,44
1994,556,michael-schumacher,45
1994,557,michael-schumacher,46
1994,558,michael-schumacher,47
1994,559,michael-schumacher,48
1994,562,michael-schumacher,49
1994,563,michael-schumacher,50
1994,564,michael-schumacher,51
1995,565,michael-schumacher,52
1995,566,michael-schumacher,53
1995,567,michael-schumacher,54
1995,568,michael-schumacher,55
1995,569,michael-schumacher,56
1995,570,michael-schumacher,57
1995,571,michael-schumacher,58
1995,572,michael-schumacher,59
1995,573,michael-schumacher,60
1995,574,michael-schumacher,61
1995,575,michael-schumacher,62
1995,576,michael-schumacher,63
1995,577,michael-schumacher,64
1995,578,michael-schumacher,65
1995,579,michael-schumacher,66
1995,580,michael-schumacher,67
1995,581,michael-schumacher,68
1996,582,michael-schumacher,69
1996,583,michael-schumacher,70
1996,584,michael-schumacher,71
1996,585,michael-schumacher,72
1996,586,michael-schumacher,73
1996,587,michael-schumacher,74
1996,588,michael-schumacher,75
1996,589,michael-schumacher,76
1996,591,michael-schumacher,77
1996,592,michael-schumacher,78
1996,593,michael-schumacher,79
1996,594,michael-schumacher,80
1996,595,michael-schumacher,81
1996,596,michael-schumacher,82
1996,597,michael-schumacher,83
1997,598,michael-schumacher,84
1997,599,michael-schumacher,85
1997,600,michael-schumacher,86
1997,601,michael-schumacher,87
1997,602,michael-schumacher,88
1997,603,michael-schumacher,89
1997,604,michael-schumacher,90
1997,605,michael-schumacher,91
1997,606,michael-schumacher,92
1997,607,michael-schumacher,93
1997,608,michael-schumacher,94
1997,609,michael-schumacher,95
1997,610,michael-schumacher,96
1997,611,michael-schumacher,97
1997,612,michael-schumacher,98
1997,613,michael-schumacher,99
1997,614,michael-schumacher,100
1998,615,michael-schumacher,101
1998,616,michael-schumacher,102
1998,617,michael-schumacher,103
1998,618,michael-schumacher,104
1998,619,michael-schumacher,105
1998,620,michael-schumacher,106
1998,621,michael-schumacher,107
1998,622,michael-schumacher,108
1998,623,michael-schumacher,109
1998,624,michael-schumacher,110
1998,625,michael-schumacher,111
1998,626,michael-schumacher,112
1998,627,michael-schumacher,113
1998,628,michael-schumacher,114
1998,629,michael-schumacher,115
1998,630,michael-schumacher,116
1999,631,michael-schumacher,117
1999,632,michael-schumacher,118
1999,633,michael-schumacher,119
1999,634,michael-schumacher,120
1999,635,michael-schumacher,121
1999,636,michael-schumacher,122
1999,637,michael-schumacher,123
1999,645,michael-schumacher,124
1999,646,michael-schumacher,125
2000,647,michael-schumacher,126
2000,648,michael-schumacher,127
2000,649,michael-schumacher,128
2000,650,michael-schumacher,129
2000,651,michael-schumacher,130
2000,652,michael-schumacher,131
2000,653,michael-schumacher,132
2000,654,michael-schumacher,133
2000,655,michael-schumacher,134
2000,656,michael-schumacher,135
2000,657,michael-schumacher,136
2000,658,michael-schumacher,137
2000,659,michael-schumacher,138
2000,660,michael-schumacher,139
2000,661,michael-schumacher,140
2000,662,michael-schumacher,141
2000,663,michael-schumacher,142
2001,664,michael-schumacher,143
2001,665,michael-schumacher,144
2001,666,michael-schumacher,145
2001,667,michael-schumacher,146
2001,668,michael-schumacher,147
2001,669,michael-schumacher,148
2001,670,michael-schumacher,149
2001,671,michael-schumacher,150
2001,672,michael-schumacher,151
2001,673,michael-schumacher,152
2001,674,michael-schumacher,153
2001,675,michael-schumacher,154
2001,676,michael-schumacher,155
2001,677,michael-schumacher,156
2001,678,michael-schumacher,157
2001,679,michael-schumacher,158
2001,680,michael-schumacher,159
2002,681,michael-schumacher,160
2002,682,michael-schumacher,161
2002,683,michael-schumacher,162
2002,684,michael-schumacher,163
2002,685,michael-schumacher,164
2002,686,michael-schumacher,165
2002,687,michael-schumacher,166
2002,688,michael-schumacher,167
2002,689,michael-schumacher,168
2002,690,michael-schumacher,169
2002,691,michael-schumacher,170
2002,692,michael-schumacher,171
2002,693,michael-schumacher,172
2002,694,michael-schumacher,173
2002,695,michael-schumacher,174
2002,696,michael-schumacher,175
2002,697,michael-schumacher,176
2003,698,michael-schumacher,177
2003,699,michael-schumacher,178
2003,700,michael-schumacher,179
2003,701,michael-schumacher,180
2003,702,michael-schumacher,181
2003,703,michael-schumacher,182
2003,704,michael-schumacher,183
2003,705,michael-schumacher,184
2003,706,michael-schumacher,185
2003,707,michael-schumacher,186
2003,708,michael-schumacher,187
2003,709,michael-schumacher,188
2003,710,michael-schumacher,189
2003,711,michael-schumacher,190
2003,712,michael-schumacher,191
2003,713,michael-schumacher,192
2004,714,michael-schumacher,193
2004,715,michael-schumacher,194
2004,716,michael-schumacher,195
2004,717,michael-schumacher,196
2004,718,michael-schumacher,197
2004,719,michael-schumacher,198
2004,720,michael-schumacher,199
2004,721,michael-schumacher,200
2004,722,michael-schumacher,201
2004,723,michael-schumacher,202
2004,724,michael-schumacher,203
2004,725,michael-schumacher,204
2004,726,michael-schumacher,205
2004,727,michael-schumacher,206
2004,728,michael-schumacher,207
2004,729,michael-schumacher,208
2004,730,michael-schumacher,209
2004,731,michael-schumacher,210
2005,732,michael-schumacher,211
2005,733,michael-schumacher,212
2005,734,michael-schumacher,213
2005,735,michael-schumacher,214
2005,736,michael-schumacher,215
2005,737,michael-schumacher,216
2005,738,michael-schumacher,217
2005,739,michael-schumacher,218
2005,740,michael-schumacher,219
2005,741,michael-schumacher,220
2005,742,michael-schumacher,221
2005,743,michael-schumacher,222
2005,744,michael-schumacher,223
2005,745,michael-schumacher,224
2005,746,michael-schumacher,225
2005,747,michael-schumacher,226
2005,748,michael-schumacher,227
2005,749,michael-schumacher,228
2005,750,michael-schumacher,229
2006,751,michael-schumacher,230
2006,752,michael-schumacher,231
2006,753,michael-schumacher,232
2006,754,michael-schumacher,233
2006,755,michael-schumacher,234
2006,756,michael-schumacher,235
2006,757,michael-schumacher,236
2006,758,michael-schumacher,237
2006,759,michael-schumacher,238
2006,760,michael-schumacher,239
2006,761,michael-schumacher,240
2006,762,michael-schumacher,241
2006,763,michael-schumacher,242
2006,764,michael-schumacher,243
2006,765,michael-schumacher,244
2006,766,michael-schumacher,245
2006,767,michael-schumacher,246
2006,768,michael-schumacher,247
2010,821,michael-schumacher,248
2010,822,michael-schumacher,249
2010,823,michael-schumacher,250
2010,824,michael-schumacher,251
2010,825,michael-schumacher,252
2010,826,michael-schumacher,253
2010,827,michael-schumacher,254
2010,828,michael-schumacher,255
2010,829,michael-schumacher,256
2010,830,michael-schumacher,257
2010,831,michael-schumacher,258
2010,832,michael-schumacher,259
2010,833,michael-schumacher,260
2010,834,michael-schumacher,261
2010,835,michael-schumacher,262
2010,836,michael-schumacher,263
2010,837,michael-schumacher,264
2010,838,michael-schumacher,265
2010,839,michael-schumacher,266
2011,840,michael-schumacher,267
2011,841,michael-schumacher,268
2011,842,michael-schumacher,269
2011,843,michael-schumacher,270
2011,844,michael-schumacher,271
2011,845,michael-schumacher,272
2011,846,michael-schumacher,273
2011,847,michael-schumacher,274
2011,848,michael-schumacher,275
2011,849,michael-schumacher,276
2011,850,michael-schumacher,277
2011,851,michael-schumacher,278
2011,852,michael-schumacher,279
2011,853,michael-schumacher,280
2011,854,michael-schumacher,281
2011,855,michael-schumacher,282
2011,856,michael-schumacher,283
2011,857,michael-schumacher,284
2011,858,michael-schumacher,285
2012,859,michael-schumacher,286
2012,860,michael-schumacher,287
2012,861,michael-schumacher,288
2012,862,michael-schumacher,289
2012,863,michael-schumacher,290
2012,864,michael-schumacher,291
2012,865,michael-schumacher,292
2012,866,michael-schumacher,293
2012,867,michael-schumacher,294
2012,868,michael-schumacher,295
2012,869,michael-schumacher,296
2012,870,michael-schumacher,297
2012,871,michael-schumacher,298
2012,872,michael-schumacher,299
2012,873,michael-schumacher,300
2012,874,michael-schumacher,301
2012,875,michael-schumacher,302
2012,876,michael-schumacher,303
2012,877,michael-schumacher,304
2012,878,michael-schumacher,305
1986,421,michele-alboreto,0
1986,422,michele-alboreto,1
1986,423,michele-alboreto,2
1986,424,michele-alboreto,3
1986,425,michele-alboreto,4
1986,426,michele-alboreto,5
1986,427,michele-alboreto,6
1986,428,michele-alboreto,7
1986,429,michele-alboreto,8
1986,430,michele-alboreto,9
1986,431,michele-alboreto,10
1986,432,michele-alboreto,11
1986,433,michele-alboreto,12
1986,434,michele-alboreto,13
1986,435,michele-alboreto,14
1986,436,michele-alboreto,15
1987,437,michele-alboreto,16
1987,438,michele-alboreto,17
1987,439,michele-alboreto,18
1987,440,michele-alboreto,19
1987,441,michele-alboreto,20
1987,442,michele-alboreto,21
1987,443,michele-alboreto,22
1987,444,michele-alboreto,23
1987,445,michele-alboreto,24
1987,446,michele-alboreto,25
1987,447,michele-alboreto,26
1987,448,michele-alboreto,27
1987,449,michele-alboreto,28
1987,450,michele-alboreto,29
1987,451,michele-alboreto,30
1987,452,michele-alboreto,31
1988,453,michele-alboreto,32
1988,454,michele-alboreto,33
1988,455,michele-alboreto,34
1988,456,michele-alboreto,35
1988,457,michele-alboreto,36
1988,458,michele-alboreto,37
1988,459,michele-alboreto,38
1988,460,michele-alboreto,39
1988,461,michele-alboreto,40
1988,462,michele-alboreto,41
1988,463,michele-alboreto,42
1988,464,michele-alboreto,43
1988,465,michele-alboreto,44
1988,466,michele-alboreto,45
1988,467,michele-alboreto,46
1988,468,michele-alboreto,47
1989,469,michele-alboreto,48
1989,471,michele-alboreto,49
1989,472,michele-alboreto,50
1989,473,michele-alboreto,51
1989,474,michele-alboreto,52
1989,477,michele-alboreto,53
1989,478,michele-alboreto,54
1989,479,michele-alboreto,55
1989,480,michele-alboreto,56
1989,481,michele-alboreto,57
1990,485,michele-alboreto,58
1990,486,michele-alboreto,59
1990,489,michele-alboreto,60
1990,490,michele-alboreto,61
1990,491,michele-alboreto,62
1990,492,michele-alboreto,63
1990,493,michele-alboreto,64
1990,494,michele-alboreto,65
1990,495,michele-alboreto,66
1990,496,michele-alboreto,67
1990,497,michele-alboreto,68
1990,498,michele-alboreto,69
1990,499,michele-alboreto,70
1991,501,michele-alboreto,71
1991,504,michele-alboreto,72
1991,505,michele-alboreto,73
1991,506,michele-alboreto,74
1991,507,michele-alboreto,75
1991,508,michele-alboreto,76
1991,513,michele-alboreto,77
1991,514,michele-alboreto,78
1991,516,michele-alboreto,79
1992,517,michele-alboreto,80
1992,518,michele-alboreto,81
1992,519,michele-alboreto,82
1992,520,michele-alboreto,83
1992,521,michele-alboreto,84
1992,522,michele-alboreto,85
1992,523,michele-alboreto,86
1992,524,michele-alboreto,87
1992,525,michele-alboreto,88
1992,526,michele-alboreto,89
1992,527,michele-alboreto,90
1992,528,michele-alboreto,91
1992,529,michele-alboreto,92
1992,530,michele-alboreto,93
1992,531,michele-alboreto,94
1992,532,michele-alboreto,95
1993,533,michele-alboreto,96
1993,534,michele-alboreto,97
1993,535,michele-alboreto,98
1993,538,michele-alboreto,99
1993,542,michele-alboreto,100
1993,543,michele-alboreto,101
1993,544,michele-alboreto,102
1993,545,michele-alboreto,103
1993,546,michele-alboreto,104
1994,549,michele-alboreto,105
1994,550,michele-alboreto,106
1994,551,michele-alboreto,107
1994,552,michele-alboreto,108
1994,553,michele-alboreto,109
1994,554,michele-alboreto,110
1994,555,michele-alboreto,111
1994,556,michele-alboreto,112
1994,557,michele-alboreto,113
1994,558,michele-alboreto,114
1994,559,michele-alboreto,115
1994,560,michele-alboreto,116
1994,561,michele-alboreto,117
1994,562,michele-alboreto,118
1994,563,michele-alboreto,119
1994,564,michele-alboreto,120
2021,1036,mick-schumacher,0
2021,1037,mick-schumacher,1
2021,1038,mick-schumacher,2
2021,1039,mick-schumacher,3
2021,1040,mick-schumacher,4
2021,1041,mick-schumacher,5
2021,1042,mick-schumacher,6
2021,1043,mick-schumacher,7
2021,1044,mick-schumacher,8
2021,1045,mick-schumacher,9
2021,1046,mick-schumacher,10
2021,1047,mick-schumacher,11
2021,1048,mick-schumacher,12
2021,1049,mick-schumacher,13
2021,1050,mick-schumacher,14
2021,1051,mick-schumacher,15
2021,1052,mick-schumacher,16
2021,1053,mick-schumacher,17
2021,1054,mick-schumacher,18
2021,1055,mick-schumacher,19
2021,1056,mick-schumacher,20
2021,1057,mick-schumacher,21
2022,1058,mick-schumacher,22
2022,1060,mick-schumacher,23
2022,1061,mick-schumacher,24
2022,1062,mick-schumacher,25
2022,1063,mick-schumacher,26
2022,1064,mick-schumacher,27
2022,1065,mick-schumacher,28
2022,1066,mick-schumacher,29
2022,1067,mick-schumacher,30
2022,1068,mick-schumacher,31
2022,1069,mick-schumacher,32
2022,1070,mick-schumacher,33
2022,1071,mick-schumacher,34
2022,1072,mick-schumacher,35
2022,1073,mick-schumacher,36
2022,1074,mick-schumacher,37
2022,1075,mick-schumacher,38
2022,1076,mick-schumacher,39
2022,1077,mick-schumacher,40
2022,1078,mick-schumacher,41
2022,1079,mick-schumacher,42
1991,501,mika-hakkinen,0
1991,502,mika-hakkinen,1
1991,503,mika-hakkinen,2
1991,504,mika-hakkinen,3
1991,505,mika-hakkinen,4
1991,506,mika-hakkinen,5
1991,508,mika-hakkinen,6
1991,509,mika-hakkinen,7
1991,510,mika-hakkinen,8
1991,511,mika-hakkinen,9
1991,512,mika-hakkinen,10
1991,513,mika-hakkinen,11
1991,514,mika-hakkinen,12
1991,515,mika-hakkinen,13
1991,516,mika-hakkinen,14
1992,517,mika-hakkinen,15
1992,518,mika-hakkinen,16
1992,519,mika-hakkinen,17
1992,520,mika-hakkinen,18
1992,522,mika-hakkinen,19
1992,523,mika-hakkinen,20
1992,524,mika-hakkinen,21
1992,525,mika-hakkinen,22
1992,526,mika-hakkinen,23
1992,527,mika-hakkinen,24
1992,528,mika-hakkinen,25
1992,529,mika-hakkinen,26
1992,530,mika-hakkinen,27
1992,531,mika-hakkinen,28
1992,532,mika-hakkinen,29
1993,546,mika-hakkinen,30
1993,547,mika-hakkinen,31
1993,548,mika-hakkinen,32
1994,549,mika-hakkinen,33
1994,550,mika-hakkinen,34
1994,551,mika-hakkinen,35
1994,552,mika-hakkinen,36
1994,553,mika-hakkinen,37
1994,554,mika-hakkinen,38
1994,555,mika-hakkinen,39
1994,556,mika-hakkinen,40
1994,557,mika-hakkinen,41
1994,559,mika-hakkinen,42
1994,560,mika-hakkinen,43
1994,561,mika-hakkinen,44
1994,562,mika-hakkinen,45
1994,563,mika-hakkinen,46
1994,564,mika-hakkinen,47
1995,565,mika-hakkinen,48
1995,566,mika-hakkinen,49
1995,567,mika-hakkinen,50
1995,568,mika-hakkinen,51
1995,569,mika-hakkinen,52
1995,570,mika-hakkinen,53
1995,571,mika-hakkinen,54
1995,572,mika-hakkinen,55
1995,573,mika-hakkinen,56
1995,574,mika-hakkinen,57
1995,575,mika-hakkinen,58
1995,576,mika-hakkinen,59
1995,577,mika-hakkinen,60
1995,578,mika-hakkinen,61
1995,580,mika-hakkinen,62
1996,582,mika-hakkinen,63
1996,583,mika-hakkinen,64
1996,584,mika-hakkinen,65
1996,585,mika-hakkinen,66
1996,586,mika-hakkinen,67
1996,587,mika-hakkinen,68
1996,588,mika-hakkinen,69
1996,589,mika-hakkinen,70
1996,590,mika-hakkinen,71
1996,591,mika-hakkinen,72
1996,592,mika-hakkinen,73
1996,593,mika-hakkinen,74
1996,594,mika-hakkinen,75
1996,595,mika-hakkinen,76
1996,596,mika-hakkinen,77
1996,597,mika-hakkinen,78
1997,598,mika-hakkinen,79
1997,599,mika-hakkinen,80
1997,600,mika-hakkinen,81
1997,601,mika-hakkinen,82
1997,602,mika-hakkinen,83
1997,603,mika-hakkinen,84
1997,604,mika-hakkinen,85
1997,605,mika-hakkinen,86
1997,606,mika-hakkinen,87
1997,607,mika-hakkinen,88
1997,608,mika-hakkinen,89
1997,609,mika-hakkinen,90
1997,610,mika-hakkinen,91
1997,611,mika-hakkinen,92
1997,612,mika-hakkinen,93
1997,613,mika-hakkinen,94
1997,614,mika-hakkinen,95
1998,615,mika-hakkinen,96
1998,616,mika-hakkinen,97
1998,617,mika-hakkinen,98
1998,618,mika-hakkinen,99
1998,619,mika-hakkinen,100
1998,620,mika-hakkinen,101
1998,621,mika-hakkinen,102
1998,622,mika-hakkinen,103
1998,623,mika-hakkinen,104
1998,624,mika-hakkinen,105
1998,625,mika-hakkinen,106
1998,626,mika-hakkinen,107
1998,627,mika-hakkinen,108
1998,628,mika-hakkinen,109
1998,629,mika-hakkinen,110
1998,630,mika-hakkinen,111
1999,631,mika-hakkinen,112
1999,632,mika-hakkinen,113
1999,633,mika-hakkinen,114
1999,634,mika-hakkinen,115
1999,635,mika-hakkinen,116
1999,636,mika-hakkinen,117
1999,637,mika-hakkinen,118
1999,638,mika-hakkinen,119
1999,639,mika-hakkinen,120
1999,640,mika-hakkinen,121
1999,641,mika-hakkinen,122
1999,642,mika-hakkinen,123
1999,643,mika-hakkinen,124
1999,644,mika-hakkinen,125
1999,645,mika-hakkinen,126
1999,646,mika-hakkinen,127
2000,647,mika-hakkinen,128
2000,648,mika-hakkinen,129
2000,649,mika-hakkinen,130
2000,650,mika-hakkinen,131
2000,651,mika-hakkinen,132
2000,652,mika-hakkinen,133
2000,653,mika-hakkinen,134
2000,654,mika-hakkinen,135
2000,655,mika-hakkinen,136
2000,656,mika-hakkinen,137
2000,657,mika-hakkinen,138
2000,658,mika-hakkinen,139
2000,659,mika-hakkinen,140
2000,660,mika-hakkinen,141
2000,661,mika-hakkinen,142
2000,662,mika-hakkinen,143
2000,663,mika-hakkinen,144
2001,664,mika-hakkinen,145
2001,665,mika-hakkinen,146
2001,666,mika-hakkinen,147
2001,667,mika-hakkinen,148
2001,668,mika-hakkinen,149
2001,669,mika-hakkinen,150
2001,670,mika-hakkinen,151
2001,671,mika-hakkinen,152
2001,672,mika-hakkinen,153
2001,674,mika-hakkinen,154
2001,675,mika-hakkinen,155
2001,676,mika-hakkinen,156
2001,677,mika-hakkinen,157
2001,678,mika-hakkinen,158
2001,679,mika-hakkinen,159
2001,680,mika-hakkinen,160
1994,563,mika-salo,0
1994,564,mika-salo,1
1995,565,mika-salo,2
1995,566,mika-salo,3
1995,567,mika-salo,4
1995,568,mika-salo,5
1995,569,mika-salo,6
1995,570,mika-salo,7
1995,571,mika-salo,8
1995,572,mika-salo,9
1995,573,mika-salo,10
1995,574,mika-salo,11
1995,575,mika-salo,12
1995,576,mika-salo,13
1995,577,mika-salo,14
1995,578,mika-salo,15
1995,579,mika-salo,16
1995,580,mika-salo,17
1995,581,mika-salo,18
1996,582,mika-salo,19
1996,583,mika-salo,20
1996,584,mika-salo,21
1996,585,mika-salo,22
1996,586,mika-salo,23
1996,587,mika-salo,24
1996,588,mika-salo,25
1996,589,mika-salo,26
1996,590,mika-salo,27
1996,591,mika-salo,28
1996,592,mika-salo,29
1996,593,mika-salo,30
1996,594,mika-salo,31
1996,595,mika-salo,32
1996,596,mika-salo,33
1996,597,mika-salo,34
1997,598,mika-salo,35
1997,599,mika-salo,36
1997,600,mika-salo,37
1997,601,mika-salo,38
1997,602,mika-salo,39
1997,603,mika-salo,40
1997,604,mika-salo,41
1997,605,mika-salo,42
1997,606,mika-salo,43
1997,607,mika-salo,44
1997,608,mika-salo,45
1997,609,mika-salo,46
1997,610,mika-salo,47
1997,611,mika-salo,48
1997,612,mika-salo,49
1997,613,mika-salo,50
1997,614,mika-salo,51
1998,615,mika-salo,52
1998,616,mika-salo,53
1998,617,mika-salo,54
1998,618,mika-salo,55
1998,619,mika-salo,56
1998,620,mika-salo,57
1998,621,mika-salo,58
1998,622,mika-salo,59
1998,623,mika-salo,60
1998,624,mika-salo,61
1998,625,mika-salo,62
1998,626,mika-salo,63
1998,628,mika-salo,64
1998,629,mika-salo,65
1998,630,mika-salo,66
1999,633,mika-salo,67
1999,634,mika-salo,68
1999,635,mika-salo,69
1999,639,mika-salo,70
1999,640,mika-salo,71
1999,641,mika-salo,72
1999,642,mika-salo,73
1999,643,mika-salo,74
1999,644,mika-salo,75
2000,647,mika-salo,76
2000,649,mika-salo,77
2000,650,mika-salo,78
2000,651,mika-salo,79
2000,652,mika-salo,80
2000,653,mika-salo,81
2000,654,mika-salo,82
2000,655,mika-salo,83
2000,656,mika-salo,84
2000,657,mika-salo,85
2000,658,mika-salo,86
2000,659,mika-salo,87
2000,660,mika-salo,88
2000,661,mika-salo,89
2000,662,mika-salo,90
2000,663,mika-salo,91
2002,681,mika-salo,92
2002,682,mika-salo,93
2002,683,mika-salo,94
2002,684,mika-salo,95
2002,685,mika-salo,96
2002,686,mika-salo,97
2002,687,mika-salo,98
2002,688,mika-salo,99
2002,689,mika-salo,100
2002,690,mika-salo,101
2002,691,mika-salo,102
2002,692,mika-salo,103
2002,693,mika-salo,104
2002,694,mika-salo,105
2002,695,mika-salo,106
2002,696,mika-salo,107
2002,697,mika-salo,108
2005,732,narain-karthikeyan,0
2005,733,narain-karthikeyan,1
2005,734,narain-karthikeyan,2
2005,735,narain-karthikeyan,3
2005,736,narain-karthikeyan,4
2005,737,narain-karthikeyan,5
2005,738,narain-karthikeyan,6
2005,739,narain-karthikeyan,7
2005,740,narain-karthikeyan,8
2005,741,narain-karthikeyan,9
2005,742,narain-karthikeyan,10
2005,743,narain-karthikeyan,11
2005,744,narain-karthikeyan,12
2005,745,narain-karthikeyan,13
2005,746,narain-karthikeyan,14
2005,747,narain-karthikeyan,15
2005,748,narain-karthikeyan,16
2005,749,narain-karthikeyan,17
2005,750,narain-karthikeyan,18
2011,841,narain-karthikeyan,19
2011,842,narain-karthikeyan,20
2011,843,narain-karthikeyan,21
2011,844,narain-karthikeyan,22
2011,845,narain-karthikeyan,23
2011,846,narain-karthikeyan,24
2011,847,narain-karthikeyan,25
2011,856,narain-karthikeyan,26
2012,860,narain-karthikeyan,27
2012,861,narain-karthikeyan,28
2012,862,narain-karthikeyan,29
2012,863,narain-karthikeyan,30
2012,864,narain-karthikeyan,31
2012,865,narain-karthikeyan,32
2012,866,narain-karthikeyan,33
2012,867,narain-karthikeyan,34
2012,868,narain-karthikeyan,35
2012,869,narain-karthikeyan,36
2012,870,narain-karthikeyan,37
2012,871,narain-karthikeyan,38
2012,872,narain-karthikeyan,39
2012,873,narain-karthikeyan,40
2012,874,narain-karthikeyan,41
2012,875,narain-karthikeyan,42
2012,876,narain-karthikeyan,43
2012,877,narain-karthikeyan,44
2012,878,narain-karthikeyan,45
1986,421,nelson-piquet,0
1986,422,nelson-piquet,1
1986,423,nelson-piquet,2
1986,424,nelson-piquet,3
1986,425,nelson-piquet,4
1986,426,nelson-piquet,5
1986,427,nelson-piquet,6
1986,428,nelson-piquet,7
1986,429,nelson-piquet,8
1986,430,nelson-piquet,9
1986,431,nelson-piquet,10
1986,432,nelson-piquet,11
1986,433,nelson-piquet,12
1986,434,nelson-piquet,13
1986,435,nelson-piquet,14
1986,436,nelson-piquet,15
1987,437,nelson-piquet,16
1987,439,nelson-piquet,17
1987,440,nelson-piquet,18
1987,441,nelson-piquet,19
1987,442,nelson-piquet,20
1987,443,nelson-piquet,21
1987,444,nelson-piquet,22
1987,445,nelson-piquet,23
1987,446,nelson-piquet,24
1987,447,nelson-piquet,25
1987,448,nelson-piquet,26
1987,449,nelson-piquet,27
1987,450,nelson-piquet,28
1987,451,nelson-piquet,29
1987,452,nelson-piquet,30
1988,453,nelson-piquet,31
1988,454,nelson-piquet,32
1988,455,nelson-piquet,33
1988,456,nelson-piquet,34
1988,457,nelson-piquet,35
1988,458,nelson-piquet,36
1988,459,nelson-piquet,37
1988,460,nelson-piquet,38
1988,461,nelson-piquet,39
1988,462,nelson-piquet,40
1988,463,nelson-piquet,41
1988,464,nelson-piquet,42
1988,465,nelson-piquet,43
1988,466,nelson-piquet,44
1988,467,nelson-piquet,45
1988,468,nelson-piquet,46
1989,469,nelson-piquet,47
1989,470,nelson-piquet,48
1989,471,nelson-piquet,49
1989,472,nelson-piquet,50
1989,473,nelson-piquet,51
1989,474,nelson-piquet,52
1989,475,nelson-piquet,53
1989,476,nelson-piquet,54
1989,477,nelson-piquet,55
1989,478,nelson-piquet,56
1989,480,nelson-piquet,57
1989,481,nelson-piquet,58
1989,482,nelson-piquet,59
1989,483,nelson-piquet,60
1989,484,nelson-piquet,61
1990,485,nelson-piquet,62
1990,486,nelson-piquet,63
1990,487,nelson-piquet,64
1990,488,nelson-piquet,65
1990,489,nelson-piquet,66
1990,490,nelson-piquet,67
1990,491,nelson-piquet,68
1990,492,nelson-piquet,69
1990,493,nelson-piquet,70
1990,494,nelson-piquet,71
1990,495,nelson-piquet,72
1990,496,nelson-piquet,73
1990,497,nelson-piquet,74
1990,498,nelson-piquet,75
1990,499,nelson-piquet,76
1990,500,nelson-piquet,77
1991,501,nelson-piquet,78
1991,502,nelson-piquet,79
1991,503,nelson-piquet,80
1991,504,nelson-piquet,81
1991,505,nelson-piquet,82
1991,506,nelson-piquet,83
1991,507,nelson-piquet,84
1991,508,nelson-piquet,85
1991,509,nelson-piquet,86
1991,510,nelson-piquet,87
1991,511,nelson-piquet,88
1991,512,nelson-piquet,89
1991,513,nelson-piquet,90
1991,514,nelson-piquet,91
1991,515,nelson-piquet,92
1991,516,nelson-piquet,93
2008,786,nelson-piquet-jr,0
2008,787,nelson-piquet-jr,1
2008,788,nelson-piquet-jr,2
2008,789,nelson-piquet-jr,3
2008,790,nelson-piquet-jr,4
2008,791,nelson-piquet-jr,5
2008,792,nelson-piquet-jr,6
2008,793,nelson-piquet-jr,7
2008,794,nelson-piquet-jr,8
2008,795,nelson-piquet-jr,9
2008,796,nelson-piquet-jr,10
2008,797,nelson-piquet-jr,11
2008,798,nelson-piquet-jr,12
2008,799,nelson-piquet-jr,13
2008,800,nelson-piquet-jr,14
2008,801,nelson-piquet-jr,15
2008,802,nelson-piquet-jr,16
2008,803,nelson-piquet-jr,17
2009,804,nelson-piquet-jr,18
2009,805,nelson-piquet-jr,19
2009,806,nelson-piquet-jr,20
2009,807,nelson-piquet-jr,21
2009,808,nelson-piquet-jr,22
2009,809,nelson-piquet-jr,23
2009,810,nelson-piquet-jr,24
2009,811,nelson-piquet-jr,25
2009,812,nelson-piquet-jr,26
2009,813,nelson-piquet-jr,27
2020,1019,nicholas-latifi,0
2020,1020,nicholas-latifi,1
2020,1021,nicholas-latifi,2
2020,1022,nicholas-latifi,3
2020,1023,nicholas-latifi,4
2020,1024,nicholas-latifi,5
2020,1025,nicholas-latifi,6
2020,1026,nicholas-latifi,7
2020,1027,nicholas-latifi,8
2020,1028,nicholas-latifi,9
2020,1029,nicholas-latifi,10
2020,1030,nicholas-latifi,11
2020,1031,nicholas-latifi,12
2020,1032,nicholas-latifi,13
2020,1033,nicholas-latifi,14
2020,1034,nicholas-latifi,15
2020,1035,nicholas-latifi,16
2021,1036,nicholas-latifi,17
2021,1037,nicholas-latifi,18
2021,1038,nicholas-latifi,19
2021,1039,nicholas-latifi,20
2021,1040,nicholas-latifi,21
2021,1041,nicholas-latifi,22
2021,1042,nicholas-latifi,23
2021,1043,nicholas-latifi,24
2021,1044,nicholas-latifi,25
2021,1045,nicholas-latifi,26
2021,1046,nicholas-latifi,27
2021,1047,nicholas-latifi,28
2021,1048,nicholas-latifi,29
2021,1049,nicholas-latifi,30
2021,1050,nicholas-latifi,31
2021,1051,nicholas-latifi,32
2021,1052,nicholas-latifi,33
2021,1053,nicholas-latifi,34
2021,1054,nicholas-latifi,35
2021,1055,nicholas-latifi,36
2021,1056,nicholas-latifi,37
2021,1057,nicholas-latifi,38
2022,1058,nicholas-latifi,39
2022,1059,nicholas-latifi,40
2022,1060,nicholas-latifi,41
2022,1061,nicholas-latifi,42
2022,1062,nicholas-latifi,43
2022,1063,nicholas-latifi,44
2022,1064,nicholas-latifi,45
2022,1065,nicholas-latifi,46
2022,1066,nicholas-latifi,47
2022,1067,nicholas-latifi,48
2022,1068,nicholas-latifi,49
2022,1069,nicholas-latifi,50
2022,1070,nicholas-latifi,51
2022,1071,nicholas-latifi,52
2022,1072,nicholas-latifi,53
2022,1073,nicholas-latifi,54
2022,1074,nicholas-latifi,55
2022,1075,nicholas-latifi,56
2022,1076,nicholas-latifi,57
2022,1077,nicholas-latifi,58
2022,1078,nicholas-latifi,59
2022,1079,nicholas-latifi,60
2000,647,nick-heidfeld,0
2000,648,nick-heidfeld,1
2000,649,nick-heidfeld,2
2000,650,nick-heidfeld,3
2000,651,nick-heidfeld,4
2000,653,nick-heidfeld,5
2000,654,nick-heidfeld,6
2000,655,nick-heidfeld,7
2000,656,nick-heidfeld,8
2000,657,nick-heidfeld,9
2000,658,nick-heidfeld,10
2000,659,nick-heidfeld,11
2000,660,nick-heidfeld,12
2000,661,nick-heidfeld,13
2000,662,nick-heidfeld,14
2000,663,nick-heidfeld,15
2001,664,nick-heidfeld,16
2001,665,nick-heidfeld,17
2001,666,nick-heidfeld,18
2001,667,nick-heidfeld,19
2001,668,nick-heidfeld,20
2001,669,nick-heidfeld,21
2001,670,nick-heidfeld,22
2001,671,nick-heidfeld,23
2001,672,nick-heidfeld,24
2001,673,nick-heidfeld,25
2001,674,nick-heidfeld,26
2001,675,nick-heidfeld,27
2001,676,nick-heidfeld,28
2001,677,nick-heidfeld,29
2001,678,nick-heidfeld,30
2001,679,nick-heidfeld,31
2001,680,nick-heidfeld,32
2002,681,nick-heidfeld,33
2002,682,nick-heidfeld,34
2002,683,nick-heidfeld,35
2002,684,nick-heidfeld,36
2002,685,nick-heidfeld,37
2002,686,nick-heidfeld,38
2002,687,nick-heidfeld,39
2002,688,nick-heidfeld,40
2002,689,nick-heidfeld,41
2002,690,nick-heidfeld,42
2002,691,nick-heidfeld,43
2002,692,nick-heidfeld,44
2002,693,nick-heidfeld,45
2002,694,nick-heidfeld,46
2002,695,nick-heidfeld,47
2002,696,nick-heidfeld,48
2002,697,nick-heidfeld,49
2003,698,nick-heidfeld,50
2003,699,nick-heidfeld,51
2003,700,nick-heidfeld,52
2003,701,nick-heidfeld,53
2003,702,nick-heidfeld,54
2003,703,nick-heidfeld,55
2003,704,nick-heidfeld,56
2003,705,nick-heidfeld,57
2003,706,nick-heidfeld,58
2003,707,nick-heidfeld,59
2003,708,nick-heidfeld,60
2003,709,nick-heidfeld,61
2003,710,nick-heidfeld,62
2003,711,nick-heidfeld,63
2003,712,nick-heidfeld,64
2003,713,nick-heidfeld,65
2004,714,nick-heidfeld,66
2004,715,nick-heidfeld,67
2004,716,nick-heidfeld,68
2004,717,nick-heidfeld,69
2004,718,nick-heidfeld,70
2004,719,nick-heidfeld,71
2004,720,nick-heidfeld,72
2004,721,nick-heidfeld,73
2004,722,nick-heidfeld,74
2004,723,nick-heidfeld,75
2004,724,nick-heidfeld,76
2004,725,nick-heidfeld,77
2004,726,nick-heidfeld,78
2004,727,nick-heidfeld,79
2004,728,nick-heidfeld,80
2004,729,nick-heidfeld,81
2004,730,nick-heidfeld,82
2004,731,nick-heidfeld,83
2005,732,nick-heidfeld,84
2005,733,nick-heidfeld,85
2005,734,nick-heidfeld,86
2005,735,nick-heidfeld,87
2005,736,nick-heidfeld,88
2005,737,nick-heidfeld,89
2005,738,nick-heidfeld,90
2005,739,nick-heidfeld,91
2005,741,nick-heidfeld,92
2005,742,nick-heidfeld,93
2005,743,nick-heidfeld,94
2005,744,nick-heidfeld,95
2005,745,nick-heidfeld,96
2006,751,nick-heidfeld,97
2006,752,nick-heidfeld,98
2006,753,nick-heidfeld,99
2006,754,nick-heidfeld,100
2006,755,nick-heidfeld,101
2006,756,nick-heidfeld,102
2006,757,nick-heidfeld,103
2006,758,nick-heidfeld,104
2006,759,nick-heidfeld,105
2006,760,nick-heidfeld,106
2006,761,nick-heidfeld,107
2006,762,nick-heidfeld,108
2006,763,nick-heidfeld,109
2006,764,nick-heidfeld,110
2006,765,nick-heidfeld,111
2006,766,nick-heidfeld,112
2006,767,nick-heidfeld,113
2006,768,nick-heidfeld,114
2007,769,nick-heidfeld,115
2007,770,nick-heidfeld,116
2007,771,nick-heidfeld,117
2007,772,nick-heidfeld,118
2007,773,nick-heidfeld,119
2007,774,nick-heidfeld,120
2007,775,nick-heidfeld,121
2007,776,nick-heidfeld,122
2007,777,nick-heidfeld,123
2007,778,nick-heidfeld,124
2007,779,nick-heidfeld,125
2007,780,nick-heidfeld,126
2007,781,nick-heidfeld,127
2007,782,nick-heidfeld,128
2007,783,nick-heidfeld,129
2007,784,nick-heidfeld,130
2007,785,nick-heidfeld,131
2008,786,nick-heidfeld,132
2008,787,nick-heidfeld,133
2008,788,nick-heidfeld,134
2008,789,nick-heidfeld,135
2008,790,nick-heidfeld,136
2008,791,nick-heidfeld,137
2008,792,nick-heidfeld,138
2008,793,nick-heidfeld,139
2008,794,nick-heidfeld,140
2008,795,nick-heidfeld,141
2008,796,nick-heidfeld,142
2008,797,nick-heidfeld,143
2008,798,nick-heidfeld,144
2008,799,nick-heidfeld,145
2008,800,nick-heidfeld,146
2008,801,nick-heidfeld,147
2008,802,nick-heidfeld,148
2008,803,nick-heidfeld,149
2009,804,nick-heidfeld,150
2009,805,nick-heidfeld,151
2009,806,nick-heidfeld,152
2009,807,nick-heidfeld,153
2009,808,nick-heidfeld,154
2009,809,nick-heidfeld,155
2009,810,nick-heidfeld,156
2009,811,nick-heidfeld,157
2009,812,nick-heidfeld,158
2009,813,nick-heidfeld,159
2009,814,nick-heidfeld,160
2009,815,nick-heidfeld,161
2009,816,nick-heidfeld,162
2009,817,nick-heidfeld,163
2009,818,nick-heidfeld,164
2009,819,nick-heidfeld,165
2009,820,nick-heidfeld,166
2010,835,nick-heidfeld,167
2010,836,nick-heidfeld,168
2010,837,nick-heidfeld,169
2010,838,nick-heidfeld,170
2010,839,nick-heidfeld,171
2011,840,nick-heidfeld,172
2011,841,nick-heidfeld,173
2011,842,nick-heidfeld,174
2011,843,nick-heidfeld,175
2011,844,nick-heidfeld,176
2011,845,nick-heidfeld,177
2011,846,nick-heidfeld,178
2011,847,nick-heidfeld,179
2011,848,nick-heidfeld,180
2011,849,nick-heidfeld,181
2011,850,nick-heidfeld,182
2010,821,nico-hulkenberg,0
2010,822,nico-hulkenberg,1
2010,823,nico-hulkenberg,2
2010,824,nico-hulkenberg,3
2010,825,nico-hulkenberg,4
2010,826,nico-hulkenberg,5
2010,827,nico-hulkenberg,6
2010,828,nico-hulkenberg,7
2010,829,nico-hulkenberg,8
2010,830,nico-hulkenberg,9
2010,831,nico-hulkenberg,10
2010,832,nico-hulkenberg,11
2010,833,nico-hulkenberg,12
2010,834,nico-hulkenberg,13
2010,835,nico-hulkenberg,14
2010,836,nico-hulkenberg,15
2010,837,nico-hulkenberg,16
2010,838,nico-hulkenberg,17
2010,839,nico-hulkenberg,18
2012,859,nico-hulkenberg,19
2012,860,nico-hulkenberg,20
2012,861,nico-hulkenberg,21
2012,862,nico-hulkenberg,22
2012,863,nico-hulkenberg,23
2012,864,nico-hulkenberg,24
2012,865,nico-hulkenberg,25
2012,866,nico-hulkenberg,26
2012,867,nico-hulkenberg,27
2012,868,nico-hulkenberg,28
2012,869,nico-hulkenberg,29
2012,870,nico-hulkenberg,30
2012,871,nico-hulkenberg,31
2012,872,nico-hulkenberg,32
2012,873,nico-hulkenberg,33
2012,874,nico-hulkenberg,34
2012,875,nico-hulkenberg,35
2012,876,nico-hulkenberg,36
2012,877,nico-hulkenberg,37
2012,878,nico-hulkenberg,38
2013,880,nico-hulkenberg,39
2013,881,nico-hulkenberg,40
2013,882,nico-hulkenberg,41
2013,883,nico-hulkenberg,42
2013,884,nico-hulkenberg,43
2013,885,nico-hulkenberg,44
2013,886,nico-hulkenberg,45
2013,887,nico-hulkenberg,46
2013,888,nico-hulkenberg,47
2013,889,nico-hulkenberg,48
2013,890,nico-hulkenberg,49
2013,891,nico-hulkenberg,50
2013,892,nico-hulkenberg,51
2013,893,nico-hulkenberg,52
2013,894,nico-hulkenberg,53
2013,895,nico-hulkenberg,54
2013,896,nico-hulkenberg,55
2013,897,nico-hulkenberg,56
2014,898,nico-hulkenberg,57
2014,899,nico-hulkenberg,58
2014,900,nico-hulkenberg,59
2014,901,nico-hulkenberg,60
2014,902,nico-hulkenberg,61
2014,903,nico-hulkenberg,62
2014,904,nico-hulkenberg,63
2014,905,nico-hulkenberg,64
2014,906,nico-hulkenberg,65
2014,907,nico-hulkenberg,66
2014,908,nico-hulkenberg,67
2014,909,nico-hulkenberg,68
2014,910,nico-hulkenberg,69
2014,911,nico-hulkenberg,70
2014,912,nico-hulkenberg,71
2014,913,nico-hulkenberg,72
2014,914,nico-hulkenberg,73
2014,915,nico-hulkenberg,74
2014,916,nico-hulkenberg,75
2015,917,nico-hulkenberg,76
2015,918,nico-hulkenberg,77
2015,919,nico-hulkenberg,78
2015,920,nico-hulkenberg,79
2015,921,nico-hulkenberg,80
2015,922,nico-hulkenberg,81
2015,923,nico-hulkenberg,82
2015,924,nico-hulkenberg,83
2015,925,nico-hulkenberg,84
2015,926,nico-hulkenberg,85
2015,928,nico-hulkenberg,86
2015,929,nico-hulkenberg,87
2015,930,nico-hulkenberg,88
2015,931,nico-hulkenberg,89
2015,932,nico-hulkenberg,90
2015,933,nico-hulkenberg,91
2015,934,nico-hulkenberg,92
2015,935,nico-hulkenberg,93
2016,936,nico-hulkenberg,94
2016,937,nico-hulkenberg,95
2016,938,nico-hulkenberg,96
2016,939,nico-hulkenberg,97
2016,940,nico-hulkenberg,98
2016,941,nico-hulkenberg,99
2016,942,nico-hulkenberg,100
2016,943,nico-hulkenberg,101
2016,944,nico-hulkenberg,102
2016,945,nico-hulkenberg,103
2016,946,nico-hulkenberg,104
2016,947,nico-hulkenberg,105
2016,948,nico-hulkenberg,106
2016,949,nico-hulkenberg,107
2016,950,nico-hulkenberg,108
2016,951,nico-hulkenberg,109
2016,952,nico-hulkenberg,110
2016,953,nico-hulkenberg,111
2016,954,nico-hulkenberg,112
2016,955,nico-hulkenberg,113
2016,956,nico-hulkenberg,114
2017,957,nico-hulkenberg,115
2017,958,nico-hulkenberg,116
2017,959,nico-hulkenberg,117
2017,960,nico-hulkenberg,118
2017,961,nico-hulkenberg,119
2017,962,nico-hulkenberg,120
2017,963,nico-hulkenberg,121
2017,964,nico-hulkenberg,122
2017,965,nico-hulkenberg,123
2017,966,nico-hulkenberg,124
2017,967,nico-hulkenberg,125
2017,968,nico-hulkenberg,126
2017,969,nico-hulkenberg,127
2017,970,nico-hulkenberg,128
2017,971,nico-hulkenberg,129
2017,972,nico-hulkenberg,130
2017,973,nico-hulkenberg,131
2017,974,nico-hulkenberg,132
2017,975,nico-hulkenberg,133
2017,976,nico-hulkenberg,134
2018,977,nico-hulkenberg,135
2018,978,nico-hulkenberg,136
2018,979,nico-hulkenberg,137
2018,980,nico-hulkenberg,138
2018,981,nico-hulkenberg,139
2018,982,nico-hulkenberg,140
2018,983,nico-hulkenberg,141
2018,984,nico-hulkenberg,142
2018,985,nico-hulkenberg,143
2018,986,nico-hulkenberg,144
2018,987,nico-hulkenberg,145
2018,988,nico-hulkenberg,146
2018,989,nico-hulkenberg,147
2018,990,nico-hulkenberg,148
2018,991,nico-hulkenberg,149
2018,992,nico-hulkenberg,150
2018,993,nico-hulkenberg,151
2018,994,nico-hulkenberg,152
2018,995,nico-hulkenberg,153
2018,996,nico-hulkenberg,154
2018,997,nico-hulkenberg,155
2019,998,nico-hulkenberg,156
2019,999,nico-hulkenberg,157
2019,1000,nico-hulkenberg,158
2019,1001,nico-hulkenberg,159
2019,1002,nico-hulkenberg,160
2019,1003,nico-hulkenberg,161
2019,1004,nico-hulkenberg,162
2019,1005,nico-hulkenberg,163
2019,1006,nico-hulkenberg,164
2019,1007,nico-hulkenberg,165
2019,1008,nico-hulkenberg,166
2019,1009,nico-hulkenberg,167
2019,1010,nico-hulkenberg,168
2019,1011,nico-hulkenberg,169
2019,1012,nico-hulkenberg,170
2019,1013,nico-hulkenberg,171
2019,1014,nico-hulkenberg,172
2019,1015,nico-hulkenberg,173
2019,1016,nico-hulkenberg,174
2019,1017,nico-hulkenberg,175
2019,1018,nico-hulkenberg,176
2020,1023,nico-hulkenberg,177
2020,1029,nico-hulkenberg,178
2022,1058,nico-hulkenberg,179
2022,1059,nico-hulkenberg,180
2023,1080,nico-hulkenberg,181
2023,1081,nico-hulkenberg,182
2023,1082,nico-hulkenberg,183
2023,1083,nico-hulkenberg,184
2023,1084,nico-hulkenberg,185
2023,1085,nico-hulkenberg,186
2023,1086,nico-hulkenberg,187
2023,1087,nico-hulkenberg,188
2023,1088,nico-hulkenberg,189
2023,1089,nico-hulkenberg,190
2023,1090,nico-hulkenberg,191
2023,1091,nico-hulkenberg,192
2023,1092,nico-hulkenberg,193
2023,1093,nico-hulkenberg,194
2023,1094,nico-hulkenberg,195
2023,1095,nico-hulkenberg,196
2023,1096,nico-hulkenberg,197
2023,1097,nico-hulkenberg,198
2023,1098,nico-hulkenberg,199
2023,1099,nico-hulkenberg,200
2023,1100,nico-hulkenberg,201
2023,1101,nico-hulkenberg,202
2024,1102,nico-hulkenberg,203
2024,1103,nico-hulkenberg,204
2024,1104,nico-hulkenberg,205
2024,1105,nico-hulkenberg,206
2024,1106,nico-hulkenberg,207
2024,1107,nico-hulkenberg,208
2024,1108,nico-hulkenberg,209
2024,1109,nico-hulkenberg,210
2024,1110,nico-hulkenberg,211
2024,1111,nico-hulkenberg,212
2024,1112,nico-hulkenberg,213
2024,1113,nico-hulkenberg,214
2024,1114,nico-hulkenberg,215
2024,1115,nico-hulkenberg,216
2024,1116,nico-hulkenberg,217
2024,1117,nico-hulkenberg,218
2024,1118,nico-hulkenberg,219
2024,1119,nico-hulkenberg,220
2024,1120,nico-hulkenberg,221
2024,1121,nico-hulkenberg,222
2024,1122,nico-hulkenberg,223
2024,1123,nico-hulkenberg,224
2024,1124,nico-hulkenberg,225
2024,1125,nico-hulkenberg,226
2006,751,nico-rosberg,0
2006,752,nico-rosberg,1
2006,753,nico-rosberg,2
2006,754,nico-rosberg,3
2006,755,nico-rosberg,4
2006,756,nico-rosberg,5
2006,757,nico-rosberg,6
2006,758,nico-rosberg,7
2006,759,nico-rosberg,8
2006,760,nico-rosberg,9
2006,761,nico-rosberg,10
2006,762,nico-rosberg,11
2006,763,nico-rosberg,12
2006,764,nico-rosberg,13
2006,765,nico-rosberg,14
2006,766,nico-rosberg,15
2006,767,nico-rosberg,16
2006,768,nico-rosberg,17
2007,769,nico-rosberg,18
2007,770,nico-rosberg,19
2007,771,nico-rosberg,20
2007,772,nico-rosberg,21
2007,773,nico-rosberg,22
2007,774,nico-rosberg,23
2007,775,nico-rosberg,24
2007,776,nico-rosberg,25
2007,777,nico-rosberg,26
2007,778,nico-rosberg,27
2007,779,nico-rosberg,28
2007,780,nico-rosberg,29
2007,781,nico-rosberg,30
2007,782,nico-rosberg,31
2007,783,nico-rosberg,32
2007,784,nico-rosberg,33
2007,785,nico-rosberg,34
2008,786,nico-rosberg,35
2008,787,nico-rosberg,36
2008,788,nico-rosberg,37
2008,789,nico-rosberg,38
2008,790,nico-rosberg,39
2008,791,nico-rosberg,40
2008,792,nico-rosberg,41
2008,793,nico-rosberg,42
2008,794,nico-rosberg,43
2008,795,nico-rosberg,44
2008,796,nico-rosberg,45
2008,797,nico-rosberg,46
2008,798,nico-rosberg,47
2008,799,nico-rosberg,48
2008,800,nico-rosberg,49
2008,801,nico-rosberg,50
2008,802,nico-rosberg,51
2008,803,nico-rosberg,52
2009,804,nico-rosberg,53
2009,805,nico-rosberg,54
2009,806,nico-rosberg,55
2009,807,nico-rosberg,56
2009,808,nico-rosberg,57
2009,809,nico-rosberg,58
2009,810,nico-rosberg,59
2009,811,nico-rosberg,60
2009,812,nico-rosberg,61
2009,813,nico-rosberg,62
2009,814,nico-rosberg,63
2009,815,nico-rosberg,64
2009,816,nico-rosberg,65
2009,817,nico-rosberg,66
2009,818,nico-rosberg,67
2009,819,nico-rosberg,68
2009,820,nico-rosberg,69
2010,821,nico-rosberg,70
2010,822,nico-rosberg,71
2010,823,nico-rosberg,72
2010,824,nico-rosberg,73
2010,825,nico-rosberg,74
2010,826,nico-rosberg,75
2010,827,nico-rosberg,76
2010,828,nico-rosberg,77
2010,829,nico-rosberg,78
2010,830,nico-rosberg,79
2010,831,nico-rosberg,80
2010,832,nico-rosberg,81
2010,833,nico-rosberg,82
2010,834,nico-rosberg,83
2010,835,nico-rosberg,84
2010,836,nico-rosberg,85
2010,837,nico-rosberg,86
2010,838,nico-rosberg,87
2010,839,nico-rosberg,88
2011,840,nico-rosberg,89
2011,841,nico-rosberg,90
2011,842,nico-rosberg,91
2011,843,nico-rosberg,92
2011,844,nico-rosberg,93
2011,845,nico-rosberg,94
2011,846,nico-rosberg,95
2011,847,nico-rosberg,96
2011,848,nico-rosberg,97
2011,849,nico-rosberg,98
2011,850,nico-rosberg,99
2011,851,nico-rosberg,100
2011,852,nico-rosberg,101
2011,853,nico-rosberg,102
2011,854,nico-rosberg,103
2011,855,nico-rosberg,104
2011,856,nico-rosberg,105
2011,857,nico-rosberg,106
2011,858,nico-rosberg,107
2012,859,nico-rosberg,108
2012,860,nico-rosberg,109
2012,861,nico-rosberg,110
2012,862,nico-rosberg,111
2012,863,nico-rosberg,112
2012,864,nico-rosberg,113
2012,865,nico-rosberg,114
2012,866,nico-rosberg,115
2012,867,nico-rosberg,116
2012,868,nico-rosberg,117
2012,869,nico-rosberg,118
2012,870,nico-rosberg,119
2012,871,nico-rosberg,120
2012,872,nico-rosberg,121
2012,873,nico-rosberg,122
2012,874,nico-rosberg,123
2012,875,nico-rosberg,124
2012,876,nico-rosberg,125
2012,877,nico-rosberg,126
2012,878,nico-rosberg,127
2013,879,nico-rosberg,128
2013,880,nico-rosberg,129
2013,881,nico-rosberg,130
2013,882,nico-rosberg,131
2013,883,nico-rosberg,132
2013,884,nico-rosberg,133
2013,885,nico-rosberg,134
2013,886,nico-rosberg,135
2013,887,nico-rosberg,136
2013,888,nico-rosberg,137
2013,889,nico-rosberg,138
2013,890,nico-rosberg,139
2013,891,nico-rosberg,140
2013,892,nico-rosberg,141
2013,893,nico-rosberg,142
2013,894,nico-rosberg,143
2013,895,nico-rosberg,144
2013,896,nico-rosberg,145
2013,897,nico-rosberg,146
2014,898,nico-rosberg,147
2014,899,nico-rosberg,148
2014,900,nico-rosberg,149
2014,901,nico-rosberg,150
2014,902,nico-rosberg,151
2014,903,nico-rosberg,152
2014,904,nico-rosberg,153
2014,905,nico-rosberg,154
2014,906,nico-rosberg,155
2014,907,nico-rosberg,156
2014,908,nico-rosberg,157
2014,909,nico-rosberg,158
2014,910,nico-rosberg,159
2014,911,nico-rosberg,160
2014,912,nico-rosberg,161
2014,913,nico-rosberg,162
2014,914,nico-rosberg,163
2014,915,nico-rosberg,164
2014,916,nico-rosberg,165
2015,917,nico-rosberg,166
2015,918,nico-rosberg,167
2015,919,nico-rosberg,168
2015,920,nico-rosberg,169
2015,921,nico-rosberg,170
2015,922,nico-rosberg,171
2015,923,nico-rosberg,172
2015,924,nico-rosberg,173
2015,925,nico-rosberg,174
2015,926,nico-rosberg,175
2015,927,nico-rosberg,176
2015,928,nico-rosberg,177
2015,929,nico-rosberg,178
2015,930,nico-rosberg,179
2015,931,nico-rosberg,180
2015,932,nico-rosberg,181
2015,933,nico-rosberg,182
2015,934,nico-rosberg,183
2015,935,nico-rosberg,184
2016,936,nico-rosberg,185
2016,937,nico-rosberg,186
2016,938,nico-rosberg,187
2016,939,nico-rosberg,188
2016,940,nico-rosberg,189
2016,941,nico-rosberg,190
2016,942,nico-rosberg,191
2016,943,nico-rosberg,192
2016,944,nico-rosberg,193
2016,945,nico-rosberg,194
2016,946,nico-rosberg,195
2016,947,nico-rosberg,196
2016,948,nico-rosberg,197
2016,949,nico-rosberg,198
2016,950,nico-rosberg,199
2016,951,nico-rosberg,200
2016,952,nico-rosberg,201
2016,953,nico-rosberg,202
2016,954,nico-rosberg,203
2016,955,nico-rosberg,204
2016,956,nico-rosberg,205
1987,449,nicola-larini,0
1988,455,nicola-larini,1
1988,458,nicola-larini,2
1988,459,nicola-larini,3
1988,460,nicola-larini,4
1988,461,nicola-larini,5
1988,463,nicola-larini,6
1988,464,nicola-larini,7
1988,465,nicola-larini,8
1988,466,nicola-larini,9
1988,467,nicola-larini,10
1989,469,nicola-larini,11
1989,470,nicola-larini,12
1989,474,nicola-larini,13
1989,476,nicola-larini,14
1989,480,nicola-larini,15
1989,482,nicola-larini,16
1989,483,nicola-larini,17
1989,484,nicola-larini,18
1990,485,nicola-larini,19
1990,486,nicola-larini,20
1990,487,nicola-larini,21
1990,488,nicola-larini,22
1990,489,nicola-larini,23
1990,490,nicola-larini,24
1990,491,nicola-larini,25
1990,492,nicola-larini,26
1990,493,nicola-larini,27
1990,494,nicola-larini,28
1990,495,nicola-larini,29
1990,496,nicola-larini,30
1990,497,nicola-larini,31
1990,498,nicola-larini,32
1990,499,nicola-larini,33
1990,500,nicola-larini,34
1991,501,nicola-larini,35
1991,509,nicola-larini,36
1991,510,nicola-larini,37
1991,512,nicola-larini,38
1991,516,nicola-larini,39
1992,531,nicola-larini,40
1992,532,nicola-larini,41
1994,550,nicola-larini,42
1994,551,nicola-larini,43
1997,598,nicola-larini,44
1997,599,nicola-larini,45
1997,600,nicola-larini,46
1997,601,nicola-larini,47
1997,602,nicola-larini,48
2003,709,nicolas-kiesa,0
2003,710,nicolas-kiesa,1
2003,711,nicolas-kiesa,2
2003,712,nicolas-kiesa,3
2003,713,nicolas-kiesa,4
1986,421,nigel-mansell,0
1986,422,nigel-mansell,1
1986,423,nigel-mansell,2
1986,424,nigel-mansell,3
1986,425,nigel-mansell,4
1986,426,nigel-mansell,5
1986,427,nigel-mansell,6
1986,428,nigel-mansell,7
1986,429,nigel-mansell,8
1986,430,nigel-mansell,9
1986,431,nigel-mansell,10
1986,432,nigel-mansell,11
1986,433,nigel-mansell,12
1986,434,nigel-mansell,13
1986,435,nigel-mansell,14
1986,436,nigel-mansell,15
1987,437,nigel-mansell,16
1987,438,nigel-mansell,17
1987,439,nigel-mansell,18
1987,440,nigel-mansell,19
1987,441,nigel-mansell,20
1987,442,nigel-mansell,21
1987,443,nigel-mansell,22
1987,444,nigel-mansell,23
1987,445,nigel-mansell,24
1987,446,nigel-mansell,25
1987,447,nigel-mansell,26
1987,448,nigel-mansell,27
1987,449,nigel-mansell,28
1987,450,nigel-mansell,29
1988,453,nigel-mansell,30
1988,454,nigel-mansell,31
1988,455,nigel-mansell,32
1988,456,nigel-mansell,33
1988,457,nigel-mansell,34
1988,458,nigel-mansell,35
1988,459,nigel-mansell,36
1988,460,nigel-mansell,37
1988,461,nigel-mansell,38
1988,462,nigel-mansell,39
1988,465,nigel-mansell,40
1988,466,nigel-mansell,41
1988,467,nigel-mansell,42
1988,468,nigel-mansell,43
1989,469,nigel-mansell,44
1989,470,nigel-mansell,45
1989,471,nigel-mansell,46
1989,472,nigel-mansell,47
1989,473,nigel-mansell,48
1989,474,nigel-mansell,49
1989,475,nigel-mansell,50
1989,476,nigel-mansell,51
1989,477,nigel-mansell,52
1989,478,nigel-mansell,53
1989,479,nigel-mansell,54
1989,480,nigel-mansell,55
1989,481,nigel-mansell,56
1989,483,nigel-mansell,57
1989,484,nigel-mansell,58
1990,485,nigel-mansell,59
1990,486,nigel-mansell,60
1990,487,nigel-mansell,61
1990,488,nigel-mansell,62
1990,489,nigel-mansell,63
1990,490,nigel-mansell,64
1990,491,nigel-mansell,65
1990,492,nigel-mansell,66
1990,493,nigel-mansell,67
1990,494,nigel-mansell,68
1990,495,nigel-mansell,69
1990,496,nigel-mansell,70
1990,497,nigel-mansell,71
1990,498,nigel-mansell,72
1990,499,nigel-mansell,73
1990,500,nigel-mansell,74
1991,501,nigel-mansell,75
1991,502,nigel-mansell,76
1991,503,nigel-mansell,77
1991,504,nigel-mansell,78
1991,505,nigel-mansell,79
1991,506,nigel-mansell,80
1991,507,nigel-mansell,81
1991,508,nigel-mansell,82
1991,509,nigel-mansell,83
1991,510,nigel-mansell,84
1991,511,nigel-mansell,85
1991,512,nigel-mansell,86
1991,513,nigel-mansell,87
1991,514,nigel-mansell,88
1991,515,nigel-mansell,89
1991,516,nigel-mansell,90
1992,517,nigel-mansell,91
1992,518,nigel-mansell,92
1992,519,nigel-mansell,93
1992,520,nigel-mansell,94
1992,521,nigel-mansell,95
1992,522,nigel-mansell,96
1992,523,nigel-mansell,97
1992,524,nigel-mansell,98
1992,525,nigel-mansell,99
1992,526,nigel-mansell,100
1992,527,nigel-mansell,101
1992,528,nigel-mansell,102
1992,529,nigel-mansell,103
1992,530,nigel-mansell,104
1992,531,nigel-mansell,105
1992,532,nigel-mansell,106
1994,555,nigel-mansell,107
1994,562,nigel-mansell,108
1994,563,nigel-mansell,109
1994,564,nigel-mansell,110
1995,567,nigel-mansell,111
1995,568,nigel-mansell,112
2021,1036,nikita-mazepin,0
2021,1037,nikita-mazepin,1
2021,1038,nikita-mazepin,2
2021,1039,nikita-mazepin,3
2021,1040,nikita-mazepin,4
2021,1041,nikita-mazepin,5
2021,1042,nikita-mazepin,6
2021,1043,nikita-mazepin,7
2021,1044,nikita-mazepin,8
2021,1045,nikita-mazepin,9
2021,1046,nikita-mazepin,10
2021,1047,nikita-mazepin,11
2021,1048,nikita-mazepin,12
2021,1049,nikita-mazepin,13
2021,1050,nikita-mazepin,14
2021,1051,nikita-mazepin,15
2021,1052,nikita-mazepin,16
2021,1053,nikita-mazepin,17
2021,1054,nikita-mazepin,18
2021,1055,nikita-mazepin,19
2021,1056,nikita-mazepin,20
1997,605,norberto-fontana,0
1997,606,norberto-fontana,1
1997,607,norberto-fontana,2
1997,614,norberto-fontana,3
2022,1073,nyck-de-vries,0
2023,1080,nyck-de-vries,1
2023,1081,nyck-de-vries,2
2023,1082,nyck-de-vries,3
2023,1083,nyck-de-vries,4
2023,1084,nyck-de-vries,5
2023,1085,nyck-de-vries,6
2023,1086,nyck-de-vries,7
2023,1087,nyck-de-vries,8
2023,1088,nyck-de-vries,9
2023,1089,nyck-de-vries,10
2024,1103,oliver-bearman,0
2024,1118,oliver-bearman,1
2024,1122,oliver-bearman,2
1994,549,olivier-beretta,0
1994,550,olivier-beretta,1
1994,551,olivier-beretta,2
1994,552,olivier-beretta,3
1994,553,olivier-beretta,4
1994,554,olivier-beretta,5
1994,555,olivier-beretta,6
1994,556,olivier-beretta,7
1994,557,olivier-beretta,8
1994,558,olivier-beretta,9
1989,469,olivier-grouillard,0
1989,470,olivier-grouillard,1
1989,471,olivier-grouillard,2
1989,472,olivier-grouillard,3
1989,475,olivier-grouillard,4
1989,476,olivier-grouillard,5
1989,477,olivier-grouillard,6
1989,479,olivier-grouillard,7
1989,480,olivier-grouillard,8
1989,482,olivier-grouillard,9
1989,483,olivier-grouillard,10
1989,484,olivier-grouillard,11
1990,485,olivier-grouillard,12
1990,486,olivier-grouillard,13
1990,487,olivier-grouillard,14
1990,489,olivier-grouillard,15
1990,490,olivier-grouillard,16
1990,495,olivier-grouillard,17
1990,496,olivier-grouillard,18
1990,498,olivier-grouillard,19
1990,500,olivier-grouillard,20
1991,506,olivier-grouillard,21
1991,507,olivier-grouillard,22
1991,511,olivier-grouillard,23
1991,512,olivier-grouillard,24
1992,517,olivier-grouillard,25
1992,518,olivier-grouillard,26
1992,519,olivier-grouillard,27
1992,520,olivier-grouillard,28
1992,521,olivier-grouillard,29
1992,522,olivier-grouillard,30
1992,523,olivier-grouillard,31
1992,524,olivier-grouillard,32
1992,525,olivier-grouillard,33
1992,526,olivier-grouillard,34
1992,527,olivier-grouillard,35
1992,528,olivier-grouillard,36
1992,529,olivier-grouillard,37
1992,530,olivier-grouillard,38
1992,531,olivier-grouillard,39
1992,532,olivier-grouillard,40
1994,549,olivier-panis,0
1994,550,olivier-panis,1
1994,551,olivier-panis,2
1994,552,olivier-panis,3
1994,553,olivier-panis,4
1994,554,olivier-panis,5
1994,555,olivier-panis,6
1994,556,olivier-panis,7
1994,557,olivier-panis,8
1994,558,olivier-panis,9
1994,559,olivier-panis,10
1994,560,olivier-panis,11
1994,561,olivier-panis,12
1994,562,olivier-panis,13
1994,563,olivier-panis,14
1994,564,olivier-panis,15
1995,565,olivier-panis,16
1995,566,olivier-panis,17
1995,567,olivier-panis,18
1995,568,olivier-panis,19
1995,569,olivier-panis,20
1995,570,olivier-panis,21
1995,571,olivier-panis,22
1995,572,olivier-panis,23
1995,573,olivier-panis,24
1995,574,olivier-panis,25
1995,575,olivier-panis,26
1995,576,olivier-panis,27
1995,577,olivier-panis,28
1995,578,olivier-panis,29
1995,579,olivier-panis,30
1995,580,olivier-panis,31
1995,581,olivier-panis,32
1996,582,olivier-panis,33
1996,583,olivier-panis,34
1996,584,olivier-panis,35
1996,585,olivier-panis,36
1996,586,olivier-panis,37
1996,587,olivier-panis,38
1996,588,olivier-panis,39
1996,589,olivier-panis,40
1996,590,olivier-panis,41
1996,591,olivier-panis,42
1996,592,olivier-panis,43
1996,593,olivier-panis,44
1996,594,olivier-panis,45
1996,595,olivier-panis,46
1996,596,olivier-panis,47
1996,597,olivier-panis,48
1997,598,olivier-panis,49
1997,599,olivier-panis,50
1997,600,olivier-panis,51
1997,601,olivier-panis,52
1997,602,olivier-panis,53
1997,603,olivier-panis,54
1997,604,olivier-panis,55
1997,612,olivier-panis,56
1997,613,olivier-panis,57
1997,614,olivier-panis,58
1998,615,olivier-panis,59
1998,616,olivier-panis,60
1998,617,olivier-panis,61
1998,618,olivier-panis,62
1998,619,olivier-panis,63
1998,620,olivier-panis,64
1998,621,olivier-panis,65
1998,622,olivier-panis,66
1998,623,olivier-panis,67
1998,624,olivier-panis,68
1998,625,olivier-panis,69
1998,626,olivier-panis,70
1998,628,olivier-panis,71
1998,629,olivier-panis,72
1998,630,olivier-panis,73
1999,631,olivier-panis,74
1999,632,olivier-panis,75
1999,633,olivier-panis,76
1999,634,olivier-panis,77
1999,635,olivier-panis,78
1999,636,olivier-panis,79
1999,637,olivier-panis,80
1999,638,olivier-panis,81
1999,639,olivier-panis,82
1999,640,olivier-panis,83
1999,641,olivier-panis,84
1999,642,olivier-panis,85
1999,643,olivier-panis,86
1999,644,olivier-panis,87
1999,645,olivier-panis,88
1999,646,olivier-panis,89
2001,664,olivier-panis,90
2001,665,olivier-panis,91
2001,666,olivier-panis,92
2001,667,olivier-panis,93
2001,668,olivier-panis,94
2001,669,olivier-panis,95
2001,670,olivier-panis,96
2001,671,olivier-panis,97
2001,672,olivier-panis,98
2001,673,olivier-panis,99
2001,674,olivier-panis,100
2001,675,olivier-panis,101
2001,676,olivier-panis,102
2001,677,olivier-panis,103
2001,678,olivier-panis,104
2001,679,olivier-panis,105
2001,680,olivier-panis,106
2002,681,olivier-panis,107
2002,682,olivier-panis,108
2002,683,olivier-panis,109
2002,684,olivier-panis,110
2002,685,olivier-panis,111
2002,686,olivier-panis,112
2002,687,olivier-panis,113
2002,688,olivier-panis,114
2002,689,olivier-panis,115
2002,690,olivier-panis,116
2002,691,olivier-panis,117
2002,692,olivier-panis,118
2002,693,olivier-panis,119
2002,694,olivier-panis,120
2002,695,olivier-panis,121
2002,696,olivier-panis,122
2002,697,olivier-panis,123
2003,698,olivier-panis,124
2003,699,olivier-panis,125
2003,700,olivier-panis,126
2003,701,olivier-panis,127
2003,702,olivier-panis,128
2003,703,olivier-panis,129
2003,704,olivier-panis,130
2003,705,olivier-panis,131
2003,706,olivier-panis,132
2003,707,olivier-panis,133
2003,708,olivier-panis,134
2003,709,olivier-panis,135
2003,710,olivier-panis,136
2003,711,olivier-panis,137
2003,712,olivier-panis,138
2003,713,olivier-panis,139
2004,714,olivier-panis,140
2004,715,olivier-panis,141
2004,716,olivier-panis,142
2004,717,olivier-panis,143
2004,718,olivier-panis,144
2004,719,olivier-panis,145
2004,720,olivier-panis,146
2004,721,olivier-panis,147
2004,722,olivier-panis,148
2004,723,olivier-panis,149
2004,724,olivier-panis,150
2004,725,olivier-panis,151
2004,726,olivier-panis,152
2004,727,olivier-panis,153
2004,728,olivier-panis,154
2004,729,olivier-panis,155
2004,730,olivier-panis,156
1988,453,oscar-larrauri,0
1988,455,oscar-larrauri,1
1988,456,oscar-larrauri,2
1988,457,oscar-larrauri,3
1988,458,oscar-larrauri,4
1988,459,oscar-larrauri,5
1988,461,oscar-larrauri,6
1988,468,oscar-larrauri,7
2023,1080,oscar-piastri,0
2023,1081,oscar-piastri,1
2023,1082,oscar-piastri,2
2023,1083,oscar-piastri,3
2023,1084,oscar-piastri,4
2023,1085,oscar-piastri,5
2023,1086,oscar-piastri,6
2023,1087,oscar-piastri,7
2023,1088,oscar-piastri,8
2023,1089,oscar-piastri,9
2023,1090,oscar-piastri,10
2023,1091,oscar-piastri,11
2023,1092,oscar-piastri,12
2023,1093,oscar-piastri,13
2023,1094,oscar-piastri,14
2023,1095,oscar-piastri,15
2023,1096,oscar-piastri,16
2023,1097,oscar-piastri,17
2023,1098,oscar-piastri,18
2023,1099,oscar-piastri,19
2023,1100,oscar-piastri,20
2023,1101,oscar-piastri,21
2024,1102,oscar-piastri,22
2024,1103,oscar-piastri,23
2024,1104,oscar-piastri,24
2024,1105,oscar-piastri,25
2024,1106,oscar-piastri,26
2024,1107,oscar-piastri,27
2024,1108,oscar-piastri,28
2024,1109,oscar-piastri,29
2024,1110,oscar-piastri,30
2024,1111,oscar-piastri,31
2024,1112,oscar-piastri,32
2024,1113,oscar-piastri,33
2024,1114,oscar-piastri,34
2024,1115,oscar-piastri,35
2024,1116,oscar-piastri,36
2024,1117,oscar-piastri,37
2024,1118,oscar-piastri,38
2024,1119,oscar-piastri,39
2024,1120,oscar-piastri,40
2024,1121,oscar-piastri,41
2024,1122,oscar-piastri,42
2024,1123,oscar-piastri,43
2024,1124,oscar-piastri,44
2024,1125,oscar-piastri,45
1989,483,paolo-barilla,0
1990,485,paolo-barilla,1
1990,486,paolo-barilla,2
1990,487,paolo-barilla,3
1990,488,paolo-barilla,4
1990,490,paolo-barilla,5
1990,492,paolo-barilla,6
1990,494,paolo-barilla,7
1990,495,paolo-barilla,8
1987,437,pascal-fabre,0
1987,438,pascal-fabre,1
1987,439,pascal-fabre,2
1987,440,pascal-fabre,3
1987,441,pascal-fabre,4
1987,442,pascal-fabre,5
1987,443,pascal-fabre,6
1987,444,pascal-fabre,7
1987,445,pascal-fabre,8
1987,446,pascal-fabre,9
1987,449,pascal-fabre,10
2016,936,pascal-wehrlein,0
2016,937,pascal-wehrlein,1
2016,938,pascal-wehrlein,2
2016,939,pascal-wehrlein,3
2016,940,pascal-wehrlein,4
2016,941,pascal-wehrlein,5
2016,942,pascal-wehrlein,6
2016,943,pascal-wehrlein,7
2016,944,pascal-wehrlein,8
2016,945,pascal-wehrlein,9
2016,946,pascal-wehrlein,10
2016,947,pascal-wehrlein,11
2016,948,pascal-wehrlein,12
2016,949,pascal-wehrlein,13
2016,950,pascal-wehrlein,14
2016,951,pascal-wehrlein,15
2016,952,pascal-wehrlein,16
2016,953,pascal-wehrlein,17
2016,954,pascal-wehrlein,18
2016,955,pascal-wehrlein,19
2016,956,pascal-wehrlein,20
2017,959,pascal-wehrlein,21
2017,960,pascal-wehrlein,22
2017,961,pascal-wehrlein,23
2017,962,pascal-wehrlein,24
2017,963,pascal-wehrlein,25
2017,964,pascal-wehrlein,26
2017,965,pascal-wehrlein,27
2017,966,pascal-wehrlein,28
2017,967,pascal-wehrlein,29
2017,968,pascal-wehrlein,30
2017,969,pascal-wehrlein,31
2017,970,pascal-wehrlein,32
2017,971,pascal-wehrlein,33
2017,972,pascal-wehrlein,34
2017,973,pascal-wehrlein,35
2017,974,pascal-wehrlein,36
2017,975,pascal-wehrlein,37
2017,976,pascal-wehrlein,38
2011,840,pastor-maldonado,0
2011,841,pastor-maldonado,1
2011,842,pastor-maldonado,2
2011,843,pastor-maldonado,3
2011,844,pastor-maldonado,4
2011,845,pastor-maldonado,5
2011,846,pastor-maldonado,6
2011,847,pastor-maldonado,7
2011,848,pastor-maldonado,8
2011,849,pastor-maldonado,9
2011,850,pastor-maldonado,10
2011,851,pastor-maldonado,11
2011,852,pastor-maldonado,12
2011,853,pastor-maldonado,13
2011,854,pastor-maldonado,14
2011,855,pastor-maldonado,15
2011,856,pastor-maldonado,16
2011,857,pastor-maldonado,17
2011,858,pastor-maldonado,18
2012,859,pastor-maldonado,19
2012,860,pastor-maldonado,20
2012,861,pastor-maldonado,21
2012,862,pastor-maldonado,22
2012,863,pastor-maldonado,23
2012,864,pastor-maldonado,24
2012,865,pastor-maldonado,25
2012,866,pastor-maldonado,26
2012,867,pastor-maldonado,27
2012,868,pastor-maldonado,28
2012,869,pastor-maldonado,29
2012,870,pastor-maldonado,30
2012,871,pastor-maldonado,31
2012,872,pastor-maldonado,32
2012,873,pastor-maldonado,33
2012,874,pastor-maldonado,34
2012,875,pastor-maldonado,35
2012,876,pastor-maldonado,36
2012,877,pastor-maldonado,37
2012,878,pastor-maldonado,38
2013,879,pastor-maldonado,39
2013,880,pastor-maldonado,40
2013,881,pastor-maldonado,41
2013,882,pastor-maldonado,42
2013,883,pastor-maldonado,43
2013,884,pastor-maldonado,44
2013,885,pastor-maldonado,45
2013,886,pastor-maldonado,46
2013,887,pastor-maldonado,47
2013,888,pastor-maldonado,48
2013,889,pastor-maldonado,49
2013,890,pastor-maldonado,50
2013,891,pastor-maldonado,51
2013,892,pastor-maldonado,52
2013,893,pastor-maldonado,53
2013,894,pastor-maldonado,54
2013,895,pastor-maldonado,55
2013,896,pastor-maldonado,56
2013,897,pastor-maldonado,57
2014,898,pastor-maldonado,58
2014,899,pastor-maldonado,59
2014,900,pastor-maldonado,60
2014,901,pastor-maldonado,61
2014,902,pastor-maldonado,62
2014,904,pastor-maldonado,63
2014,905,pastor-maldonado,64
2014,906,pastor-maldonado,65
2014,907,pastor-maldonado,66
2014,908,pastor-maldonado,67
2014,909,pastor-maldonado,68
2014,910,pastor-maldonado,69
2014,911,pastor-maldonado,70
2014,912,pastor-maldonado,71
2014,913,pastor-maldonado,72
2014,914,pastor-maldonado,73
2014,915,pastor-maldonado,74
2014,916,pastor-maldonado,75
2015,917,pastor-maldonado,76
2015,918,pastor-maldonado,77
2015,919,pastor-maldonado,78
2015,920,pastor-maldonado,79
2015,921,pastor-maldonado,80
2015,922,pastor-maldonado,81
2015,923,pastor-maldonado,82
2015,924,pastor-maldonado,83
2015,925,pastor-maldonado,84
2015,926,pastor-maldonado,85
2015,927,pastor-maldonado,86
2015,928,pastor-maldonado,87
2015,929,pastor-maldonado,88
2015,930,pastor-maldonado,89
2015,931,pastor-maldonado,90
2015,932,pastor-maldonado,91
2015,933,pastor-maldonado,92
2015,934,pastor-maldonado,93
2015,935,pastor-maldonado,94
2005,732,patrick-friesacher,0
2005,733,patrick-friesacher,1
2005,734,patrick-friesacher,2
2005,735,patrick-friesacher,3
2005,736,patrick-friesacher,4
2005,737,patrick-friesacher,5
2005,738,patrick-friesacher,6
2005,739,patrick-friesacher,7
2005,740,patrick-friesacher,8
2005,741,patrick-friesacher,9
2005,742,patrick-friesacher,10
1986,421,patrick-tambay,0
1986,422,patrick-tambay,1
1986,423,patrick-tambay,2
1986,424,patrick-tambay,3
1986,425,patrick-tambay,4
1986,428,patrick-tambay,5
1986,429,patrick-tambay,6
1986,430,patrick-tambay,7
1986,431,patrick-tambay,8
1986,432,patrick-tambay,9
1986,433,patrick-tambay,10
1986,434,patrick-tambay,11
1986,436,patrick-tambay,12
1992,520,paul-belmondo,0
1992,521,paul-belmondo,1
1992,523,paul-belmondo,2
1992,526,paul-belmondo,3
1992,527,paul-belmondo,4
1994,552,paul-belmondo,5
1994,553,paul-belmondo,6
2011,840,paul-di-resta,0
2011,841,paul-di-resta,1
2011,842,paul-di-resta,2
2011,843,paul-di-resta,3
2011,844,paul-di-resta,4
2011,845,paul-di-resta,5
2011,846,paul-di-resta,6
2011,847,paul-di-resta,7
2011,848,paul-di-resta,8
2011,849,paul-di-resta,9
2011,850,paul-di-resta,10
2011,851,paul-di-resta,11
2011,852,paul-di-resta,12
2011,853,paul-di-resta,13
2011,854,paul-di-resta,14
2011,855,paul-di-resta,15
2011,856,paul-di-resta,16
2011,857,paul-di-resta,17
2011,858,paul-di-resta,18
2012,859,paul-di-resta,19
2012,860,paul-di-resta,20
2012,861,paul-di-resta,21
2012,862,paul-di-resta,22
2012,863,paul-di-resta,23
2012,864,paul-di-resta,24
2012,865,paul-di-resta,25
2012,866,paul-di-resta,26
2012,867,paul-di-resta,27
2012,868,paul-di-resta,28
2012,869,paul-di-resta,29
2012,870,paul-di-resta,30
2012,871,paul-di-resta,31
2012,872,paul-di-resta,32
2012,873,paul-di-resta,33
2012,874,paul-di-resta,34
2012,875,paul-di-resta,35
2012,876,paul-di-resta,36
2012,877,paul-di-resta,37
2012,878,paul-di-resta,38
2013,879,paul-di-resta,39
2013,880,paul-di-resta,40
2013,881,paul-di-resta,41
2013,882,paul-di-resta,42
2013,883,paul-di-resta,43
2013,884,paul-di-resta,44
2013,885,paul-di-resta,45
2013,886,paul-di-resta,46
2013,887,paul-di-resta,47
2013,888,paul-di-resta,48
2013,889,paul-di-resta,49
2013,890,paul-di-resta,50
2013,891,paul-di-resta,51
2013,892,paul-di-resta,52
2013,893,paul-di-resta,53
2013,894,paul-di-resta,54
2013,895,paul-di-resta,55
2013,896,paul-di-resta,56
2013,897,paul-di-resta,57
2017,967,paul-di-resta,58
1999,631,pedro-de-la-rosa,0
1999,632,pedro-de-la-rosa,1
1999,633,pedro-de-la-rosa,2
1999,634,pedro-de-la-rosa,3
1999,635,pedro-de-la-rosa,4
1999,636,pedro-de-la-rosa,5
1999,637,pedro-de-la-rosa,6
1999,638,pedro-de-la-rosa,7
1999,639,pedro-de-la-rosa,8
1999,640,pedro-de-la-rosa,9
1999,641,pedro-de-la-rosa,10
1999,642,pedro-de-la-rosa,11
1999,643,pedro-de-la-rosa,12
1999,644,pedro-de-la-rosa,13
1999,645,pedro-de-la-rosa,14
1999,646,pedro-de-la-rosa,15
2000,647,pedro-de-la-rosa,16
2000,648,pedro-de-la-rosa,17
2000,649,pedro-de-la-rosa,18
2000,650,pedro-de-la-rosa,19
2000,651,pedro-de-la-rosa,20
2000,652,pedro-de-la-rosa,21
2000,654,pedro-de-la-rosa,22
2000,655,pedro-de-la-rosa,23
2000,656,pedro-de-la-rosa,24
2000,657,pedro-de-la-rosa,25
2000,658,pedro-de-la-rosa,26
2000,659,pedro-de-la-rosa,27
2000,660,pedro-de-la-rosa,28
2000,661,pedro-de-la-rosa,29
2000,662,pedro-de-la-rosa,30
2000,663,pedro-de-la-rosa,31
2001,668,pedro-de-la-rosa,32
2001,669,pedro-de-la-rosa,33
2001,670,pedro-de-la-rosa,34
2001,671,pedro-de-la-rosa,35
2001,672,pedro-de-la-rosa,36
2001,673,pedro-de-la-rosa,37
2001,674,pedro-de-la-rosa,38
2001,675,pedro-de-la-rosa,39
2001,676,pedro-de-la-rosa,40
2001,677,pedro-de-la-rosa,41
2001,678,pedro-de-la-rosa,42
2001,679,pedro-de-la-rosa,43
2001,680,pedro-de-la-rosa,44
2002,681,pedro-de-la-rosa,45
2002,682,pedro-de-la-rosa,46
2002,683,pedro-de-la-rosa,47
2002,684,pedro-de-la-rosa,48
2002,685,pedro-de-la-rosa,49
2002,686,pedro-de-la-rosa,50
2002,687,pedro-de-la-rosa,51
2002,688,pedro-de-la-rosa,52
2002,689,pedro-de-la-rosa,53
2002,690,pedro-de-la-rosa,54
2002,691,pedro-de-la-rosa,55
2002,692,pedro-de-la-rosa,56
2002,693,pedro-de-la-rosa,57
2002,694,pedro-de-la-rosa,58
2002,695,pedro-de-la-rosa,59
2002,696,pedro-de-la-rosa,60
2002,697,pedro-de-la-rosa,61
2005,734,pedro-de-la-rosa,62
2006,761,pedro-de-la-rosa,63
2006,762,pedro-de-la-rosa,64
2006,763,pedro-de-la-rosa,65
2006,764,pedro-de-la-rosa,66
2006,765,pedro-de-la-rosa,67
2006,766,pedro-de-la-rosa,68
2006,767,pedro-de-la-rosa,69
2006,768,pedro-de-la-rosa,70
2010,821,pedro-de-la-rosa,71
2010,822,pedro-de-la-rosa,72
2010,824,pedro-de-la-rosa,73
2010,825,pedro-de-la-rosa,74
2010,826,pedro-de-la-rosa,75
2010,827,pedro-de-la-rosa,76
2010,828,pedro-de-la-rosa,77
2010,829,pedro-de-la-rosa,78
2010,830,pedro-de-la-rosa,79
2010,831,pedro-de-la-rosa,80
2010,832,pedro-de-la-rosa,81
2010,833,pedro-de-la-rosa,82
2010,834,pedro-de-la-rosa,83
2011,846,pedro-de-la-rosa,84
2012,860,pedro-de-la-rosa,85
2012,861,pedro-de-la-rosa,86
2012,862,pedro-de-la-rosa,87
2012,863,pedro-de-la-rosa,88
2012,864,pedro-de-la-rosa,89
2012,865,pedro-de-la-rosa,90
2012,866,pedro-de-la-rosa,91
2012,867,pedro-de-la-rosa,92
2012,868,pedro-de-la-rosa,93
2012,869,pedro-de-la-rosa,94
2012,870,pedro-de-la-rosa,95
2012,871,pedro-de-la-rosa,96
2012,872,pedro-de-la-rosa,97
2012,873,pedro-de-la-rosa,98
2012,874,pedro-de-la-rosa,99
2012,875,pedro-de-la-rosa,100
2012,876,pedro-de-la-rosa,101
2012,877,pedro-de-la-rosa,102
2012,878,pedro-de-la-rosa,103
1995,565,pedro-diniz,0
1995,566,pedro-diniz,1
1995,567,pedro-diniz,2
1995,568,pedro-diniz,3
1995,569,pedro-diniz,4
1995,570,pedro-diniz,5
1995,571,pedro-diniz,6
1995,572,pedro-diniz,7
1995,573,pedro-diniz,8
1995,574,pedro-diniz,9
1995,575,pedro-diniz,10
1995,576,pedro-diniz,11
1995,577,pedro-diniz,12
1995,578,pedro-diniz,13
1995,579,pedro-diniz,14
1995,580,pedro-diniz,15
1995,581,pedro-diniz,16
1996,582,pedro-diniz,17
1996,583,pedro-diniz,18
1996,584,pedro-diniz,19
1996,585,pedro-diniz,20
1996,586,pedro-diniz,21
1996,587,pedro-diniz,22
1996,588,pedro-diniz,23
1996,589,pedro-diniz,24
1996,590,pedro-diniz,25
1996,591,pedro-diniz,26
1996,592,pedro-diniz,27
1996,593,pedro-diniz,28
1996,594,pedro-diniz,29
1996,595,pedro-diniz,30
1996,596,pedro-diniz,31
1996,597,pedro-diniz,32
1997,598,pedro-diniz,33
1997,599,pedro-diniz,34
1997,600,pedro-diniz,35
1997,601,pedro-diniz,36
1997,602,pedro-diniz,37
1997,603,pedro-diniz,38
1997,604,pedro-diniz,39
1997,605,pedro-diniz,40
1997,606,pedro-diniz,41
1997,607,pedro-diniz,42
1997,608,pedro-diniz,43
1997,609,pedro-diniz,44
1997,610,pedro-diniz,45
1997,611,pedro-diniz,46
1997,612,pedro-diniz,47
1997,613,pedro-diniz,48
1997,614,pedro-diniz,49
1998,615,pedro-diniz,50
1998,616,pedro-diniz,51
1998,617,pedro-diniz,52
1998,618,pedro-diniz,53
1998,619,pedro-diniz,54
1998,620,pedro-diniz,55
1998,621,pedro-diniz,56
1998,622,pedro-diniz,57
1998,623,pedro-diniz,58
1998,624,pedro-diniz,59
1998,625,pedro-diniz,60
1998,626,pedro-diniz,61
1998,627,pedro-diniz,62
1998,628,pedro-diniz,63
1998,629,pedro-diniz,64
1998,630,pedro-diniz,65
1999,631,pedro-diniz,66
1999,632,pedro-diniz,67
1999,633,pedro-diniz,68
1999,634,pedro-diniz,69
1999,635,pedro-diniz,70
1999,636,pedro-diniz,71
1999,637,pedro-diniz,72
1999,638,pedro-diniz,73
1999,639,pedro-diniz,74
1999,640,pedro-diniz,75
1999,641,pedro-diniz,76
1999,642,pedro-diniz,77
1999,643,pedro-diniz,78
1999,644,pedro-diniz,79
1999,645,pedro-diniz,80
1999,646,pedro-diniz,81
2000,647,pedro-diniz,82
2000,649,pedro-diniz,83
2000,650,pedro-diniz,84
2000,651,pedro-diniz,85
2000,652,pedro-diniz,86
2000,653,pedro-diniz,87
2000,654,pedro-diniz,88
2000,655,pedro-diniz,89
2000,656,pedro-diniz,90
2000,657,pedro-diniz,91
2000,658,pedro-diniz,92
2000,659,pedro-diniz,93
2000,660,pedro-diniz,94
2000,661,pedro-diniz,95
2000,662,pedro-diniz,96
2000,663,pedro-diniz,97
1993,545,pedro-lamy,0
1993,546,pedro-lamy,1
1993,547,pedro-lamy,2
1993,548,pedro-lamy,3
1994,549,pedro-lamy,4
1994,550,pedro-lamy,5
1994,551,pedro-lamy,6
1994,552,pedro-lamy,7
1995,574,pedro-lamy,8
1995,575,pedro-lamy,9
1995,576,pedro-lamy,10
1995,577,pedro-lamy,11
1995,578,pedro-lamy,12
1995,579,pedro-lamy,13
1995,580,pedro-lamy,14
1995,581,pedro-lamy,15
1996,582,pedro-lamy,16
1996,583,pedro-lamy,17
1996,584,pedro-lamy,18
1996,585,pedro-lamy,19
1996,586,pedro-lamy,20
1996,587,pedro-lamy,21
1996,588,pedro-lamy,22
1996,589,pedro-lamy,23
1996,590,pedro-lamy,24
1996,591,pedro-lamy,25
1996,592,pedro-lamy,26
1996,593,pedro-lamy,27
1996,594,pedro-lamy,28
1996,595,pedro-lamy,29
1996,596,pedro-lamy,30
1996,597,pedro-lamy,31
1994,559,philippe-adams,0
1994,561,philippe-adams,1
1986,430,philippe-alliot,0
1986,431,philippe-alliot,1
1986,432,philippe-alliot,2
1986,433,philippe-alliot,3
1986,434,philippe-alliot,4
1986,435,philippe-alliot,5
1986,436,philippe-alliot,6
1987,438,philippe-alliot,7
1987,439,philippe-alliot,8
1987,440,philippe-alliot,9
1987,441,philippe-alliot,10
1987,442,philippe-alliot,11
1987,443,philippe-alliot,12
1987,444,philippe-alliot,13
1987,445,philippe-alliot,14
1987,446,philippe-alliot,15
1987,447,philippe-alliot,16
1987,448,philippe-alliot,17
1987,449,philippe-alliot,18
1987,450,philippe-alliot,19
1987,451,philippe-alliot,20
1987,452,philippe-alliot,21
1988,453,philippe-alliot,22
1988,454,philippe-alliot,23
1988,455,philippe-alliot,24
1988,456,philippe-alliot,25
1988,457,philippe-alliot,26
1988,458,philippe-alliot,27
1988,459,philippe-alliot,28
1988,460,philippe-alliot,29
1988,461,philippe-alliot,30
1988,462,philippe-alliot,31
1988,463,philippe-alliot,32
1988,464,philippe-alliot,33
1988,465,philippe-alliot,34
1988,466,philippe-alliot,35
1988,467,philippe-alliot,36
1988,468,philippe-alliot,37
1989,469,philippe-alliot,38
1989,470,philippe-alliot,39
1989,471,philippe-alliot,40
1989,472,philippe-alliot,41
1989,473,philippe-alliot,42
1989,474,philippe-alliot,43
1989,475,philippe-alliot,44
1989,476,philippe-alliot,45
1989,477,philippe-alliot,46
1989,479,philippe-alliot,47
1989,480,philippe-alliot,48
1989,481,philippe-alliot,49
1989,482,philippe-alliot,50
1989,483,philippe-alliot,51
1989,484,philippe-alliot,52
1990,486,philippe-alliot,53
1990,487,philippe-alliot,54
1990,488,philippe-alliot,55
1990,489,philippe-alliot,56
1990,490,philippe-alliot,57
1990,491,philippe-alliot,58
1990,492,philippe-alliot,59
1990,493,philippe-alliot,60
1990,494,philippe-alliot,61
1990,496,philippe-alliot,62
1990,497,philippe-alliot,63
1990,498,philippe-alliot,64
1990,499,philippe-alliot,65
1990,500,philippe-alliot,66
1993,533,philippe-alliot,67
1993,534,philippe-alliot,68
1993,535,philippe-alliot,69
1993,536,philippe-alliot,70
1993,537,philippe-alliot,71
1993,538,philippe-alliot,72
1993,539,philippe-alliot,73
1993,540,philippe-alliot,74
1993,541,philippe-alliot,75
1993,542,philippe-alliot,76
1993,543,philippe-alliot,77
1993,544,philippe-alliot,78
1993,545,philippe-alliot,79
1993,546,philippe-alliot,80
1994,558,philippe-alliot,81
1994,559,philippe-alliot,82
1986,421,philippe-streiff,0
1986,422,philippe-streiff,1
1986,423,philippe-streiff,2
1986,424,philippe-streiff,3
1986,425,philippe-streiff,4
1986,426,philippe-streiff,5
1986,427,philippe-streiff,6
1986,428,philippe-streiff,7
1986,429,philippe-streiff,8
1986,430,philippe-streiff,9
1986,431,philippe-streiff,10
1986,432,philippe-streiff,11
1986,433,philippe-streiff,12
1986,434,philippe-streiff,13
1986,435,philippe-streiff,14
1986,436,philippe-streiff,15
1987,437,philippe-streiff,16
1987,438,philippe-streiff,17
1987,439,philippe-streiff,18
1987,440,philippe-streiff,19
1987,441,philippe-streiff,20
1987,442,philippe-streiff,21
1987,443,philippe-streiff,22
1987,444,philippe-streiff,23
1987,445,philippe-streiff,24
1987,446,philippe-streiff,25
1987,447,philippe-streiff,26
1987,448,philippe-streiff,27
1987,449,philippe-streiff,28
1987,450,philippe-streiff,29
1987,451,philippe-streiff,30
1987,452,philippe-streiff,31
1988,453,philippe-streiff,32
1988,454,philippe-streiff,33
1988,455,philippe-streiff,34
1988,456,philippe-streiff,35
1988,457,philippe-streiff,36
1988,458,philippe-streiff,37
1988,459,philippe-streiff,38
1988,460,philippe-streiff,39
1988,461,philippe-streiff,40
1988,462,philippe-streiff,41
1988,463,philippe-streiff,42
1988,464,philippe-streiff,43
1988,465,philippe-streiff,44
1988,466,philippe-streiff,45
1988,467,philippe-streiff,46
1988,468,philippe-streiff,47
1986,421,piercarlo-ghinzani,0
1986,422,piercarlo-ghinzani,1
1986,423,piercarlo-ghinzani,2
1986,425,piercarlo-ghinzani,3
1986,426,piercarlo-ghinzani,4
1986,427,piercarlo-ghinzani,5
1986,428,piercarlo-ghinzani,6
1986,429,piercarlo-ghinzani,7
1986,430,piercarlo-ghinzani,8
1986,431,piercarlo-ghinzani,9
1986,432,piercarlo-ghinzani,10
1986,433,piercarlo-ghinzani,11
1986,434,piercarlo-ghinzani,12
1986,435,piercarlo-ghinzani,13
1986,436,piercarlo-ghinzani,14
1987,438,piercarlo-ghinzani,15
1987,439,piercarlo-ghinzani,16
1987,440,piercarlo-ghinzani,17
1987,441,piercarlo-ghinzani,18
1987,442,piercarlo-ghinzani,19
1987,444,piercarlo-ghinzani,20
1987,445,piercarlo-ghinzani,21
1987,446,piercarlo-ghinzani,22
1987,447,piercarlo-ghinzani,23
1987,448,piercarlo-ghinzani,24
1987,449,piercarlo-ghinzani,25
1987,450,piercarlo-ghinzani,26
1987,451,piercarlo-ghinzani,27
1987,452,piercarlo-ghinzani,28
1988,454,piercarlo-ghinzani,29
1988,455,piercarlo-ghinzani,30
1988,456,piercarlo-ghinzani,31
1988,457,piercarlo-ghinzani,32
1988,461,piercarlo-ghinzani,33
1988,463,piercarlo-ghinzani,34
1988,464,piercarlo-ghinzani,35
1988,468,piercarlo-ghinzani,36
1989,478,piercarlo-ghinzani,37
1989,482,piercarlo-ghinzani,38
1989,484,piercarlo-ghinzani,39
1988,458,pierluigi-martini,0
1988,459,pierluigi-martini,1
1988,460,pierluigi-martini,2
1988,462,pierluigi-martini,3
1988,464,pierluigi-martini,4
1988,465,pierluigi-martini,5
1988,466,pierluigi-martini,6
1988,467,pierluigi-martini,7
1988,468,pierluigi-martini,8
1989,469,pierluigi-martini,9
1989,470,pierluigi-martini,10
1989,471,pierluigi-martini,11
1989,472,pierluigi-martini,12
1989,473,pierluigi-martini,13
1989,474,pierluigi-martini,14
1989,475,pierluigi-martini,15
1989,476,pierluigi-martini,16
1989,477,pierluigi-martini,17
1989,478,pierluigi-martini,18
1989,479,pierluigi-martini,19
1989,480,pierluigi-martini,20
1989,481,pierluigi-martini,21
1989,482,pierluigi-martini,22
1989,484,pierluigi-martini,23
1990,485,pierluigi-martini,24
1990,486,pierluigi-martini,25
1990,488,pierluigi-martini,26
1990,489,pierluigi-martini,27
1990,490,pierluigi-martini,28
1990,491,pierluigi-martini,29
1990,492,pierluigi-martini,30
1990,493,pierluigi-martini,31
1990,494,pierluigi-martini,32
1990,495,pierluigi-martini,33
1990,496,pierluigi-martini,34
1990,497,pierluigi-martini,35
1990,498,pierluigi-martini,36
1990,499,pierluigi-martini,37
1990,500,pierluigi-martini,38
1991,501,pierluigi-martini,39
1991,502,pierluigi-martini,40
1991,503,pierluigi-martini,41
1991,504,pierluigi-martini,42
1991,505,pierluigi-martini,43
1991,506,pierluigi-martini,44
1991,507,pierluigi-martini,45
1991,508,pierluigi-martini,46
1991,509,pierluigi-martini,47
1991,510,pierluigi-martini,48
1991,511,pierluigi-martini,49
1991,512,pierluigi-martini,50
1991,513,pierluigi-martini,51
1991,514,pierluigi-martini,52
1991,515,pierluigi-martini,53
1991,516,pierluigi-martini,54
1992,517,pierluigi-martini,55
1992,518,pierluigi-martini,56
1992,519,pierluigi-martini,57
1992,520,pierluigi-martini,58
1992,521,pierluigi-martini,59
1992,522,pierluigi-martini,60
1992,523,pierluigi-martini,61
1992,524,pierluigi-martini,62
1992,525,pierluigi-martini,63
1992,526,pierluigi-martini,64
1992,527,pierluigi-martini,65
1992,528,pierluigi-martini,66
1992,529,pierluigi-martini,67
1992,530,pierluigi-martini,68
1992,531,pierluigi-martini,69
1992,532,pierluigi-martini,70
1993,541,pierluigi-martini,71
1993,542,pierluigi-martini,72
1993,543,pierluigi-martini,73
1993,544,pierluigi-martini,74
1993,545,pierluigi-martini,75
1993,546,pierluigi-martini,76
1993,547,pierluigi-martini,77
1993,548,pierluigi-martini,78
1994,549,pierluigi-martini,79
1994,550,pierluigi-martini,80
1994,551,pierluigi-martini,81
1994,552,pierluigi-martini,82
1994,553,pierluigi-martini,83
1994,554,pierluigi-martini,84
1994,555,pierluigi-martini,85
1994,556,pierluigi-martini,86
1994,557,pierluigi-martini,87
1994,558,pierluigi-martini,88
1994,559,pierluigi-martini,89
1994,560,pierluigi-martini,90
1994,561,pierluigi-martini,91
1994,562,pierluigi-martini,92
1994,563,pierluigi-martini,93
1994,564,pierluigi-martini,94
1995,566,pierluigi-martini,95
1995,567,pierluigi-martini,96
1995,568,pierluigi-martini,97
1995,569,pierluigi-martini,98
1995,570,pierluigi-martini,99
1995,571,pierluigi-martini,100
1995,572,pierluigi-martini,101
1995,573,pierluigi-martini,102
2017,971,pierre-gasly,0
2017,972,pierre-gasly,1
2017,974,pierre-gasly,2
2017,975,pierre-gasly,3
2017,976,pierre-gasly,4
2018,977,pierre-gasly,5
2018,978,pierre-gasly,6
2018,979,pierre-gasly,7
2018,980,pierre-gasly,8
2018,981,pierre-gasly,9
2018,982,pierre-gasly,10
2018,983,pierre-gasly,11
2018,984,pierre-gasly,12
2018,985,pierre-gasly,13
2018,986,pierre-gasly,14
2018,987,pierre-gasly,15
2018,988,pierre-gasly,16
2018,989,pierre-gasly,17
2018,990,pierre-gasly,18
2018,991,pierre-gasly,19
2018,992,pierre-gasly,20
2018,993,pierre-gasly,21
2018,994,pierre-gasly,22
2018,995,pierre-gasly,23
2018,996,pierre-gasly,24
2018,997,pierre-gasly,25
2019,998,pierre-gasly,26
2019,999,pierre-gasly,27
2019,1000,pierre-gasly,28
2019,1001,pierre-gasly,29
2019,1002,pierre-gasly,30
2019,1003,pierre-gasly,31
2019,1004,pierre-gasly,32
2019,1005,pierre-gasly,33
2019,1006,pierre-gasly,34
2019,1007,pierre-gasly,35
2019,1008,pierre-gasly,36
2019,1009,pierre-gasly,37
2019,1010,pierre-gasly,38
2019,1011,pierre-gasly,39
2019,1012,pierre-gasly,40
2019,1013,pierre-gasly,41
2019,1014,pierre-gasly,42
2019,1015,pierre-gasly,43
2019,1016,pierre-gasly,44
2019,1017,pierre-gasly,45
2019,1018,pierre-gasly,46
2020,1019,pierre-gasly,47
2020,1020,pierre-gasly,48
2020,1021,pierre-gasly,49
2020,1022,pierre-gasly,50
2020,1023,pierre-gasly,51
2020,1024,pierre-gasly,52
2020,1025,pierre-gasly,53
2020,1026,pierre-gasly,54
2020,1027,pierre-gasly,55
2020,1028,pierre-gasly,56
2020,1029,pierre-gasly,57
2020,1030,pierre-gasly,58
2020,1031,pierre-gasly,59
2020,1032,pierre-gasly,60
2020,1033,pierre-gasly,61
2020,1034,pierre-gasly,62
2020,1035,pierre-gasly,63
2021,1036,pierre-gasly,64
2021,1037,pierre-gasly,65
2021,1038,pierre-gasly,66
2021,1039,pierre-gasly,67
2021,1040,pierre-gasly,68
2021,1041,pierre-gasly,69
2021,1042,pierre-gasly,70
2021,1043,pierre-gasly,71
2021,1044,pierre-gasly,72
2021,1045,pierre-gasly,73
2021,1046,pierre-gasly,74
2021,1047,pierre-gasly,75
2021,1048,pierre-gasly,76
2021,1049,pierre-gasly,77
2021,1050,pierre-gasly,78
2021,1051,pierre-gasly,79
2021,1052,pierre-gasly,80
2021,1053,pierre-gasly,81
2021,1054,pierre-gasly,82
2021,1055,pierre-gasly,83
2021,1056,pierre-gasly,84
2021,1057,pierre-gasly,85
2022,1058,pierre-gasly,86
2022,1059,pierre-gasly,87
2022,1060,pierre-gasly,88
2022,1061,pierre-gasly,89
2022,1062,pierre-gasly,90
2022,1063,pierre-gasly,91
2022,1064,pierre-gasly,92
2022,1065,pierre-gasly,93
2022,1066,pierre-gasly,94
2022,1067,pierre-gasly,95
2022,1068,pierre-gasly,96
2022,1069,pierre-gasly,97
2022,1070,pierre-gasly,98
2022,1071,pierre-gasly,99
2022,1072,pierre-gasly,100
2022,1073,pierre-gasly,101
2022,1074,pierre-gasly,102
2022,1075,pierre-gasly,103
2022,1076,pierre-gasly,104
2022,1077,pierre-gasly,105
2022,1078,pierre-gasly,106
2022,1079,pierre-gasly,107
2023,1080,pierre-gasly,108
2023,1081,pierre-gasly,109
2023,1082,pierre-gasly,110
2023,1083,pierre-gasly,111
2023,1084,pierre-gasly,112
2023,1085,pierre-gasly,113
2023,1086,pierre-gasly,114
2023,1087,pierre-gasly,115
2023,1088,pierre-gasly,116
2023,1089,pierre-gasly,117
2023,1090,pierre-gasly,118
2023,1091,pierre-gasly,119
2023,1092,pierre-gasly,120
2023,1093,pierre-gasly,121
2023,1094,pierre-gasly,122
2023,1095,pierre-gasly,123
2023,1096,pierre-gasly,124
2023,1097,pierre-gasly,125
2023,1098,pierre-gasly,126
2023,1099,pierre-gasly,127
2023,1100,pierre-gasly,128
2023,1101,pierre-gasly,129
2024,1102,pierre-gasly,130
2024,1103,pierre-gasly,131
2024,1104,pierre-gasly,132
2024,1105,pierre-gasly,133
2024,1106,pierre-gasly,134
2024,1107,pierre-gasly,135
2024,1108,pierre-gasly,136
2024,1109,pierre-gasly,137
2024,1110,pierre-gasly,138
2024,1111,pierre-gasly,139
2024,1112,pierre-gasly,140
2024,1114,pierre-gasly,141
2024,1115,pierre-gasly,142
2024,1116,pierre-gasly,143
2024,1117,pierre-gasly,144
2024,1118,pierre-gasly,145
2024,1119,pierre-gasly,146
2024,1120,pierre-gasly,147
2024,1121,pierre-gasly,148
2024,1122,pierre-gasly,149
2024,1123,pierre-gasly,150
2024,1124,pierre-gasly,151
2024,1125,pierre-gasly,152
1989,471,pierre-henri-raphanel,0
2020,1034,pietro-fittipaldi,0
2020,1035,pietro-fittipaldi,1
1997,598,ralf-schumacher,0
1997,599,ralf-schumacher,1
1997,600,ralf-schumacher,2
1997,601,ralf-schumacher,3
1997,602,ralf-schumacher,4
1997,603,ralf-schumacher,5
1997,604,ralf-schumacher,6
1997,605,ralf-schumacher,7
1997,606,ralf-schumacher,8
1997,607,ralf-schumacher,9
1997,608,ralf-schumacher,10
1997,609,ralf-schumacher,11
1997,610,ralf-schumacher,12
1997,611,ralf-schumacher,13
1997,612,ralf-schumacher,14
1997,613,ralf-schumacher,15
1997,614,ralf-schumacher,16
1998,615,ralf-schumacher,17
1998,616,ralf-schumacher,18
1998,617,ralf-schumacher,19
1998,618,ralf-schumacher,20
1998,619,ralf-schumacher,21
1998,620,ralf-schumacher,22
1998,621,ralf-schumacher,23
1998,622,ralf-schumacher,24
1998,623,ralf-schumacher,25
1998,624,ralf-schumacher,26
1998,625,ralf-schumacher,27
1998,626,ralf-schumacher,28
1998,627,ralf-schumacher,29
1998,628,ralf-schumacher,30
1998,629,ralf-schumacher,31
1998,630,ralf-schumacher,32
1999,631,ralf-schumacher,33
1999,632,ralf-schumacher,34
1999,633,ralf-schumacher,35
1999,634,ralf-schumacher,36
1999,635,ralf-schumacher,37
1999,636,ralf-schumacher,38
1999,637,ralf-schumacher,39
1999,638,ralf-schumacher,40
1999,639,ralf-schumacher,41
1999,640,ralf-schumacher,42
1999,641,ralf-schumacher,43
1999,642,ralf-schumacher,44
1999,643,ralf-schumacher,45
1999,644,ralf-schumacher,46
1999,645,ralf-schumacher,47
1999,646,ralf-schumacher,48
2000,647,ralf-schumacher,49
2000,648,ralf-schumacher,50
2000,649,ralf-schumacher,51
2000,650,ralf-schumacher,52
2000,651,ralf-schumacher,53
2000,652,ralf-schumacher,54
2000,653,ralf-schumacher,55
2000,654,ralf-schumacher,56
2000,655,ralf-schumacher,57
2000,656,ralf-schumacher,58
2000,657,ralf-schumacher,59
2000,658,ralf-schumacher,60
2000,659,ralf-schumacher,61
2000,660,ralf-schumacher,62
2000,661,ralf-schumacher,63
2000,662,ralf-schumacher,64
2000,663,ralf-schumacher,65
2001,664,ralf-schumacher,66
2001,665,ralf-schumacher,67
2001,666,ralf-schumacher,68
2001,667,ralf-schumacher,69
2001,668,ralf-schumacher,70
2001,669,ralf-schumacher,71
2001,670,ralf-schumacher,72
2001,671,ralf-schumacher,73
2001,672,ralf-schumacher,74
2001,673,ralf-schumacher,75
2001,674,ralf-schumacher,76
2001,675,ralf-schumacher,77
2001,676,ralf-schumacher,78
2001,677,ralf-schumacher,79
2001,678,ralf-schumacher,80
2001,679,ralf-schumacher,81
2001,680,ralf-schumacher,82
2002,681,ralf-schumacher,83
2002,682,ralf-schumacher,84
2002,683,ralf-schumacher,85
2002,684,ralf-schumacher,86
2002,685,ralf-schumacher,87
2002,686,ralf-schumacher,88
2002,687,ralf-schumacher,89
2002,688,ralf-schumacher,90
2002,689,ralf-schumacher,91
2002,690,ralf-schumacher,92
2002,691,ralf-schumacher,93
2002,692,ralf-schumacher,94
2002,693,ralf-schumacher,95
2002,694,ralf-schumacher,96
2002,695,ralf-schumacher,97
2002,696,ralf-schumacher,98
2002,697,ralf-schumacher,99
2003,698,ralf-schumacher,100
2003,699,ralf-schumacher,101
2003,700,ralf-schumacher,102
2003,701,ralf-schumacher,103
2003,702,ralf-schumacher,104
2003,703,ralf-schumacher,105
2003,704,ralf-schumacher,106
2003,705,ralf-schumacher,107
2003,706,ralf-schumacher,108
2003,707,ralf-schumacher,109
2003,708,ralf-schumacher,110
2003,709,ralf-schumacher,111
2003,710,ralf-schumacher,112
2003,712,ralf-schumacher,113
2003,713,ralf-schumacher,114
2004,714,ralf-schumacher,115
2004,715,ralf-schumacher,116
2004,716,ralf-schumacher,117
2004,717,ralf-schumacher,118
2004,718,ralf-schumacher,119
2004,719,ralf-schumacher,120
2004,720,ralf-schumacher,121
2004,721,ralf-schumacher,122
2004,722,ralf-schumacher,123
2004,729,ralf-schumacher,124
2004,730,ralf-schumacher,125
2004,731,ralf-schumacher,126
2005,732,ralf-schumacher,127
2005,733,ralf-schumacher,128
2005,734,ralf-schumacher,129
2005,735,ralf-schumacher,130
2005,736,ralf-schumacher,131
2005,737,ralf-schumacher,132
2005,738,ralf-schumacher,133
2005,739,ralf-schumacher,134
2005,741,ralf-schumacher,135
2005,742,ralf-schumacher,136
2005,743,ralf-schumacher,137
2005,744,ralf-schumacher,138
2005,745,ralf-schumacher,139
2005,746,ralf-schumacher,140
2005,747,ralf-schumacher,141
2005,748,ralf-schumacher,142
2005,749,ralf-schumacher,143
2005,750,ralf-schumacher,144
2006,751,ralf-schumacher,145
2006,752,ralf-schumacher,146
2006,753,ralf-schumacher,147
2006,754,ralf-schumacher,148
2006,755,ralf-schumacher,149
2006,756,ralf-schumacher,150
2006,757,ralf-schumacher,151
2006,758,ralf-schumacher,152
2006,759,ralf-schumacher,153
2006,760,ralf-schumacher,154
2006,761,ralf-schumacher,155
2006,762,ralf-schumacher,156
2006,763,ralf-schumacher,157
2006,764,ralf-schumacher,158
2006,765,ralf-schumacher,159
2006,766,ralf-schumacher,160
2006,767,ralf-schumacher,161
2006,768,ralf-schumacher,162
2007,769,ralf-schumacher,163
2007,770,ralf-schumacher,164
2007,771,ralf-schumacher,165
2007,772,ralf-schumacher,166
2007,773,ralf-schumacher,167
2007,774,ralf-schumacher,168
2007,775,ralf-schumacher,169
2007,776,ralf-schumacher,170
2007,777,ralf-schumacher,171
2007,778,ralf-schumacher,172
2007,779,ralf-schumacher,173
2007,780,ralf-schumacher,174
2007,781,ralf-schumacher,175
2007,782,ralf-schumacher,176
2007,783,ralf-schumacher,177
2007,784,ralf-schumacher,178
2007,785,ralf-schumacher,179
2003,698,ralph-firman,0
2003,699,ralph-firman,1
2003,700,ralph-firman,2
2003,701,ralph-firman,3
2003,702,ralph-firman,4
2003,703,ralph-firman,5
2003,704,ralph-firman,6
2003,705,ralph-firman,7
2003,706,ralph-firman,8
2003,707,ralph-firman,9
2003,708,ralph-firman,10
2003,709,ralph-firman,11
2003,712,ralph-firman,12
2003,713,ralph-firman,13
1986,421,rene-arnoux,0
1986,422,rene-arnoux,1
1986,423,rene-arnoux,2
1986,424,rene-arnoux,3
1986,425,rene-arnoux,4
1986,426,rene-arnoux,5
1986,427,rene-arnoux,6
1986,428,rene-arnoux,7
1986,429,rene-arnoux,8
1986,430,rene-arnoux,9
1986,431,rene-arnoux,10
1986,432,rene-arnoux,11
1986,433,rene-arnoux,12
1986,434,rene-arnoux,13
1986,435,rene-arnoux,14
1986,436,rene-arnoux,15
1987,439,rene-arnoux,16
1987,440,rene-arnoux,17
1987,441,rene-arnoux,18
1987,442,rene-arnoux,19
1987,443,rene-arnoux,20
1987,444,rene-arnoux,21
1987,445,rene-arnoux,22
1987,446,rene-arnoux,23
1987,447,rene-arnoux,24
1987,448,rene-arnoux,25
1987,449,rene-arnoux,26
1987,450,rene-arnoux,27
1987,451,rene-arnoux,28
1987,452,rene-arnoux,29
1988,453,rene-arnoux,30
1988,455,rene-arnoux,31
1988,456,rene-arnoux,32
1988,457,rene-arnoux,33
1988,458,rene-arnoux,34
1988,460,rene-arnoux,35
1988,461,rene-arnoux,36
1988,462,rene-arnoux,37
1988,463,rene-arnoux,38
1988,464,rene-arnoux,39
1988,465,rene-arnoux,40
1988,466,rene-arnoux,41
1988,467,rene-arnoux,42
1988,468,rene-arnoux,43
1989,471,rene-arnoux,44
1989,472,rene-arnoux,45
1989,474,rene-arnoux,46
1989,475,rene-arnoux,47
1989,477,rene-arnoux,48
1989,479,rene-arnoux,49
1989,480,rene-arnoux,50
1989,481,rene-arnoux,51
1989,484,rene-arnoux,52
1996,582,ricardo-rosset,0
1996,583,ricardo-rosset,1
1996,584,ricardo-rosset,2
1996,585,ricardo-rosset,3
1996,586,ricardo-rosset,4
1996,587,ricardo-rosset,5
1996,588,ricardo-rosset,6
1996,589,ricardo-rosset,7
1996,590,ricardo-rosset,8
1996,591,ricardo-rosset,9
1996,592,ricardo-rosset,10
1996,593,ricardo-rosset,11
1996,594,ricardo-rosset,12
1996,595,ricardo-rosset,13
1996,596,ricardo-rosset,14
1996,597,ricardo-rosset,15
1998,615,ricardo-rosset,16
1998,616,ricardo-rosset,17
1998,617,ricardo-rosset,18
1998,618,ricardo-rosset,19
1998,621,ricardo-rosset,20
1998,622,ricardo-rosset,21
1998,623,ricardo-rosset,22
1998,624,ricardo-rosset,23
1998,628,ricardo-rosset,24
1998,629,ricardo-rosset,25
1999,631,ricardo-zonta,0
1999,636,ricardo-zonta,1
1999,637,ricardo-zonta,2
1999,638,ricardo-zonta,3
1999,639,ricardo-zonta,4
1999,640,ricardo-zonta,5
1999,641,ricardo-zonta,6
1999,642,ricardo-zonta,7
1999,643,ricardo-zonta,8
1999,644,ricardo-zonta,9
1999,645,ricardo-zonta,10
1999,646,ricardo-zonta,11
2000,647,ricardo-zonta,12
2000,648,ricardo-zonta,13
2000,649,ricardo-zonta,14
2000,650,ricardo-zonta,15
2000,651,ricardo-zonta,16
2000,652,ricardo-zonta,17
2000,653,ricardo-zonta,18
2000,654,ricardo-zonta,19
2000,655,ricardo-zonta,20
2000,656,ricardo-zonta,21
2000,657,ricardo-zonta,22
2000,658,ricardo-zonta,23
2000,659,ricardo-zonta,24
2000,660,ricardo-zonta,25
2000,661,ricardo-zonta,26
2000,662,ricardo-zonta,27
2000,663,ricardo-zonta,28
2001,671,ricardo-zonta,29
2001,675,ricardo-zonta,30
2004,726,ricardo-zonta,31
2004,727,ricardo-zonta,32
2004,728,ricardo-zonta,33
2004,729,ricardo-zonta,34
2004,731,ricardo-zonta,35
1986,421,riccardo-patrese,0
1986,422,riccardo-patrese,1
1986,423,riccardo-patrese,2
1986,424,riccardo-patrese,3
1986,425,riccardo-patrese,4
1986,426,riccardo-patrese,5
1986,427,riccardo-patrese,6
1986,428,riccardo-patrese,7
1986,429,riccardo-patrese,8
1986,430,riccardo-patrese,9
1986,431,riccardo-patrese,10
1986,432,riccardo-patrese,11
1986,433,riccardo-patrese,12
1986,434,riccardo-patrese,13
1986,435,riccardo-patrese,14
1986,436,riccardo-patrese,15
1987,437,riccardo-patrese,16
1987,438,riccardo-patrese,17
1987,439,riccardo-patrese,18
1987,440,riccardo-patrese,19
1987,441,riccardo-patrese,20
1987,442,riccardo-patrese,21
1987,443,riccardo-patrese,22
1987,444,riccardo-patrese,23
1987,445,riccardo-patrese,24
1987,446,riccardo-patrese,25
1987,447,riccardo-patrese,26
1987,448,riccardo-patrese,27
1987,449,riccardo-patrese,28
1987,450,riccardo-patrese,29
1987,451,riccardo-patrese,30
1987,452,riccardo-patrese,31
1988,453,riccardo-patrese,32
1988,454,riccardo-patrese,33
1988,455,riccardo-patrese,34
1988,456,riccardo-patrese,35
1988,457,riccardo-patrese,36
1988,458,riccardo-patrese,37
1988,459,riccardo-patrese,38
1988,460,riccardo-patrese,39
1988,461,riccardo-patrese,40
1988,462,riccardo-patrese,41
1988,463,riccardo-patrese,42
1988,464,riccardo-patrese,43
1988,465,riccardo-patrese,44
1988,466,riccardo-patrese,45
1988,467,riccardo-patrese,46
1988,468,riccardo-patrese,47
1989,469,riccardo-patrese,48
1989,470,riccardo-patrese,49
1989,471,riccardo-patrese,50
1989,472,riccardo-patrese,51
1989,473,riccardo-patrese,52
1989,474,riccardo-patrese,53
1989,475,riccardo-patrese,54
1989,476,riccardo-patrese,55
1989,477,riccardo-patrese,56
1989,478,riccardo-patrese,57
1989,479,riccardo-patrese,58
1989,480,riccardo-patrese,59
1989,481,riccardo-patrese,60
1989,482,riccardo-patrese,61
1989,483,riccardo-patrese,62
1989,484,riccardo-patrese,63
1990,485,riccardo-patrese,64
1990,486,riccardo-patrese,65
1990,487,riccardo-patrese,66
1990,488,riccardo-patrese,67
1990,489,riccardo-patrese,68
1990,490,riccardo-patrese,69
1990,491,riccardo-patrese,70
1990,492,riccardo-patrese,71
1990,493,riccardo-patrese,72
1990,494,riccardo-patrese,73
1990,495,riccardo-patrese,74
1990,496,riccardo-patrese,75
1990,497,riccardo-patrese,76
1990,498,riccardo-patrese,77
1990,499,riccardo-patrese,78
1990,500,riccardo-patrese,79
1991,501,riccardo-patrese,80
1991,502,riccardo-patrese,81
1991,503,riccardo-patrese,82
1991,504,riccardo-patrese,83
1991,505,riccardo-patrese,84
1991,506,riccardo-patrese,85
1991,507,riccardo-patrese,86
1991,508,riccardo-patrese,87
1991,509,riccardo-patrese,88
1991,510,riccardo-patrese,89
1991,511,riccardo-patrese,90
1991,512,riccardo-patrese,91
1991,513,riccardo-patrese,92
1991,514,riccardo-patrese,93
1991,515,riccardo-patrese,94
1991,516,riccardo-patrese,95
1992,517,riccardo-patrese,96
1992,518,riccardo-patrese,97
1992,519,riccardo-patrese,98
1992,520,riccardo-patrese,99
1992,521,riccardo-patrese,100
1992,522,riccardo-patrese,101
1992,523,riccardo-patrese,102
1992,524,riccardo-patrese,103
1992,525,riccardo-patrese,104
1992,526,riccardo-patrese,105
1992,527,riccardo-patrese,106
1992,528,riccardo-patrese,107
1992,529,riccardo-patrese,108
1992,530,riccardo-patrese,109
1992,531,riccardo-patrese,110
1992,532,riccardo-patrese,111
1993,533,riccardo-patrese,112
1993,534,riccardo-patrese,113
1993,535,riccardo-patrese,114
1993,536,riccardo-patrese,115
1993,537,riccardo-patrese,116
1993,538,riccardo-patrese,117
1993,539,riccardo-patrese,118
1993,540,riccardo-patrese,119
1993,541,riccardo-patrese,120
1993,542,riccardo-patrese,121
1993,543,riccardo-patrese,122
1993,544,riccardo-patrese,123
1993,545,riccardo-patrese,124
1993,546,riccardo-patrese,125
1993,547,riccardo-patrese,126
1993,548,riccardo-patrese,127
2016,936,rio-haryanto,0
2016,937,rio-haryanto,1
2016,938,rio-haryanto,2
2016,939,rio-haryanto,3
2016,940,rio-haryanto,4
2016,941,rio-haryanto,5
2016,942,rio-haryanto,6
2016,943,rio-haryanto,7
2016,944,rio-haryanto,8
2016,945,rio-haryanto,9
2016,946,rio-haryanto,10
2016,947,rio-haryanto,11
2005,743,robert-doornbos,0
2005,744,robert-doornbos,1
2005,745,robert-doornbos,2
2005,746,robert-doornbos,3
2005,747,robert-doornbos,4
2005,748,robert-doornbos,5
2005,749,robert-doornbos,6
2005,750,robert-doornbos,7
2006,766,robert-doornbos,8
2006,767,robert-doornbos,9
2006,768,robert-doornbos,10
2006,763,robert-kubica,0
2006,764,robert-kubica,1
2006,765,robert-kubica,2
2006,766,robert-kubica,3
2006,767,robert-kubica,4
2006,768,robert-kubica,5
2007,769,robert-kubica,6
2007,770,robert-kubica,7
2007,771,robert-kubica,8
2007,772,robert-kubica,9
2007,773,robert-kubica,10
2007,774,robert-kubica,11
2007,776,robert-kubica,12
2007,777,robert-kubica,13
2007,778,robert-kubica,14
2007,779,robert-kubica,15
2007,780,robert-kubica,16
2007,781,robert-kubica,17
2007,782,robert-kubica,18
2007,783,robert-kubica,19
2007,784,robert-kubica,20
2007,785,robert-kubica,21
2008,786,robert-kubica,22
2008,787,robert-kubica,23
2008,788,robert-kubica,24
2008,789,robert-kubica,25
2008,790,robert-kubica,26
2008,791,robert-kubica,27
2008,792,robert-kubica,28
2008,793,robert-kubica,29
2008,794,robert-kubica,30
2008,795,robert-kubica,31
2008,796,robert-kubica,32
2008,797,robert-kubica,33
2008,798,robert-kubica,34
2008,799,robert-kubica,35
2008,800,robert-kubica,36
2008,801,robert-kubica,37
2008,802,robert-kubica,38
2008,803,robert-kubica,39
2009,804,robert-kubica,40
2009,805,robert-kubica,41
2009,806,robert-kubica,42
2009,807,robert-kubica,43
2009,808,robert-kubica,44
2009,809,robert-kubica,45
2009,810,robert-kubica,46
2009,811,robert-kubica,47
2009,812,robert-kubica,48
2009,813,robert-kubica,49
2009,814,robert-kubica,50
2009,815,robert-kubica,51
2009,816,robert-kubica,52
2009,817,robert-kubica,53
2009,818,robert-kubica,54
2009,819,robert-kubica,55
2009,820,robert-kubica,56
2010,821,robert-kubica,57
2010,822,robert-kubica,58
2010,823,robert-kubica,59
2010,824,robert-kubica,60
2010,825,robert-kubica,61
2010,826,robert-kubica,62
2010,827,robert-kubica,63
2010,828,robert-kubica,64
2010,829,robert-kubica,65
2010,830,robert-kubica,66
2010,831,robert-kubica,67
2010,832,robert-kubica,68
2010,833,robert-kubica,69
2010,834,robert-kubica,70
2010,835,robert-kubica,71
2010,836,robert-kubica,72
2010,837,robert-kubica,73
2010,838,robert-kubica,74
2010,839,robert-kubica,75
2019,998,robert-kubica,76
2019,999,robert-kubica,77
2019,1000,robert-kubica,78
2019,1001,robert-kubica,79
2019,1002,robert-kubica,80
2019,1003,robert-kubica,81
2019,1004,robert-kubica,82
2019,1005,robert-kubica,83
2019,1006,robert-kubica,84
2019,1007,robert-kubica,85
2019,1008,robert-kubica,86
2019,1009,robert-kubica,87
2019,1010,robert-kubica,88
2019,1011,robert-kubica,89
2019,1012,robert-kubica,90
2019,1013,robert-kubica,91
2019,1014,robert-kubica,92
2019,1015,robert-kubica,93
2019,1016,robert-kubica,94
2019,1017,robert-kubica,95
2019,1018,robert-kubica,96
2021,1048,robert-kubica,97
2021,1049,robert-kubica,98
2015,918,roberto-merhi,0
2015,919,roberto-merhi,1
2015,920,roberto-merhi,2
2015,921,roberto-merhi,3
2015,922,roberto-merhi,4
2015,923,roberto-merhi,5
2015,924,roberto-merhi,6
2015,925,roberto-merhi,7
2015,926,roberto-merhi,8
2015,927,roberto-merhi,9
2015,928,roberto-merhi,10
2015,931,roberto-merhi,11
2015,935,roberto-merhi,12
1987,451,roberto-moreno,0
1987,452,roberto-moreno,1
1989,471,roberto-moreno,2
1989,474,roberto-moreno,3
1989,476,roberto-moreno,4
1989,481,roberto-moreno,5
1990,485,roberto-moreno,6
1990,487,roberto-moreno,7
1990,499,roberto-moreno,8
1990,500,roberto-moreno,9
1991,501,roberto-moreno,10
1991,502,roberto-moreno,11
1991,503,roberto-moreno,12
1991,504,roberto-moreno,13
1991,505,roberto-moreno,14
1991,506,roberto-moreno,15
1991,507,roberto-moreno,16
1991,508,roberto-moreno,17
1991,509,roberto-moreno,18
1991,510,roberto-moreno,19
1991,511,roberto-moreno,20
1991,512,roberto-moreno,21
1991,513,roberto-moreno,22
1991,516,roberto-moreno,23
1992,522,roberto-moreno,24
1995,565,roberto-moreno,25
1995,566,roberto-moreno,26
1995,567,roberto-moreno,27
1995,568,roberto-moreno,28
1995,569,roberto-moreno,29
1995,570,roberto-moreno,30
1995,571,roberto-moreno,31
1995,572,roberto-moreno,32
1995,573,roberto-moreno,33
1995,574,roberto-moreno,34
1995,575,roberto-moreno,35
1995,577,roberto-moreno,36
1995,578,roberto-moreno,37
1995,579,roberto-moreno,38
1995,580,roberto-moreno,39
1995,581,roberto-moreno,40
1994,550,roland-ratzenberger,0
2009,814,romain-grosjean,0
2009,815,romain-grosjean,1
2009,816,romain-grosjean,2
2009,817,romain-grosjean,3
2009,818,romain-grosjean,4
2009,819,romain-grosjean,5
2009,820,romain-grosjean,6
2012,859,romain-grosjean,7
2012,860,romain-grosjean,8
2012,861,romain-grosjean,9
2012,862,romain-grosjean,10
2012,863,romain-grosjean,11
2012,864,romain-grosjean,12
2012,865,romain-grosjean,13
2012,866,romain-grosjean,14
2012,867,romain-grosjean,15
2012,868,romain-grosjean,16
2012,869,romain-grosjean,17
2012,870,romain-grosjean,18
2012,872,romain-grosjean,19
2012,873,romain-grosjean,20
2012,874,romain-grosjean,21
2012,875,romain-grosjean,22
2012,876,romain-grosjean,23
2012,877,romain-grosjean,24
2012,878,romain-grosjean,25
2013,879,romain-grosjean,26
2013,880,romain-grosjean,27
2013,881,romain-grosjean,28
2013,882,romain-grosjean,29
2013,883,romain-grosjean,30
2013,884,romain-grosjean,31
2013,885,romain-grosjean,32
2013,886,romain-grosjean,33
2013,887,romain-grosjean,34
2013,888,romain-grosjean,35
2013,889,romain-grosjean,36
2013,890,romain-grosjean,37
2013,891,romain-grosjean,38
2013,892,romain-grosjean,39
2013,893,romain-grosjean,40
2013,894,romain-grosjean,41
2013,895,romain-grosjean,42
2013,896,romain-grosjean,43
2013,897,romain-grosjean,44
2014,898,romain-grosjean,45
2014,899,romain-grosjean,46
2014,900,romain-grosjean,47
2014,901,romain-grosjean,48
2014,902,romain-grosjean,49
2014,903,romain-grosjean,50
2014,904,romain-grosjean,51
2014,905,romain-grosjean,52
2014,906,romain-grosjean,53
2014,907,romain-grosjean,54
2014,908,romain-grosjean,55
2014,909,romain-grosjean,56
2014,910,romain-grosjean,57
2014,911,romain-grosjean,58
2014,912,romain-grosjean,59
2014,913,romain-grosjean,60
2014,914,romain-grosjean,61
2014,915,romain-grosjean,62
2014,916,romain-grosjean,63
2015,917,romain-grosjean,64
2015,918,romain-grosjean,65
2015,919,romain-grosjean,66
2015,920,romain-grosjean,67
2015,921,romain-grosjean,68
2015,922,romain-grosjean,69
2015,923,romain-grosjean,70
2015,924,romain-grosjean,71
2015,925,romain-grosjean,72
2015,926,romain-grosjean,73
2015,927,romain-grosjean,74
2015,928,romain-grosjean,75
2015,929,romain-grosjean,76
2015,930,romain-grosjean,77
2015,931,romain-grosjean,78
2015,932,romain-grosjean,79
2015,933,romain-grosjean,80
2015,934,romain-grosjean,81
2015,935,romain-grosjean,82
2016,936,romain-grosjean,83
2016,937,romain-grosjean,84
2016,938,romain-grosjean,85
2016,939,romain-grosjean,86
2016,940,romain-grosjean,87
2016,941,romain-grosjean,88
2016,942,romain-grosjean,89
2016,943,romain-grosjean,90
2016,944,romain-grosjean,91
2016,945,romain-grosjean,92
2016,946,romain-grosjean,93
2016,947,romain-grosjean,94
2016,948,romain-grosjean,95
2016,949,romain-grosjean,96
2016,951,romain-grosjean,97
2016,952,romain-grosjean,98
2016,953,romain-grosjean,99
2016,954,romain-grosjean,100
2016,956,romain-grosjean,101
2017,957,romain-grosjean,102
2017,958,romain-grosjean,103
2017,959,romain-grosjean,104
2017,960,romain-grosjean,105
2017,961,romain-grosjean,106
2017,962,romain-grosjean,107
2017,963,romain-grosjean,108
2017,964,romain-grosjean,109
2017,965,romain-grosjean,110
2017,966,romain-grosjean,111
2017,967,romain-grosjean,112
2017,968,romain-grosjean,113
2017,969,romain-grosjean,114
2017,970,romain-grosjean,115
2017,971,romain-grosjean,116
2017,972,romain-grosjean,117
2017,973,romain-grosjean,118
2017,974,romain-grosjean,119
2017,975,romain-grosjean,120
2017,976,romain-grosjean,121
2018,977,romain-grosjean,122
2018,978,romain-grosjean,123
2018,979,romain-grosjean,124
2018,980,romain-grosjean,125
2018,981,romain-grosjean,126
2018,982,romain-grosjean,127
2018,983,romain-grosjean,128
2018,984,romain-grosjean,129
2018,985,romain-grosjean,130
2018,986,romain-grosjean,131
2018,987,romain-grosjean,132
2018,988,romain-grosjean,133
2018,989,romain-grosjean,134
2018,990,romain-grosjean,135
2018,991,romain-grosjean,136
2018,992,romain-grosjean,137
2018,993,romain-grosjean,138
2018,994,romain-grosjean,139
2018,995,romain-grosjean,140
2018,996,romain-grosjean,141
2018,997,romain-grosjean,142
2019,998,romain-grosjean,143
2019,999,romain-grosjean,144
2019,1000,romain-grosjean,145
2019,1001,romain-grosjean,146
2019,1002,romain-grosjean,147
2019,1003,romain-grosjean,148
2019,1004,romain-grosjean,149
2019,1005,romain-grosjean,150
2019,1006,romain-grosjean,151
2019,1007,romain-grosjean,152
2019,1008,romain-grosjean,153
2019,1009,romain-grosjean,154
2019,1010,romain-grosjean,155
2019,1011,romain-grosjean,156
2019,1012,romain-grosjean,157
2019,1013,romain-grosjean,158
2019,1014,romain-grosjean,159
2019,1015,romain-grosjean,160
2019,1016,romain-grosjean,161
2019,1017,romain-grosjean,162
2019,1018,romain-grosjean,163
2020,1019,romain-grosjean,164
2020,1020,romain-grosjean,165
2020,1021,romain-grosjean,166
2020,1022,romain-grosjean,167
2020,1023,romain-grosjean,168
2020,1024,romain-grosjean,169
2020,1025,romain-grosjean,170
2020,1026,romain-grosjean,171
2020,1027,romain-grosjean,172
2020,1028,romain-grosjean,173
2020,1029,romain-grosjean,174
2020,1030,romain-grosjean,175
2020,1031,romain-grosjean,176
2020,1032,romain-grosjean,177
2020,1033,romain-grosjean,178
1993,533,rubens-barrichello,0
1993,534,rubens-barrichello,1
1993,535,rubens-barrichello,2
1993,536,rubens-barrichello,3
1993,537,rubens-barrichello,4
1993,538,rubens-barrichello,5
1993,539,rubens-barrichello,6
1993,540,rubens-barrichello,7
1993,541,rubens-barrichello,8
1993,542,rubens-barrichello,9
1993,543,rubens-barrichello,10
1993,544,rubens-barrichello,11
1993,545,rubens-barrichello,12
1993,546,rubens-barrichello,13
1993,547,rubens-barrichello,14
1993,548,rubens-barrichello,15
1994,549,rubens-barrichello,16
1994,550,rubens-barrichello,17
1994,552,rubens-barrichello,18
1994,553,rubens-barrichello,19
1994,554,rubens-barrichello,20
1994,555,rubens-barrichello,21
1994,556,rubens-barrichello,22
1994,557,rubens-barrichello,23
1994,558,rubens-barrichello,24
1994,559,rubens-barrichello,25
1994,560,rubens-barrichello,26
1994,561,rubens-barrichello,27
1994,562,rubens-barrichello,28
1994,563,rubens-barrichello,29
1994,564,rubens-barrichello,30
1995,565,rubens-barrichello,31
1995,566,rubens-barrichello,32
1995,567,rubens-barrichello,33
1995,568,rubens-barrichello,34
1995,569,rubens-barrichello,35
1995,570,rubens-barrichello,36
1995,571,rubens-barrichello,37
1995,572,rubens-barrichello,38
1995,573,rubens-barrichello,39
1995,574,rubens-barrichello,40
1995,575,rubens-barrichello,41
1995,576,rubens-barrichello,42
1995,577,rubens-barrichello,43
1995,578,rubens-barrichello,44
1995,579,rubens-barrichello,45
1995,580,rubens-barrichello,46
1995,581,rubens-barrichello,47
1996,582,rubens-barrichello,48
1996,583,rubens-barrichello,49
1996,584,rubens-barrichello,50
1996,585,rubens-barrichello,51
1996,586,rubens-barrichello,52
1996,587,rubens-barrichello,53
1996,588,rubens-barrichello,54
1996,589,rubens-barrichello,55
1996,590,rubens-barrichello,56
1996,591,rubens-barrichello,57
1996,592,rubens-barrichello,58
1996,593,rubens-barrichello,59
1996,594,rubens-barrichello,60
1996,595,rubens-barrichello,61
1996,596,rubens-barrichello,62
1996,597,rubens-barrichello,63
1997,598,rubens-barrichello,64
1997,599,rubens-barrichello,65
1997,600,rubens-barrichello,66
1997,601,rubens-barrichello,67
1997,602,rubens-barrichello,68
1997,603,rubens-barrichello,69
1997,604,rubens-barrichello,70
1997,605,rubens-barrichello,71
1997,606,rubens-barrichello,72
1997,607,rubens-barrichello,73
1997,608,rubens-barrichello,74
1997,609,rubens-barrichello,75
1997,610,rubens-barrichello,76
1997,611,rubens-barrichello,77
1997,612,rubens-barrichello,78
1997,613,rubens-barrichello,79
1997,614,rubens-barrichello,80
1998,615,rubens-barrichello,81
1998,616,rubens-barrichello,82
1998,617,rubens-barrichello,83
1998,618,rubens-barrichello,84
1998,619,rubens-barrichello,85
1998,620,rubens-barrichello,86
1998,621,rubens-barrichello,87
1998,622,rubens-barrichello,88
1998,623,rubens-barrichello,89
1998,624,rubens-barrichello,90
1998,625,rubens-barrichello,91
1998,626,rubens-barrichello,92
1998,628,rubens-barrichello,93
1998,629,rubens-barrichello,94
1998,630,rubens-barrichello,95
1999,631,rubens-barrichello,96
1999,632,rubens-barrichello,97
1999,633,rubens-barrichello,98
1999,634,rubens-barrichello,99
1999,635,rubens-barrichello,100
1999,636,rubens-barrichello,101
1999,637,rubens-barrichello,102
1999,638,rubens-barrichello,103
1999,639,rubens-barrichello,104
1999,640,rubens-barrichello,105
1999,641,rubens-barrichello,106
1999,642,rubens-barrichello,107
1999,643,rubens-barrichello,108
1999,644,rubens-barrichello,109
1999,645,rubens-barrichello,110
1999,646,rubens-barrichello,111
2000,647,rubens-barrichello,112
2000,648,rubens-barrichello,113
2000,649,rubens-barrichello,114
2000,650,rubens-barrichello,115
2000,651,rubens-barrichello,116
2000,652,rubens-barrichello,117
2000,653,rubens-barrichello,118
2000,654,rubens-barrichello,119
2000,655,rubens-barrichello,120
2000,656,rubens-barrichello,121
2000,657,rubens-barrichello,122
2000,658,rubens-barrichello,123
2000,659,rubens-barrichello,124
2000,660,rubens-barrichello,125
2000,661,rubens-barrichello,126
2000,662,rubens-barrichello,127
2000,663,rubens-barrichello,128
2001,664,rubens-barrichello,129
2001,665,rubens-barrichello,130
2001,666,rubens-barrichello,131
2001,667,rubens-barrichello,132
2001,668,rubens-barrichello,133
2001,669,rubens-barrichello,134
2001,670,rubens-barrichello,135
2001,671,rubens-barrichello,136
2001,672,rubens-barrichello,137
2001,673,rubens-barrichello,138
2001,674,rubens-barrichello,139
2001,675,rubens-barrichello,140
2001,676,rubens-barrichello,141
2001,677,rubens-barrichello,142
2001,678,rubens-barrichello,143
2001,679,rubens-barrichello,144
2001,680,rubens-barrichello,145
2002,681,rubens-barrichello,146
2002,682,rubens-barrichello,147
2002,683,rubens-barrichello,148
2002,684,rubens-barrichello,149
2002,686,rubens-barrichello,150
2002,687,rubens-barrichello,151
2002,688,rubens-barrichello,152
2002,689,rubens-barrichello,153
2002,690,rubens-barrichello,154
2002,692,rubens-barrichello,155
2002,693,rubens-barrichello,156
2002,694,rubens-barrichello,157
2002,695,rubens-barrichello,158
2002,696,rubens-barrichello,159
2002,697,rubens-barrichello,160
2003,698,rubens-barrichello,161
2003,699,rubens-barrichello,162
2003,700,rubens-barrichello,163
2003,701,rubens-barrichello,164
2003,702,rubens-barrichello,165
2003,703,rubens-barrichello,166
2003,704,rubens-barrichello,167
2003,705,rubens-barrichello,168
2003,706,rubens-barrichello,169
2003,707,rubens-barrichello,170
2003,708,rubens-barrichello,171
2003,709,rubens-barrichello,172
2003,710,rubens-barrichello,173
2003,711,rubens-barrichello,174
2003,712,rubens-barrichello,175
2003,713,rubens-barrichello,176
2004,714,rubens-barrichello,177
2004,715,rubens-barrichello,178
2004,716,rubens-barrichello,179
2004,717,rubens-barrichello,180
2004,718,rubens-barrichello,181
2004,719,rubens-barrichello,182
2004,720,rubens-barrichello,183
2004,721,rubens-barrichello,184
2004,722,rubens-barrichello,185
2004,723,rubens-barrichello,186
2004,724,rubens-barrichello,187
2004,725,rubens-barrichello,188
2004,726,rubens-barrichello,189
2004,727,rubens-barrichello,190
2004,728,rubens-barrichello,191
2004,729,rubens-barrichello,192
2004,730,rubens-barrichello,193
2004,731,rubens-barrichello,194
2005,732,rubens-barrichello,195
2005,733,rubens-barrichello,196
2005,734,rubens-barrichello,197
2005,735,rubens-barrichello,198
2005,736,rubens-barrichello,199
2005,737,rubens-barrichello,200
2005,738,rubens-barrichello,201
2005,739,rubens-barrichello,202
2005,740,rubens-barrichello,203
2005,741,rubens-barrichello,204
2005,742,rubens-barrichello,205
2005,743,rubens-barrichello,206
2005,744,rubens-barrichello,207
2005,745,rubens-barrichello,208
2005,746,rubens-barrichello,209
2005,747,rubens-barrichello,210
2005,748,rubens-barrichello,211
2005,749,rubens-barrichello,212
2005,750,rubens-barrichello,213
2006,751,rubens-barrichello,214
2006,752,rubens-barrichello,215
2006,753,rubens-barrichello,216
2006,754,rubens-barrichello,217
2006,755,rubens-barrichello,218
2006,756,rubens-barrichello,219
2006,757,rubens-barrichello,220
2006,758,rubens-barrichello,221
2006,759,rubens-barrichello,222
2006,760,rubens-barrichello,223
2006,761,rubens-barrichello,224
2006,762,rubens-barrichello,225
2006,763,rubens-barrichello,226
2006,764,rubens-barrichello,227
2006,765,rubens-barrichello,228
2006,766,rubens-barrichello,229
2006,767,rubens-barrichello,230
2006,768,rubens-barrichello,231
2007,769,rubens-barrichello,232
2007,770,rubens-barrichello,233
2007,771,rubens-barrichello,234
2007,772,rubens-barrichello,235
2007,773,rubens-barrichello,236
2007,774,rubens-barrichello,237
2007,775,rubens-barrichello,238
2007,776,rubens-barrichello,239
2007,777,rubens-barrichello,240
2007,778,rubens-barrichello,241
2007,779,rubens-barrichello,242
2007,780,rubens-barrichello,243
2007,781,rubens-barrichello,244
2007,782,rubens-barrichello,245
2007,783,rubens-barrichello,246
2007,784,rubens-barrichello,247
2007,785,rubens-barrichello,248
2008,786,rubens-barrichello,249
2008,787,rubens-barrichello,250
2008,788,rubens-barrichello,251
2008,789,rubens-barrichello,252
2008,790,rubens-barrichello,253
2008,791,rubens-barrichello,254
2008,792,rubens-barrichello,255
2008,793,rubens-barrichello,256
2008,794,rubens-barrichello,257
2008,795,rubens-barrichello,258
2008,796,rubens-barrichello,259
2008,797,rubens-barrichello,260
2008,798,rubens-barrichello,261
2008,799,rubens-barrichello,262
2008,800,rubens-barrichello,263
2008,801,rubens-barrichello,264
2008,802,rubens-barrichello,265
2008,803,rubens-barrichello,266
2009,804,rubens-barrichello,267
2009,805,rubens-barrichello,268
2009,806,rubens-barrichello,269
2009,807,rubens-barrichello,270
2009,808,rubens-barrichello,271
2009,809,rubens-barrichello,272
2009,810,rubens-barrichello,273
2009,811,rubens-barrichello,274
2009,812,rubens-barrichello,275
2009,813,rubens-barrichello,276
2009,814,rubens-barrichello,277
2009,815,rubens-barrichello,278
2009,816,rubens-barrichello,279
2009,817,rubens-barrichello,280
2009,818,rubens-barrichello,281
2009,819,rubens-barrichello,282
2009,820,rubens-barrichello,283
2010,821,rubens-barrichello,284
2010,822,rubens-barrichello,285
2010,823,rubens-barrichello,286
2010,824,rubens-barrichello,287
2010,825,rubens-barrichello,288
2010,826,rubens-barrichello,289
2010,827,rubens-barrichello,290
2010,828,rubens-barrichello,291
2010,829,rubens-barrichello,292
2010,830,rubens-barrichello,293
2010,831,rubens-barrichello,294
2010,832,rubens-barrichello,295
2010,833,rubens-barrichello,296
2010,834,rubens-barrichello,297
2010,835,rubens-barrichello,298
2010,836,rubens-barrichello,299
2010,837,rubens-barrichello,300
2010,838,rubens-barrichello,301
2010,839,rubens-barrichello,302
2011,840,rubens-barrichello,303
2011,841,rubens-barrichello,304
2011,842,rubens-barrichello,305
2011,843,rubens-barrichello,306
2011,844,rubens-barrichello,307
2011,845,rubens-barrichello,308
2011,846,rubens-barrichello,309
2011,847,rubens-barrichello,310
2011,848,rubens-barrichello,311
2011,849,rubens-barrichello,312
2011,850,rubens-barrichello,313
2011,851,rubens-barrichello,314
2011,852,rubens-barrichello,315
2011,853,rubens-barrichello,316
2011,854,rubens-barrichello,317
2011,855,rubens-barrichello,318
2011,856,rubens-barrichello,319
2011,857,rubens-barrichello,320
2011,858,rubens-barrichello,321
2006,762,sakon-yamamoto,0
2006,763,sakon-yamamoto,1
2006,764,sakon-yamamoto,2
2006,765,sakon-yamamoto,3
2006,766,sakon-yamamoto,4
2006,767,sakon-yamamoto,5
2006,768,sakon-yamamoto,6
2007,779,sakon-yamamoto,7
2007,780,sakon-yamamoto,8
2007,781,sakon-yamamoto,9
2007,782,sakon-yamamoto,10
2007,783,sakon-yamamoto,11
2007,784,sakon-yamamoto,12
2007,785,sakon-yamamoto,13
2010,830,sakon-yamamoto,14
2010,831,sakon-yamamoto,15
2010,832,sakon-yamamoto,16
2010,833,sakon-yamamoto,17
2010,834,sakon-yamamoto,18
2010,836,sakon-yamamoto,19
2010,837,sakon-yamamoto,20
1987,437,satoru-nakajima,0
1987,438,satoru-nakajima,1
1987,439,satoru-nakajima,2
1987,440,satoru-nakajima,3
1987,441,satoru-nakajima,4
1987,442,satoru-nakajima,5
1987,443,satoru-nakajima,6
1987,444,satoru-nakajima,7
1987,445,satoru-nakajima,8
1987,446,satoru-nakajima,9
1987,447,satoru-nakajima,10
1987,448,satoru-nakajima,11
1987,449,satoru-nakajima,12
1987,450,satoru-nakajima,13
1987,451,satoru-nakajima,14
1987,452,satoru-nakajima,15
1988,453,satoru-nakajima,16
1988,454,satoru-nakajima,17
1988,456,satoru-nakajima,18
1988,457,satoru-nakajima,19
1988,459,satoru-nakajima,20
1988,460,satoru-nakajima,21
1988,461,satoru-nakajima,22
1988,462,satoru-nakajima,23
1988,463,satoru-nakajima,24
1988,464,satoru-nakajima,25
1988,465,satoru-nakajima,26
1988,466,satoru-nakajima,27
1988,467,satoru-nakajima,28
1988,468,satoru-nakajima,29
1989,469,satoru-nakajima,30
1989,470,satoru-nakajima,31
1989,472,satoru-nakajima,32
1989,473,satoru-nakajima,33
1989,475,satoru-nakajima,34
1989,476,satoru-nakajima,35
1989,477,satoru-nakajima,36
1989,478,satoru-nakajima,37
1989,480,satoru-nakajima,38
1989,481,satoru-nakajima,39
1989,482,satoru-nakajima,40
1989,483,satoru-nakajima,41
1989,484,satoru-nakajima,42
1990,485,satoru-nakajima,43
1990,486,satoru-nakajima,44
1990,487,satoru-nakajima,45
1990,488,satoru-nakajima,46
1990,489,satoru-nakajima,47
1990,490,satoru-nakajima,48
1990,491,satoru-nakajima,49
1990,492,satoru-nakajima,50
1990,493,satoru-nakajima,51
1990,494,satoru-nakajima,52
1990,495,satoru-nakajima,53
1990,496,satoru-nakajima,54
1990,498,satoru-nakajima,55
1990,499,satoru-nakajima,56
1990,500,satoru-nakajima,57
1991,501,satoru-nakajima,58
1991,502,satoru-nakajima,59
1991,503,satoru-nakajima,60
1991,504,satoru-nakajima,61
1991,505,satoru-nakajima,62
1991,506,satoru-nakajima,63
1991,507,satoru-nakajima,64
1991,508,satoru-nakajima,65
1991,509,satoru-nakajima,66
1991,510,satoru-nakajima,67
1991,511,satoru-nakajima,68
1991,512,satoru-nakajima,69
1991,513,satoru-nakajima,70
1991,514,satoru-nakajima,71
1991,515,satoru-nakajima,72
1991,516,satoru-nakajima,73
2006,751,scott-speed,0
2006,752,scott-speed,1
2006,753,scott-speed,2
2006,754,scott-speed,3
2006,755,scott-speed,4
2006,756,scott-speed,5
2006,757,scott-speed,6
2006,758,scott-speed,7
2006,759,scott-speed,8
2006,760,scott-speed,9
2006,761,scott-speed,10
2006,762,scott-speed,11
2006,763,scott-speed,12
2006,764,scott-speed,13
2006,765,scott-speed,14
2006,766,scott-speed,15
2006,767,scott-speed,16
2006,768,scott-speed,17
2007,769,scott-speed,18
2007,770,scott-speed,19
2007,771,scott-speed,20
2007,772,scott-speed,21
2007,773,scott-speed,22
2007,774,scott-speed,23
2007,775,scott-speed,24
2007,776,scott-speed,25
2007,777,scott-speed,26
2007,778,scott-speed,27
2007,775,sebastian-vettel,0
2007,779,sebastian-vettel,1
2007,780,sebastian-vettel,2
2007,781,sebastian-vettel,3
2007,782,sebastian-vettel,4
2007,783,sebastian-vettel,5
2007,784,sebastian-vettel,6
2007,785,sebastian-vettel,7
2008,786,sebastian-vettel,8
2008,787,sebastian-vettel,9
2008,788,sebastian-vettel,10
2008,789,sebastian-vettel,11
2008,790,sebastian-vettel,12
2008,791,sebastian-vettel,13
2008,792,sebastian-vettel,14
2008,793,sebastian-vettel,15
2008,794,sebastian-vettel,16
2008,795,sebastian-vettel,17
2008,796,sebastian-vettel,18
2008,797,sebastian-vettel,19
2008,798,sebastian-vettel,20
2008,799,sebastian-vettel,21
2008,800,sebastian-vettel,22
2008,801,sebastian-vettel,23
2008,802,sebastian-vettel,24
2008,803,sebastian-vettel,25
2009,804,sebastian-vettel,26
2009,805,sebastian-vettel,27
2009,806,sebastian-vettel,28
2009,807,sebastian-vettel,29
2009,808,sebastian-vettel,30
2009,809,sebastian-vettel,31
2009,810,sebastian-vettel,32
2009,811,sebastian-vettel,33
2009,812,sebastian-vettel,34
2009,813,sebastian-vettel,35
2009,814,sebastian-vettel,36
2009,815,sebastian-vettel,37
2009,816,sebastian-vettel,38
2009,817,sebastian-vettel,39
2009,818,sebastian-vettel,40
2009,819,sebastian-vettel,41
2009,820,sebastian-vettel,42
2010,821,sebastian-vettel,43
2010,822,sebastian-vettel,44
2010,823,sebastian-vettel,45
2010,824,sebastian-vettel,46
2010,825,sebastian-vettel,47
2010,826,sebastian-vettel,48
2010,827,sebastian-vettel,49
2010,828,sebastian-vettel,50
2010,829,sebastian-vettel,51
2010,830,sebastian-vettel,52
2010,831,sebastian-vettel,53
2010,832,sebastian-vettel,54
2010,833,sebastian-vettel,55
2010,834,sebastian-vettel,56
2010,835,sebastian-vettel,57
2010,836,sebastian-vettel,58
2010,837,sebastian-vettel,59
2010,838,sebastian-vettel,60
2010,839,sebastian-vettel,61
2011,840,sebastian-vettel,62
2011,841,sebastian-vettel,63
2011,842,sebastian-vettel,64
2011,843,sebastian-vettel,65
2011,844,sebastian-vettel,66
2011,845,sebastian-vettel,67
2011,846,sebastian-vettel,68
2011,847,sebastian-vettel,69
2011,848,sebastian-vettel,70
2011,849,sebastian-vettel,71
2011,850,sebastian-vettel,72
2011,851,sebastian-vettel,73
2011,852,sebastian-vettel,74
2011,853,sebastian-vettel,75
2011,854,sebastian-vettel,76
2011,855,sebastian-vettel,77
2011,856,sebastian-vettel,78
2011,857,sebastian-vettel,79
2011,858,sebastian-vettel,80
2012,859,sebastian-vettel,81
2012,860,sebastian-vettel,82
2012,861,sebastian-vettel,83
2012,862,sebastian-vettel,84
2012,863,sebastian-vettel,85
2012,864,sebastian-vettel,86
2012,865,sebastian-vettel,87
2012,866,sebastian-vettel,88
2012,867,sebastian-vettel,89
2012,868,sebastian-vettel,90
2012,869,sebastian-vettel,91
2012,870,sebastian-vettel,92
2012,871,sebastian-vettel,93
2012,872,sebastian-vettel,94
2012,873,sebastian-vettel,95
2012,874,sebastian-vettel,96
2012,875,sebastian-vettel,97
2012,876,sebastian-vettel,98
2012,877,sebastian-vettel,99
2012,878,sebastian-vettel,100
2013,879,sebastian-vettel,101
2013,880,sebastian-vettel,102
2013,881,sebastian-vettel,103
2013,882,sebastian-vettel,104
2013,883,sebastian-vettel,105
2013,884,sebastian-vettel,106
2013,885,sebastian-vettel,107
2013,886,sebastian-vettel,108
2013,887,sebastian-vettel,109
2013,888,sebastian-vettel,110
2013,889,sebastian-vettel,111
2013,890,sebastian-vettel,112
2013,891,sebastian-vettel,113
2013,892,sebastian-vettel,114
2013,893,sebastian-vettel,115
2013,894,sebastian-vettel,116
2013,895,sebastian-vettel,117
2013,896,sebastian-vettel,118
2013,897,sebastian-vettel,119
2014,898,sebastian-vettel,120
2014,899,sebastian-vettel,121
2014,900,sebastian-vettel,122
2014,901,sebastian-vettel,123
2014,902,sebastian-vettel,124
2014,903,sebastian-vettel,125
2014,904,sebastian-vettel,126
2014,905,sebastian-vettel,127
2014,906,sebastian-vettel,128
2014,907,sebastian-vettel,129
2014,908,sebastian-vettel,130
2014,909,sebastian-vettel,131
2014,910,sebastian-vettel,132
2014,911,sebastian-vettel,133
2014,912,sebastian-vettel,134
2014,913,sebastian-vettel,135
2014,914,sebastian-vettel,136
2014,915,sebastian-vettel,137
2014,916,sebastian-vettel,138
2015,917,sebastian-vettel,139
2015,918,sebastian-vettel,140
2015,919,sebastian-vettel,141
2015,920,sebastian-vettel,142
2015,921,sebastian-vettel,143
2015,922,sebastian-vettel,144
2015,923,sebastian-vettel,145
2015,924,sebastian-vettel,146
2015,925,sebastian-vettel,147
2015,926,sebastian-vettel,148
2015,927,sebastian-vettel,149
2015,928,sebastian-vettel,150
2015,929,sebastian-vettel,151
2015,930,sebastian-vettel,152
2015,931,sebastian-vettel,153
2015,932,sebastian-vettel,154
2015,933,sebastian-vettel,155
2015,934,sebastian-vettel,156
2015,935,sebastian-vettel,157
2016,936,sebastian-vettel,158
2016,938,sebastian-vettel,159
2016,939,sebastian-vettel,160
2016,940,sebastian-vettel,161
2016,941,sebastian-vettel,162
2016,942,sebastian-vettel,163
2016,943,sebastian-vettel,164
2016,944,sebastian-vettel,165
2016,945,sebastian-vettel,166
2016,946,sebastian-vettel,167
2016,947,sebastian-vettel,168
2016,948,sebastian-vettel,169
2016,949,sebastian-vettel,170
2016,950,sebastian-vettel,171
2016,951,sebastian-vettel,172
2016,952,sebastian-vettel,173
2016,953,sebastian-vettel,174
2016,954,sebastian-vettel,175
2016,955,sebastian-vettel,176
2016,956,sebastian-vettel,177
2017,957,sebastian-vettel,178
2017,958,sebastian-vettel,179
2017,959,sebastian-vettel,180
2017,960,sebastian-vettel,181
2017,961,sebastian-vettel,182
2017,962,sebastian-vettel,183
2017,963,sebastian-vettel,184
2017,964,sebastian-vettel,185
2017,965,sebastian-vettel,186
2017,966,sebastian-vettel,187
2017,967,sebastian-vettel,188
2017,968,sebastian-vettel,189
2017,969,sebastian-vettel,190
2017,970,sebastian-vettel,191
2017,971,sebastian-vettel,192
2017,972,sebastian-vettel,193
2017,973,sebastian-vettel,194
2017,974,sebastian-vettel,195
2017,975,sebastian-vettel,196
2017,976,sebastian-vettel,197
2018,977,sebastian-vettel,198
2018,978,sebastian-vettel,199
2018,979,sebastian-vettel,200
2018,980,sebastian-vettel,201
2018,981,sebastian-vettel,202
2018,982,sebastian-vettel,203
2018,983,sebastian-vettel,204
2018,984,sebastian-vettel,205
2018,985,sebastian-vettel,206
2018,986,sebastian-vettel,207
2018,987,sebastian-vettel,208
2018,988,sebastian-vettel,209
2018,989,sebastian-vettel,210
2018,990,sebastian-vettel,211
2018,991,sebastian-vettel,212
2018,992,sebastian-vettel,213
2018,993,sebastian-vettel,214
2018,994,sebastian-vettel,215
2018,995,sebastian-vettel,216
2018,996,sebastian-vettel,217
2018,997,sebastian-vettel,218
2019,998,sebastian-vettel,219
2019,999,sebastian-vettel,220
2019,1000,sebastian-vettel,221
2019,1001,sebastian-vettel,222
2019,1002,sebastian-vettel,223
2019,1003,sebastian-vettel,224
2019,1004,sebastian-vettel,225
2019,1005,sebastian-vettel,226
2019,1006,sebastian-vettel,227
2019,1007,sebastian-vettel,228
2019,1008,sebastian-vettel,229
2019,1009,sebastian-vettel,230
2019,1010,sebastian-vettel,231
2019,1011,sebastian-vettel,232
2019,1012,sebastian-vettel,233
2019,1013,sebastian-vettel,234
2019,1014,sebastian-vettel,235
2019,1015,sebastian-vettel,236
2019,1016,sebastian-vettel,237
2019,1017,sebastian-vettel,238
2019,1018,sebastian-vettel,239
2020,1019,sebastian-vettel,240
2020,1020,sebastian-vettel,241
2020,1021,sebastian-vettel,242
2020,1022,sebastian-vettel,243
2020,1023,sebastian-vettel,244
2020,1024,sebastian-vettel,245
2020,1025,sebastian-vettel,246
2020,1026,sebastian-vettel,247
2020,1027,sebastian-vettel,248
2020,1028,sebastian-vettel,249
2020,1029,sebastian-vettel,250
2020,1030,sebastian-vettel,251
2020,1031,sebastian-vettel,252
2020,1032,sebastian-vettel,253
2020,1033,sebastian-vettel,254
2020,1034,sebastian-vettel,255
2020,1035,sebastian-vettel,256
2021,1036,sebastian-vettel,257
2021,1037,sebastian-vettel,258
2021,1038,sebastian-vettel,259
2021,1039,sebastian-vettel,260
2021,1040,sebastian-vettel,261
2021,1041,sebastian-vettel,262
2021,1042,sebastian-vettel,263
2021,1043,sebastian-vettel,264
2021,1044,sebastian-vettel,265
2021,1045,sebastian-vettel,266
2021,1046,sebastian-vettel,267
2021,1047,sebastian-vettel,268
2021,1048,sebastian-vettel,269
2021,1049,sebastian-vettel,270
2021,1050,sebastian-vettel,271
2021,1051,sebastian-vettel,272
2021,1052,sebastian-vettel,273
2021,1053,sebastian-vettel,274
2021,1054,sebastian-vettel,275
2021,1055,sebastian-vettel,276
2021,1056,sebastian-vettel,277
2021,1057,sebastian-vettel,278
2022,1060,sebastian-vettel,279
2022,1061,sebastian-vettel,280
2022,1062,sebastian-vettel,281
2022,1063,sebastian-vettel,282
2022,1064,sebastian-vettel,283
2022,1065,sebastian-vettel,284
2022,1066,sebastian-vettel,285
2022,1067,sebastian-vettel,286
2022,1068,sebastian-vettel,287
2022,1069,sebastian-vettel,288
2022,1070,sebastian-vettel,289
2022,1071,sebastian-vettel,290
2022,1072,sebastian-vettel,291
2022,1073,sebastian-vettel,292
2022,1074,sebastian-vettel,293
2022,1075,sebastian-vettel,294
2022,1076,sebastian-vettel,295
2022,1077,sebastian-vettel,296
2022,1078,sebastian-vettel,297
2022,1079,sebastian-vettel,298
2008,786,sebastien-bourdais,0
2008,787,sebastien-bourdais,1
2008,788,sebastien-bourdais,2
2008,789,sebastien-bourdais,3
2008,790,sebastien-bourdais,4
2008,791,sebastien-bourdais,5
2008,792,sebastien-bourdais,6
2008,793,sebastien-bourdais,7
2008,794,sebastien-bourdais,8
2008,795,sebastien-bourdais,9
2008,796,sebastien-bourdais,10
2008,797,sebastien-bourdais,11
2008,798,sebastien-bourdais,12
2008,799,sebastien-bourdais,13
2008,800,sebastien-bourdais,14
2008,801,sebastien-bourdais,15
2008,802,sebastien-bourdais,16
2008,803,sebastien-bourdais,17
2009,804,sebastien-bourdais,18
2009,805,sebastien-bourdais,19
2009,806,sebastien-bourdais,20
2009,807,sebastien-bourdais,21
2009,808,sebastien-bourdais,22
2009,809,sebastien-bourdais,23
2009,810,sebastien-bourdais,24
2009,811,sebastien-bourdais,25
2009,812,sebastien-bourdais,26
2009,804,sebastien-buemi,0
2009,805,sebastien-buemi,1
2009,806,sebastien-buemi,2
2009,807,sebastien-buemi,3
2009,808,sebastien-buemi,4
2009,809,sebastien-buemi,5
2009,810,sebastien-buemi,6
2009,811,sebastien-buemi,7
2009,812,sebastien-buemi,8
2009,813,sebastien-buemi,9
2009,814,sebastien-buemi,10
2009,815,sebastien-buemi,11
2009,816,sebastien-buemi,12
2009,817,sebastien-buemi,13
2009,818,sebastien-buemi,14
2009,819,sebastien-buemi,15
2009,820,sebastien-buemi,16
2010,821,sebastien-buemi,17
2010,822,sebastien-buemi,18
2010,823,sebastien-buemi,19
2010,824,sebastien-buemi,20
2010,825,sebastien-buemi,21
2010,826,sebastien-buemi,22
2010,827,sebastien-buemi,23
2010,828,sebastien-buemi,24
2010,829,sebastien-buemi,25
2010,830,sebastien-buemi,26
2010,831,sebastien-buemi,27
2010,832,sebastien-buemi,28
2010,833,sebastien-buemi,29
2010,834,sebastien-buemi,30
2010,835,sebastien-buemi,31
2010,836,sebastien-buemi,32
2010,837,sebastien-buemi,33
2010,838,sebastien-buemi,34
2010,839,sebastien-buemi,35
2011,840,sebastien-buemi,36
2011,841,sebastien-buemi,37
2011,842,sebastien-buemi,38
2011,843,sebastien-buemi,39
2011,844,sebastien-buemi,40
2011,845,sebastien-buemi,41
2011,846,sebastien-buemi,42
2011,847,sebastien-buemi,43
2011,848,sebastien-buemi,44
2011,849,sebastien-buemi,45
2011,850,sebastien-buemi,46
2011,851,sebastien-buemi,47
2011,852,sebastien-buemi,48
2011,853,sebastien-buemi,49
2011,854,sebastien-buemi,50
2011,855,sebastien-buemi,51
2011,856,sebastien-buemi,52
2011,857,sebastien-buemi,53
2011,858,sebastien-buemi,54
2018,977,sergey-sirotkin,0
2018,978,sergey-sirotkin,1
2018,979,sergey-sirotkin,2
2018,980,sergey-sirotkin,3
2018,981,sergey-sirotkin,4
2018,982,sergey-sirotkin,5
2018,983,sergey-sirotkin,6
2018,984,sergey-sirotkin,7
2018,985,sergey-sirotkin,8
2018,986,sergey-sirotkin,9
2018,987,sergey-sirotkin,10
2018,988,sergey-sirotkin,11
2018,989,sergey-sirotkin,12
2018,990,sergey-sirotkin,13
2018,991,sergey-sirotkin,14
2018,992,sergey-sirotkin,15
2018,993,sergey-sirotkin,16
2018,994,sergey-sirotkin,17
2018,995,sergey-sirotkin,18
2018,996,sergey-sirotkin,19
2018,997,sergey-sirotkin,20
2011,840,sergio-perez,0
2011,841,sergio-perez,1
2011,842,sergio-perez,2
2011,843,sergio-perez,3
2011,844,sergio-perez,4
2011,847,sergio-perez,5
2011,848,sergio-perez,6
2011,849,sergio-perez,7
2011,850,sergio-perez,8
2011,851,sergio-perez,9
2011,852,sergio-perez,10
2011,853,sergio-perez,11
2011,854,sergio-perez,12
2011,855,sergio-perez,13
2011,856,sergio-perez,14
2011,857,sergio-perez,15
2011,858,sergio-perez,16
2012,859,sergio-perez,17
2012,860,sergio-perez,18
2012,861,sergio-perez,19
2012,862,sergio-perez,20
2012,863,sergio-perez,21
2012,864,sergio-perez,22
2012,865,sergio-perez,23
2012,866,sergio-perez,24
2012,867,sergio-perez,25
2012,868,sergio-perez,26
2012,869,sergio-perez,27
2012,870,sergio-perez,28
2012,871,sergio-perez,29
2012,872,sergio-perez,30
2012,873,sergio-perez,31
2012,874,sergio-perez,32
2012,875,sergio-perez,33
2012,876,sergio-perez,34
2012,877,sergio-perez,35
2012,878,sergio-perez,36
2013,879,sergio-perez,37
2013,880,sergio-perez,38
2013,881,sergio-perez,39
2013,882,sergio-perez,40
2013,883,sergio-perez,41
2013,884,sergio-perez,42
2013,885,sergio-perez,43
2013,886,sergio-perez,44
2013,887,sergio-perez,45
2013,888,sergio-perez,46
2013,889,sergio-perez,47
2013,890,sergio-perez,48
2013,891,sergio-perez,49
2013,892,sergio-perez,50
2013,893,sergio-perez,51
2013,894,sergio-perez,52
2013,895,sergio-perez,53
2013,896,sergio-perez,54
2013,897,sergio-perez,55
2014,898,sergio-perez,56
2014,900,sergio-perez,57
2014,901,sergio-perez,58
2014,902,sergio-perez,59
2014,903,sergio-perez,60
2014,904,sergio-perez,61
2014,905,sergio-perez,62
2014,906,sergio-perez,63
2014,907,sergio-perez,64
2014,908,sergio-perez,65
2014,909,sergio-perez,66
2014,910,sergio-perez,67
2014,911,sergio-perez,68
2014,912,sergio-perez,69
2014,913,sergio-perez,70
2014,914,sergio-perez,71
2014,915,sergio-perez,72
2014,916,sergio-perez,73
2015,917,sergio-perez,74
2015,918,sergio-perez,75
2015,919,sergio-perez,76
2015,920,sergio-perez,77
2015,921,sergio-perez,78
2015,922,sergio-perez,79
2015,923,sergio-perez,80
2015,924,sergio-perez,81
2015,925,sergio-perez,82
2015,926,sergio-perez,83
2015,927,sergio-perez,84
2015,928,sergio-perez,85
2015,929,sergio-perez,86
2015,930,sergio-perez,87
2015,931,sergio-perez,88
2015,932,sergio-perez,89
2015,933,sergio-perez,90
2015,934,sergio-perez,91
2015,935,sergio-perez,92
2016,936,sergio-perez,93
2016,937,sergio-perez,94
2016,938,sergio-perez,95
2016,939,sergio-perez,96
2016,940,sergio-perez,97
2016,941,sergio-perez,98
2016,942,sergio-perez,99
2016,943,sergio-perez,100
2016,944,sergio-perez,101
2016,945,sergio-perez,102
2016,946,sergio-perez,103
2016,947,sergio-perez,104
2016,948,sergio-perez,105
2016,949,sergio-perez,106
2016,950,sergio-perez,107
2016,951,sergio-perez,108
2016,952,sergio-perez,109
2016,953,sergio-perez,110
2016,954,sergio-perez,111
2016,955,sergio-perez,112
2016,956,sergio-perez,113
2017,957,sergio-perez,114
2017,958,sergio-perez,115
2017,959,sergio-perez,116
2017,960,sergio-perez,117
2017,961,sergio-perez,118
2017,962,sergio-perez,119
2017,963,sergio-perez,120
2017,964,sergio-perez,121
2017,965,sergio-perez,122
2017,966,sergio-perez,123
2017,967,sergio-perez,124
2017,968,sergio-perez,125
2017,969,sergio-perez,126
2017,970,sergio-perez,127
2017,971,sergio-perez,128
2017,972,sergio-perez,129
2017,973,sergio-perez,130
2017,974,sergio-perez,131
2017,975,sergio-perez,132
2017,976,sergio-perez,133
2018,977,sergio-perez,134
2018,978,sergio-perez,135
2018,979,sergio-perez,136
2018,980,sergio-perez,137
2018,981,sergio-perez,138
2018,982,sergio-perez,139
2018,983,sergio-perez,140
2018,984,sergio-perez,141
2018,985,sergio-perez,142
2018,986,sergio-perez,143
2018,987,sergio-perez,144
2018,988,sergio-perez,145
2018,989,sergio-perez,146
2018,990,sergio-perez,147
2018,991,sergio-perez,148
2018,992,sergio-perez,149
2018,993,sergio-perez,150
2018,994,sergio-perez,151
2018,995,sergio-perez,152
2018,996,sergio-perez,153
2018,997,sergio-perez,154
2019,998,sergio-perez,155
2019,999,sergio-perez,156
2019,1000,sergio-perez,157
2019,1001,sergio-perez,158
2019,1002,sergio-perez,159
2019,1003,sergio-perez,160
2019,1004,sergio-perez,161
2019,1005,sergio-perez,162
2019,1006,sergio-perez,163
2019,1007,sergio-perez,164
2019,1008,sergio-perez,165
2019,1009,sergio-perez,166
2019,1010,sergio-perez,167
2019,1011,sergio-perez,168
2019,1012,sergio-perez,169
2019,1013,sergio-perez,170
2019,1014,sergio-perez,171
2019,1015,sergio-perez,172
2019,1016,sergio-perez,173
2019,1017,sergio-perez,174
2019,1018,sergio-perez,175
2020,1019,sergio-perez,176
2020,1020,sergio-perez,177
2020,1021,sergio-perez,178
2020,1024,sergio-perez,179
2020,1025,sergio-perez,180
2020,1026,sergio-perez,181
2020,1027,sergio-perez,182
2020,1028,sergio-perez,183
2020,1029,sergio-perez,184
2020,1030,sergio-perez,185
2020,1031,sergio-perez,186
2020,1032,sergio-perez,187
2020,1033,sergio-perez,188
2020,1034,sergio-perez,189
2020,1035,sergio-perez,190
2021,1036,sergio-perez,191
2021,1037,sergio-perez,192
2021,1038,sergio-perez,193
2021,1039,sergio-perez,194
2021,1040,sergio-perez,195
2021,1041,sergio-perez,196
2021,1042,sergio-perez,197
2021,1043,sergio-perez,198
2021,1044,sergio-perez,199
2021,1045,sergio-perez,200
2021,1046,sergio-perez,201
2021,1047,sergio-perez,202
2021,1048,sergio-perez,203
2021,1049,sergio-perez,204
2021,1050,sergio-perez,205
2021,1051,sergio-perez,206
2021,1052,sergio-perez,207
2021,1053,sergio-perez,208
2021,1054,sergio-perez,209
2021,1055,sergio-perez,210
2021,1056,sergio-perez,211
2021,1057,sergio-perez,212
2022,1058,sergio-perez,213
2022,1059,sergio-perez,214
2022,1060,sergio-perez,215
2022,1061,sergio-perez,216
2022,1062,sergio-perez,217
2022,1063,sergio-perez,218
2022,1064,sergio-perez,219
2022,1065,sergio-perez,220
2022,1066,sergio-perez,221
2022,1067,sergio-perez,222
2022,1068,sergio-perez,223
2022,1069,sergio-perez,224
2022,1070,sergio-perez,225
2022,1071,sergio-perez,226
2022,1072,sergio-perez,227
2022,1073,sergio-perez,228
2022,1074,sergio-perez,229
2022,1075,sergio-perez,230
2022,1076,sergio-perez,231
2022,1077,sergio-perez,232
2022,1078,sergio-perez,233
2022,1079,sergio-perez,234
2023,1080,sergio-perez,235
2023,1081,sergio-perez,236
2023,1082,sergio-perez,237
2023,1083,sergio-perez,238
2023,1084,sergio-perez,239
2023,1085,sergio-perez,240
2023,1086,sergio-perez,241
2023,1087,sergio-perez,242
2023,1088,sergio-perez,243
2023,1089,sergio-perez,244
2023,1090,sergio-perez,245
2023,1091,sergio-perez,246
2023,1092,sergio-perez,247
2023,1093,sergio-perez,248
2023,1094,sergio-perez,249
2023,1095,sergio-perez,250
2023,1096,sergio-perez,251
2023,1097,sergio-perez,252
2023,1098,sergio-perez,253
2023,1099,sergio-perez,254
2023,1100,sergio-perez,255
2023,1101,sergio-perez,256
2024,1102,sergio-perez,257
2024,1103,sergio-perez,258
2024,1104,sergio-perez,259
2024,1105,sergio-perez,260
2024,1106,sergio-perez,261
2024,1107,sergio-perez,262
2024,1108,sergio-perez,263
2024,1109,sergio-perez,264
2024,1110,sergio-perez,265
2024,1111,sergio-perez,266
2024,1112,sergio-perez,267
2024,1113,sergio-perez,268
2024,1114,sergio-perez,269
2024,1115,sergio-perez,270
2024,1116,sergio-perez,271
2024,1117,sergio-perez,272
2024,1118,sergio-perez,273
2024,1119,sergio-perez,274
2024,1120,sergio-perez,275
2024,1121,sergio-perez,276
2024,1122,sergio-perez,277
2024,1123,sergio-perez,278
2024,1124,sergio-perez,279
2024,1125,sergio-perez,280
1997,598,shinji-nakano,0
1997,599,shinji-nakano,1
1997,600,shinji-nakano,2
1997,601,shinji-nakano,3
1997,602,shinji-nakano,4
1997,603,shinji-nakano,5
1997,604,shinji-nakano,6
1997,605,shinji-nakano,7
1997,606,shinji-nakano,8
1997,607,shinji-nakano,9
1997,608,shinji-nakano,10
1997,609,shinji-nakano,11
1997,610,shinji-nakano,12
1997,611,shinji-nakano,13
1997,612,shinji-nakano,14
1997,613,shinji-nakano,15
1997,614,shinji-nakano,16
1998,615,shinji-nakano,17
1998,616,shinji-nakano,18
1998,617,shinji-nakano,19
1998,618,shinji-nakano,20
1998,619,shinji-nakano,21
1998,620,shinji-nakano,22
1998,621,shinji-nakano,23
1998,622,shinji-nakano,24
1998,623,shinji-nakano,25
1998,624,shinji-nakano,26
1998,625,shinji-nakano,27
1998,626,shinji-nakano,28
1998,627,shinji-nakano,29
1998,628,shinji-nakano,30
1998,629,shinji-nakano,31
1998,630,shinji-nakano,32
1986,421,stefan-johansson,0
1986,422,stefan-johansson,1
1986,423,stefan-johansson,2
1986,424,stefan-johansson,3
1986,425,stefan-johansson,4
1986,426,stefan-johansson,5
1986,427,stefan-johansson,6
1986,428,stefan-johansson,7
1986,429,stefan-johansson,8
1986,430,stefan-johansson,9
1986,431,stefan-johansson,10
1986,432,stefan-johansson,11
1986,433,stefan-johansson,12
1986,434,stefan-johansson,13
1986,435,stefan-johansson,14
1986,436,stefan-johansson,15
1987,437,stefan-johansson,16
1987,438,stefan-johansson,17
1987,439,stefan-johansson,18
1987,440,stefan-johansson,19
1987,441,stefan-johansson,20
1987,442,stefan-johansson,21
1987,443,stefan-johansson,22
1987,444,stefan-johansson,23
1987,445,stefan-johansson,24
1987,446,stefan-johansson,25
1987,447,stefan-johansson,26
1987,448,stefan-johansson,27
1987,449,stefan-johansson,28
1987,450,stefan-johansson,29
1987,451,stefan-johansson,30
1987,452,stefan-johansson,31
1988,453,stefan-johansson,32
1988,455,stefan-johansson,33
1988,456,stefan-johansson,34
1988,457,stefan-johansson,35
1988,458,stefan-johansson,36
1988,462,stefan-johansson,37
1988,463,stefan-johansson,38
1988,465,stefan-johansson,39
1988,466,stefan-johansson,40
1988,468,stefan-johansson,41
1989,472,stefan-johansson,42
1989,473,stefan-johansson,43
1989,474,stefan-johansson,44
1989,475,stefan-johansson,45
1989,477,stefan-johansson,46
1989,478,stefan-johansson,47
1989,479,stefan-johansson,48
1989,481,stefan-johansson,49
1991,505,stefan-johansson,50
1987,452,stefano-modena,0
1988,453,stefano-modena,1
1988,454,stefano-modena,2
1988,457,stefano-modena,3
1988,458,stefano-modena,4
1988,459,stefano-modena,5
1988,460,stefano-modena,6
1988,461,stefano-modena,7
1988,462,stefano-modena,8
1988,466,stefano-modena,9
1988,468,stefano-modena,10
1989,469,stefano-modena,11
1989,470,stefano-modena,12
1989,471,stefano-modena,13
1989,472,stefano-modena,14
1989,473,stefano-modena,15
1989,474,stefano-modena,16
1989,475,stefano-modena,17
1989,476,stefano-modena,18
1989,477,stefano-modena,19
1989,478,stefano-modena,20
1989,479,stefano-modena,21
1989,481,stefano-modena,22
1989,482,stefano-modena,23
1989,483,stefano-modena,24
1989,484,stefano-modena,25
1990,485,stefano-modena,26
1990,486,stefano-modena,27
1990,487,stefano-modena,28
1990,488,stefano-modena,29
1990,489,stefano-modena,30
1990,490,stefano-modena,31
1990,491,stefano-modena,32
1990,492,stefano-modena,33
1990,493,stefano-modena,34
1990,494,stefano-modena,35
1990,495,stefano-modena,36
1990,496,stefano-modena,37
1990,497,stefano-modena,38
1990,498,stefano-modena,39
1990,499,stefano-modena,40
1990,500,stefano-modena,41
1991,501,stefano-modena,42
1991,502,stefano-modena,43
1991,503,stefano-modena,44
1991,504,stefano-modena,45
1991,505,stefano-modena,46
1991,506,stefano-modena,47
1991,507,stefano-modena,48
1991,508,stefano-modena,49
1991,509,stefano-modena,50
1991,510,stefano-modena,51
1991,511,stefano-modena,52
1991,512,stefano-modena,53
1991,513,stefano-modena,54
1991,514,stefano-modena,55
1991,515,stefano-modena,56
1991,516,stefano-modena,57
1992,518,stefano-modena,58
1992,519,stefano-modena,59
1992,521,stefano-modena,60
1992,522,stefano-modena,61
1992,523,stefano-modena,62
1992,524,stefano-modena,63
1992,525,stefano-modena,64
1992,527,stefano-modena,65
1992,528,stefano-modena,66
1992,530,stefano-modena,67
1992,531,stefano-modena,68
1992,532,stefano-modena,69
1999,632,stephane-sarrazin,0
2016,937,stoffel-vandoorne,0
2017,957,stoffel-vandoorne,1
2017,958,stoffel-vandoorne,2
2017,960,stoffel-vandoorne,3
2017,961,stoffel-vandoorne,4
2017,962,stoffel-vandoorne,5
2017,963,stoffel-vandoorne,6
2017,964,stoffel-vandoorne,7
2017,965,stoffel-vandoorne,8
2017,966,stoffel-vandoorne,9
2017,967,stoffel-vandoorne,10
2017,968,stoffel-vandoorne,11
2017,969,stoffel-vandoorne,12
2017,970,stoffel-vandoorne,13
2017,971,stoffel-vandoorne,14
2017,972,stoffel-vandoorne,15
2017,973,stoffel-vandoorne,16
2017,974,stoffel-vandoorne,17
2017,975,stoffel-vandoorne,18
2017,976,stoffel-vandoorne,19
2018,977,stoffel-vandoorne,20
2018,978,stoffel-vandoorne,21
2018,979,stoffel-vandoorne,22
2018,980,stoffel-vandoorne,23
2018,981,stoffel-vandoorne,24
2018,982,stoffel-vandoorne,25
2018,983,stoffel-vandoorne,26
2018,984,stoffel-vandoorne,27
2018,985,stoffel-vandoorne,28
2018,986,stoffel-vandoorne,29
2018,987,stoffel-vandoorne,30
2018,988,stoffel-vandoorne,31
2018,989,stoffel-vandoorne,32
2018,990,stoffel-vandoorne,33
2018,991,stoffel-vandoorne,34
2018,992,stoffel-vandoorne,35
2018,993,stoffel-vandoorne,36
2018,994,stoffel-vandoorne,37
2018,995,stoffel-vandoorne,38
2018,996,stoffel-vandoorne,39
2018,997,stoffel-vandoorne,40
1994,563,taki-inoue,0
1995,565,taki-inoue,1
1995,566,taki-inoue,2
1995,567,taki-inoue,3
1995,568,taki-inoue,4
1995,569,taki-inoue,5
1995,570,taki-inoue,6
1995,571,taki-inoue,7
1995,572,taki-inoue,8
1995,573,taki-inoue,9
1995,574,taki-inoue,10
1995,575,taki-inoue,11
1995,576,taki-inoue,12
1995,577,taki-inoue,13
1995,578,taki-inoue,14
1995,579,taki-inoue,15
1995,580,taki-inoue,16
1995,581,taki-inoue,17
2002,681,takuma-sato,0
2002,682,takuma-sato,1
2002,683,takuma-sato,2
2002,684,takuma-sato,3
2002,685,takuma-sato,4
2002,686,takuma-sato,5
2002,687,takuma-sato,6
2002,688,takuma-sato,7
2002,689,takuma-sato,8
2002,690,takuma-sato,9
2002,691,takuma-sato,10
2002,692,takuma-sato,11
2002,693,takuma-sato,12
2002,694,takuma-sato,13
2002,695,takuma-sato,14
2002,696,takuma-sato,15
2002,697,takuma-sato,16
2003,713,takuma-sato,17
2004,714,takuma-sato,18
2004,715,takuma-sato,19
2004,716,takuma-sato,20
2004,717,takuma-sato,21
2004,718,takuma-sato,22
2004,719,takuma-sato,23
2004,720,takuma-sato,24
2004,721,takuma-sato,25
2004,722,takuma-sato,26
2004,723,takuma-sato,27
2004,724,takuma-sato,28
2004,725,takuma-sato,29
2004,726,takuma-sato,30
2004,727,takuma-sato,31
2004,728,takuma-sato,32
2004,729,takuma-sato,33
2004,730,takuma-sato,34
2004,731,takuma-sato,35
2005,732,takuma-sato,36
2005,734,takuma-sato,37
2005,735,takuma-sato,38
2005,738,takuma-sato,39
2005,739,takuma-sato,40
2005,741,takuma-sato,41
2005,742,takuma-sato,42
2005,743,takuma-sato,43
2005,744,takuma-sato,44
2005,745,takuma-sato,45
2005,746,takuma-sato,46
2005,747,takuma-sato,47
2005,748,takuma-sato,48
2005,749,takuma-sato,49
2005,750,takuma-sato,50
2006,751,takuma-sato,51
2006,752,takuma-sato,52
2006,753,takuma-sato,53
2006,754,takuma-sato,54
2006,755,takuma-sato,55
2006,756,takuma-sato,56
2006,757,takuma-sato,57
2006,758,takuma-sato,58
2006,759,takuma-sato,59
2006,760,takuma-sato,60
2006,761,takuma-sato,61
2006,762,takuma-sato,62
2006,763,takuma-sato,63
2006,764,takuma-sato,64
2006,765,takuma-sato,65
2006,766,takuma-sato,66
2006,767,takuma-sato,67
2006,768,takuma-sato,68
2007,769,takuma-sato,69
2007,770,takuma-sato,70
2007,771,takuma-sato,71
2007,772,takuma-sato,72
2007,773,takuma-sato,73
2007,774,takuma-sato,74
2007,775,takuma-sato,75
2007,776,takuma-sato,76
2007,777,takuma-sato,77
2007,778,takuma-sato,78
2007,779,takuma-sato,79
2007,780,takuma-sato,80
2007,781,takuma-sato,81
2007,782,takuma-sato,82
2007,783,takuma-sato,83
2007,784,takuma-sato,84
2007,785,takuma-sato,85
2008,786,takuma-sato,86
2008,787,takuma-sato,87
2008,788,takuma-sato,88
2008,789,takuma-sato,89
1996,583,tarso-marques,0
1996,584,tarso-marques,1
1997,605,tarso-marques,2
1997,606,tarso-marques,3
1997,607,tarso-marques,4
1997,608,tarso-marques,5
1997,609,tarso-marques,6
1997,610,tarso-marques,7
1997,612,tarso-marques,8
1997,613,tarso-marques,9
1997,614,tarso-marques,10
2001,664,tarso-marques,11
2001,665,tarso-marques,12
2001,666,tarso-marques,13
2001,667,tarso-marques,14
2001,668,tarso-marques,15
2001,669,tarso-marques,16
2001,670,tarso-marques,17
2001,671,tarso-marques,18
2001,672,tarso-marques,19
2001,673,tarso-marques,20
2001,675,tarso-marques,21
2001,676,tarso-marques,22
2001,677,tarso-marques,23
1986,421,teo-fabi,0
1986,422,teo-fabi,1
1986,423,teo-fabi,2
1986,424,teo-fabi,3
1986,425,teo-fabi,4
1986,426,teo-fabi,5
1986,427,teo-fabi,6
1986,428,teo-fabi,7
1986,429,teo-fabi,8
1986,430,teo-fabi,9
1986,431,teo-fabi,10
1986,432,teo-fabi,11
1986,433,teo-fabi,12
1986,434,teo-fabi,13
1986,435,teo-fabi,14
1986,436,teo-fabi,15
1987,437,teo-fabi,16
1987,438,teo-fabi,17
1987,439,teo-fabi,18
1987,440,teo-fabi,19
1987,441,teo-fabi,20
1987,442,teo-fabi,21
1987,443,teo-fabi,22
1987,444,teo-fabi,23
1987,445,teo-fabi,24
1987,446,teo-fabi,25
1987,447,teo-fabi,26
1987,448,teo-fabi,27
1987,449,teo-fabi,28
1987,450,teo-fabi,29
1987,451,teo-fabi,30
1987,452,teo-fabi,31
1986,421,thierry-boutsen,0
1986,422,thierry-boutsen,1
1986,423,thierry-boutsen,2
1986,424,thierry-boutsen,3
1986,425,thierry-boutsen,4
1986,426,thierry-boutsen,5
1986,427,thierry-boutsen,6
1986,428,thierry-boutsen,7
1986,429,thierry-boutsen,8
1986,430,thierry-boutsen,9
1986,431,thierry-boutsen,10
1986,432,thierry-boutsen,11
1986,433,thierry-boutsen,12
1986,434,thierry-boutsen,13
1986,435,thierry-boutsen,14
1986,436,thierry-boutsen,15
1987,437,thierry-boutsen,16
1987,438,thierry-boutsen,17
1987,439,thierry-boutsen,18
1987,440,thierry-boutsen,19
1987,441,thierry-boutsen,20
1987,442,thierry-boutsen,21
1987,443,thierry-boutsen,22
1987,444,thierry-boutsen,23
1987,445,thierry-boutsen,24
1987,446,thierry-boutsen,25
1987,447,thierry-boutsen,26
1987,448,thierry-boutsen,27
1987,449,thierry-boutsen,28
1987,450,thierry-boutsen,29
1987,451,thierry-boutsen,30
1987,452,thierry-boutsen,31
1988,453,thierry-boutsen,32
1988,454,thierry-boutsen,33
1988,455,thierry-boutsen,34
1988,456,thierry-boutsen,35
1988,457,thierry-boutsen,36
1988,458,thierry-boutsen,37
1988,459,thierry-boutsen,38
1988,460,thierry-boutsen,39
1988,461,thierry-boutsen,40
1988,462,thierry-boutsen,41
1988,463,thierry-boutsen,42
1988,464,thierry-boutsen,43
1988,465,thierry-boutsen,44
1988,466,thierry-boutsen,45
1988,467,thierry-boutsen,46
1988,468,thierry-boutsen,47
1989,469,thierry-boutsen,48
1989,470,thierry-boutsen,49
1989,471,thierry-boutsen,50
1989,472,thierry-boutsen,51
1989,473,thierry-boutsen,52
1989,474,thierry-boutsen,53
1989,475,thierry-boutsen,54
1989,476,thierry-boutsen,55
1989,477,thierry-boutsen,56
1989,478,thierry-boutsen,57
1989,479,thierry-boutsen,58
1989,480,thierry-boutsen,59
1989,481,thierry-boutsen,60
1989,482,thierry-boutsen,61
1989,483,thierry-boutsen,62
1989,484,thierry-boutsen,63
1990,485,thierry-boutsen,64
1990,486,thierry-boutsen,65
1990,487,thierry-boutsen,66
1990,488,thierry-boutsen,67
1990,489,thierry-boutsen,68
1990,490,thierry-boutsen,69
1990,491,thierry-boutsen,70
1990,492,thierry-boutsen,71
1990,493,thierry-boutsen,72
1990,494,thierry-boutsen,73
1990,495,thierry-boutsen,74
1990,496,thierry-boutsen,75
1990,497,thierry-boutsen,76
1990,498,thierry-boutsen,77
1990,499,thierry-boutsen,78
1990,500,thierry-boutsen,79
1991,501,thierry-boutsen,80
1991,502,thierry-boutsen,81
1991,503,thierry-boutsen,82
1991,504,thierry-boutsen,83
1991,505,thierry-boutsen,84
1991,506,thierry-boutsen,85
1991,507,thierry-boutsen,86
1991,508,thierry-boutsen,87
1991,509,thierry-boutsen,88
1991,510,thierry-boutsen,89
1991,511,thierry-boutsen,90
1991,512,thierry-boutsen,91
1991,513,thierry-boutsen,92
1991,514,thierry-boutsen,93
1991,515,thierry-boutsen,94
1991,516,thierry-boutsen,95
1992,517,thierry-boutsen,96
1992,518,thierry-boutsen,97
1992,519,thierry-boutsen,98
1992,520,thierry-boutsen,99
1992,521,thierry-boutsen,100
1992,522,thierry-boutsen,101
1992,523,thierry-boutsen,102
1992,524,thierry-boutsen,103
1992,525,thierry-boutsen,104
1992,526,thierry-boutsen,105
1992,527,thierry-boutsen,106
1992,528,thierry-boutsen,107
1992,529,thierry-boutsen,108
1992,530,thierry-boutsen,109
1992,531,thierry-boutsen,110
1992,532,thierry-boutsen,111
1993,535,thierry-boutsen,112
1993,536,thierry-boutsen,113
1993,537,thierry-boutsen,114
1993,538,thierry-boutsen,115
1993,539,thierry-boutsen,116
1993,540,thierry-boutsen,117
1993,541,thierry-boutsen,118
1993,542,thierry-boutsen,119
1993,543,thierry-boutsen,120
1993,544,thierry-boutsen,121
2005,732,tiago-monteiro,0
2005,733,tiago-monteiro,1
2005,734,tiago-monteiro,2
2005,735,tiago-monteiro,3
2005,736,tiago-monteiro,4
2005,737,tiago-monteiro,5
2005,738,tiago-monteiro,6
2005,739,tiago-monteiro,7
2005,740,tiago-monteiro,8
2005,741,tiago-monteiro,9
2005,742,tiago-monteiro,10
2005,743,tiago-monteiro,11
2005,744,tiago-monteiro,12
2005,745,tiago-monteiro,13
2005,746,tiago-monteiro,14
2005,747,tiago-monteiro,15
2005,748,tiago-monteiro,16
2005,749,tiago-monteiro,17
2005,750,tiago-monteiro,18
2006,751,tiago-monteiro,19
2006,752,tiago-monteiro,20
2006,753,tiago-monteiro,21
2006,754,tiago-monteiro,22
2006,755,tiago-monteiro,23
2006,756,tiago-monteiro,24
2006,757,tiago-monteiro,25
2006,758,tiago-monteiro,26
2006,759,tiago-monteiro,27
2006,760,tiago-monteiro,28
2006,761,tiago-monteiro,29
2006,762,tiago-monteiro,30
2006,763,tiago-monteiro,31
2006,764,tiago-monteiro,32
2006,765,tiago-monteiro,33
2006,766,tiago-monteiro,34
2006,767,tiago-monteiro,35
2006,768,tiago-monteiro,36
2004,721,timo-glock,0
2004,729,timo-glock,1
2004,730,timo-glock,2
2004,731,timo-glock,3
2008,786,timo-glock,4
2008,787,timo-glock,5
2008,788,timo-glock,6
2008,789,timo-glock,7
2008,790,timo-glock,8
2008,791,timo-glock,9
2008,792,timo-glock,10
2008,793,timo-glock,11
2008,794,timo-glock,12
2008,795,timo-glock,13
2008,796,timo-glock,14
2008,797,timo-glock,15
2008,798,timo-glock,16
2008,799,timo-glock,17
2008,800,timo-glock,18
2008,801,timo-glock,19
2008,802,timo-glock,20
2008,803,timo-glock,21
2009,804,timo-glock,22
2009,805,timo-glock,23
2009,806,timo-glock,24
2009,807,timo-glock,25
2009,808,timo-glock,26
2009,809,timo-glock,27
2009,810,timo-glock,28
2009,811,timo-glock,29
2009,812,timo-glock,30
2009,813,timo-glock,31
2009,814,timo-glock,32
2009,815,timo-glock,33
2009,816,timo-glock,34
2009,817,timo-glock,35
2010,821,timo-glock,36
2010,822,timo-glock,37
2010,823,timo-glock,38
2010,825,timo-glock,39
2010,826,timo-glock,40
2010,827,timo-glock,41
2010,828,timo-glock,42
2010,829,timo-glock,43
2010,830,timo-glock,44
2010,831,timo-glock,45
2010,832,timo-glock,46
2010,833,timo-glock,47
2010,834,timo-glock,48
2010,835,timo-glock,49
2010,836,timo-glock,50
2010,837,timo-glock,51
2010,838,timo-glock,52
2010,839,timo-glock,53
2011,840,timo-glock,54
2011,841,timo-glock,55
2011,842,timo-glock,56
2011,844,timo-glock,57
2011,845,timo-glock,58
2011,846,timo-glock,59
2011,847,timo-glock,60
2011,848,timo-glock,61
2011,849,timo-glock,62
2011,850,timo-glock,63
2011,851,timo-glock,64
2011,852,timo-glock,65
2011,853,timo-glock,66
2011,854,timo-glock,67
2011,855,timo-glock,68
2011,856,timo-glock,69
2011,857,timo-glock,70
2011,858,timo-glock,71
2012,859,timo-glock,72
2012,860,timo-glock,73
2012,861,timo-glock,74
2012,862,timo-glock,75
2012,863,timo-glock,76
2012,864,timo-glock,77
2012,865,timo-glock,78
2012,867,timo-glock,79
2012,868,timo-glock,80
2012,869,timo-glock,81
2012,870,timo-glock,82
2012,871,timo-glock,83
2012,872,timo-glock,84
2012,873,timo-glock,85
2012,874,timo-glock,86
2012,875,timo-glock,87
2012,876,timo-glock,88
2012,877,timo-glock,89
2012,878,timo-glock,90
2001,678,tomas-enge,0
2001,679,tomas-enge,1
2001,680,tomas-enge,2
1998,615,toranosuke-takagi,0
1998,616,toranosuke-takagi,1
1998,617,toranosuke-takagi,2
1998,618,toranosuke-takagi,3
1998,619,toranosuke-takagi,4
1998,620,toranosuke-takagi,5
1998,621,toranosuke-takagi,6
1998,622,toranosuke-takagi,7
1998,623,toranosuke-takagi,8
1998,624,toranosuke-takagi,9
1998,625,toranosuke-takagi,10
1998,626,toranosuke-takagi,11
1998,627,toranosuke-takagi,12
1998,628,toranosuke-takagi,13
1998,629,toranosuke-takagi,14
1998,630,toranosuke-takagi,15
1999,631,toranosuke-takagi,16
1999,632,toranosuke-takagi,17
1999,633,toranosuke-takagi,18
1999,634,toranosuke-takagi,19
1999,635,toranosuke-takagi,20
1999,636,toranosuke-takagi,21
1999,637,toranosuke-takagi,22
1999,638,toranosuke-takagi,23
1999,639,toranosuke-takagi,24
1999,640,toranosuke-takagi,25
1999,641,toranosuke-takagi,26
1999,642,toranosuke-takagi,27
1999,643,toranosuke-takagi,28
1999,644,toranosuke-takagi,29
1999,645,toranosuke-takagi,30
1999,646,toranosuke-takagi,31
1993,547,toshio-suzuki,0
1993,548,toshio-suzuki,1
1992,517,ukyo-katayama,0
1992,518,ukyo-katayama,1
1992,519,ukyo-katayama,2
1992,521,ukyo-katayama,3
1992,523,ukyo-katayama,4
1992,524,ukyo-katayama,5
1992,525,ukyo-katayama,6
1992,526,ukyo-katayama,7
1992,527,ukyo-katayama,8
1992,528,ukyo-katayama,9
1992,529,ukyo-katayama,10
1992,530,ukyo-katayama,11
1992,531,ukyo-katayama,12
1992,532,ukyo-katayama,13
1993,533,ukyo-katayama,14
1993,534,ukyo-katayama,15
1993,535,ukyo-katayama,16
1993,536,ukyo-katayama,17
1993,537,ukyo-katayama,18
1993,538,ukyo-katayama,19
1993,539,ukyo-katayama,20
1993,540,ukyo-katayama,21
1993,541,ukyo-katayama,22
1993,542,ukyo-katayama,23
1993,543,ukyo-katayama,24
1993,544,ukyo-katayama,25
1993,545,ukyo-katayama,26
1993,546,ukyo-katayama,27
1993,547,ukyo-katayama,28
1993,548,ukyo-katayama,29
1994,549,ukyo-katayama,30
1994,550,ukyo-katayama,31
1994,551,ukyo-katayama,32
1994,552,ukyo-katayama,33
1994,553,ukyo-katayama,34
1994,554,ukyo-katayama,35
1994,555,ukyo-katayama,36
1994,556,ukyo-katayama,37
1994,557,ukyo-katayama,38
1994,558,ukyo-katayama,39
1994,559,ukyo-katayama,40
1994,560,ukyo-katayama,41
1994,561,ukyo-katayama,42
1994,562,ukyo-katayama,43
1994,563,ukyo-katayama,44
1994,564,ukyo-katayama,45
1995,565,ukyo-katayama,46
1995,566,ukyo-katayama,47
1995,567,ukyo-katayama,48
1995,568,ukyo-katayama,49
1995,569,ukyo-katayama,50
1995,570,ukyo-katayama,51
1995,571,ukyo-katayama,52
1995,572,ukyo-katayama,53
1995,573,ukyo-katayama,54
1995,574,ukyo-katayama,55
1995,575,ukyo-katayama,56
1995,576,ukyo-katayama,57
1995,577,ukyo-katayama,58
1995,579,ukyo-katayama,59
1995,580,ukyo-katayama,60
1995,581,ukyo-katayama,61
1996,582,ukyo-katayama,62
1996,583,ukyo-katayama,63
1996,584,ukyo-katayama,64
1996,585,ukyo-katayama,65
1996,586,ukyo-katayama,66
1996,587,ukyo-katayama,67
1996,588,ukyo-katayama,68
1996,589,ukyo-katayama,69
1996,590,ukyo-katayama,70
1996,591,ukyo-katayama,71
1996,592,ukyo-katayama,72
1996,593,ukyo-katayama,73
1996,594,ukyo-katayama,74
1996,595,ukyo-katayama,75
1996,596,ukyo-katayama,76
1996,597,ukyo-katayama,77
1997,598,ukyo-katayama,78
1997,599,ukyo-katayama,79
1997,600,ukyo-katayama,80
1997,601,ukyo-katayama,81
1997,602,ukyo-katayama,82
1997,603,ukyo-katayama,83
1997,604,ukyo-katayama,84
1997,605,ukyo-katayama,85
1997,606,ukyo-katayama,86
1997,607,ukyo-katayama,87
1997,608,ukyo-katayama,88
1997,609,ukyo-katayama,89
1997,610,ukyo-katayama,90
1997,611,ukyo-katayama,91
1997,612,ukyo-katayama,92
1997,613,ukyo-katayama,93
1997,614,ukyo-katayama,94
2013,879,valtteri-bottas,0
2013,880,valtteri-bottas,1
2013,881,valtteri-bottas,2
2013,882,valtteri-bottas,3
2013,883,valtteri-bottas,4
2013,884,valtteri-bottas,5
2013,885,valtteri-bottas,6
2013,886,valtteri-bottas,7
2013,887,valtteri-bottas,8
2013,888,valtteri-bottas,9
2013,889,valtteri-bottas,10
2013,890,valtteri-bottas,11
2013,891,valtteri-bottas,12
2013,892,valtteri-bottas,13
2013,893,valtteri-bottas,14
2013,894,valtteri-bottas,15
2013,895,valtteri-bottas,16
2013,896,valtteri-bottas,17
2013,897,valtteri-bottas,18
2014,898,valtteri-bottas,19
2014,899,valtteri-bottas,20
2014,900,valtteri-bottas,21
2014,901,valtteri-bottas,22
2014,902,valtteri-bottas,23
2014,903,valtteri-bottas,24
2014,904,valtteri-bottas,25
2014,905,valtteri-bottas,26
2014,906,valtteri-bottas,27
2014,907,valtteri-bottas,28
2014,908,valtteri-bottas,29
2014,909,valtteri-bottas,30
2014,910,valtteri-bottas,31
2014,911,valtteri-bottas,32
2014,912,valtteri-bottas,33
2014,913,valtteri-bottas,34
2014,914,valtteri-bottas,35
2014,915,valtteri-bottas,36
2014,916,valtteri-bottas,37
2015,918,valtteri-bottas,38
2015,919,valtteri-bottas,39
2015,920,valtteri-bottas,40
2015,921,valtteri-bottas,41
2015,922,valtteri-bottas,42
2015,923,valtteri-bottas,43
2015,924,valtteri-bottas,44
2015,925,valtteri-bottas,45
2015,926,valtteri-bottas,46
2015,927,valtteri-bottas,47
2015,928,valtteri-bottas,48
2015,929,valtteri-bottas,49
2015,930,valtteri-bottas,50
2015,931,valtteri-bottas,51
2015,932,valtteri-bottas,52
2015,933,valtteri-bottas,53
2015,934,valtteri-bottas,54
2015,935,valtteri-bottas,55
2016,936,valtteri-bottas,56
2016,937,valtteri-bottas,57
2016,938,valtteri-bottas,58
2016,939,valtteri-bottas,59
2016,940,valtteri-bottas,60
2016,941,valtteri-bottas,61
2016,942,valtteri-bottas,62
2016,943,valtteri-bottas,63
2016,944,valtteri-bottas,64
2016,945,valtteri-bottas,65
2016,946,valtteri-bottas,66
2016,947,valtteri-bottas,67
2016,948,valtteri-bottas,68
2016,949,valtteri-bottas,69
2016,950,valtteri-bottas,70
2016,951,valtteri-bottas,71
2016,952,valtteri-bottas,72
2016,953,valtteri-bottas,73
2016,954,valtteri-bottas,74
2016,955,valtteri-bottas,75
2016,956,valtteri-bottas,76
2017,957,valtteri-bottas,77
2017,958,valtteri-bottas,78
2017,959,valtteri-bottas,79
2017,960,valtteri-bottas,80
2017,961,valtteri-bottas,81
2017,962,valtteri-bottas,82
2017,963,valtteri-bottas,83
2017,964,valtteri-bottas,84
2017,965,valtteri-bottas,85
2017,966,valtteri-bottas,86
2017,967,valtteri-bottas,87
2017,968,valtteri-bottas,88
2017,969,valtteri-bottas,89
2017,970,valtteri-bottas,90
2017,971,valtteri-bottas,91
2017,972,valtteri-bottas,92
2017,973,valtteri-bottas,93
2017,974,valtteri-bottas,94
2017,975,valtteri-bottas,95
2017,976,valtteri-bottas,96
2018,977,valtteri-bottas,97
2018,978,valtteri-bottas,98
2018,979,valtteri-bottas,99
2018,980,valtteri-bottas,100
2018,981,valtteri-bottas,101
2018,982,valtteri-bottas,102
2018,983,valtteri-bottas,103
2018,984,valtteri-bottas,104
2018,985,valtteri-bottas,105
2018,986,valtteri-bottas,106
2018,987,valtteri-bottas,107
2018,988,valtteri-bottas,108
2018,989,valtteri-bottas,109
2018,990,valtteri-bottas,110
2018,991,valtteri-bottas,111
2018,992,valtteri-bottas,112
2018,993,valtteri-bottas,113
2018,994,valtteri-bottas,114
2018,995,valtteri-bottas,115
2018,996,valtteri-bottas,116
2018,997,valtteri-bottas,117
2019,998,valtteri-bottas,118
2019,999,valtteri-bottas,119
2019,1000,valtteri-bottas,120
2019,1001,valtteri-bottas,121
2019,1002,valtteri-bottas,122
2019,1003,valtteri-bottas,123
2019,1004,valtteri-bottas,124
2019,1005,valtteri-bottas,125
2019,1006,valtteri-bottas,126
2019,1007,valtteri-bottas,127
2019,1008,valtteri-bottas,128
2019,1009,valtteri-bottas,129
2019,1010,valtteri-bottas,130
2019,1011,valtteri-bottas,131
2019,1012,valtteri-bottas,132
2019,1013,valtteri-bottas,133
2019,1014,valtteri-bottas,134
2019,1015,valtteri-bottas,135
2019,1016,valtteri-bottas,136
2019,1017,valtteri-bottas,137
2019,1018,valtteri-bottas,138
2020,1019,valtteri-bottas,139
2020,1020,valtteri-bottas,140
2020,1021,valtteri-bottas,141
2020,1022,valtteri-bottas,142
2020,1023,valtteri-bottas,143
2020,1024,valtteri-bottas,144
2020,1025,valtteri-bottas,145
2020,1026,valtteri-bottas,146
2020,1027,valtteri-bottas,147
2020,1028,valtteri-bottas,148
2020,1029,valtteri-bottas,149
2020,1030,valtteri-bottas,150
2020,1031,valtteri-bottas,151
2020,1032,valtteri-bottas,152
2020,1033,valtteri-bottas,153
2020,1034,valtteri-bottas,154
2020,1035,valtteri-bottas,155
2021,1036,valtteri-bottas,156
2021,1037,valtteri-bottas,157
2021,1038,valtteri-bottas,158
2021,1039,valtteri-bottas,159
2021,1040,valtteri-bottas,160
2021,1041,valtteri-bottas,161
2021,1042,valtteri-bottas,162
2021,1043,valtteri-bottas,163
2021,1044,valtteri-bottas,164
2021,1045,valtteri-bottas,165
2021,1046,valtteri-bottas,166
2021,1047,valtteri-bottas,167
2021,1048,valtteri-bottas,168
2021,1049,valtteri-bottas,169
2021,1050,valtteri-bottas,170
2021,1051,valtteri-bottas,171
2021,1052,valtteri-bottas,172
2021,1053,valtteri-bottas,173
2021,1054,valtteri-bottas,174
2021,1055,valtteri-bottas,175
2021,1056,valtteri-bottas,176
2021,1057,valtteri-bottas,177
2022,1058,valtteri-bottas,178
2022,1059,valtteri-bottas,179
2022,1060,valtteri-bottas,180
2022,1061,valtteri-bottas,181
2022,1062,valtteri-bottas,182
2022,1063,valtteri-bottas,183
2022,1064,valtteri-bottas,184
2022,1065,valtteri-bottas,185
2022,1066,valtteri-bottas,186
2022,1067,valtteri-bottas,187
2022,1068,valtteri-bottas,188
2022,1069,valtteri-bottas,189
2022,1070,valtteri-bottas,190
2022,1071,valtteri-bottas,191
2022,1072,valtteri-bottas,192
2022,1073,valtteri-bottas,193
2022,1074,valtteri-bottas,194
2022,1075,valtteri-bottas,195
2022,1076,valtteri-bottas,196
2022,1077,valtteri-bottas,197
2022,1078,valtteri-bottas,198
2022,1079,valtteri-bottas,199
2023,1080,valtteri-bottas,200
2023,1081,valtteri-bottas,201
2023,1082,valtteri-bottas,202
2023,1083,valtteri-bottas,203
2023,1084,valtteri-bottas,204
2023,1085,valtteri-bottas,205
2023,1086,valtteri-bottas,206
2023,1087,valtteri-bottas,207
2023,1088,valtteri-bottas,208
2023,1089,valtteri-bottas,209
2023,1090,valtteri-bottas,210
2023,1091,valtteri-bottas,211
2023,1092,valtteri-bottas,212
2023,1093,valtteri-bottas,213
2023,1094,valtteri-bottas,214
2023,1095,valtteri-bottas,215
2023,1096,valtteri-bottas,216
2023,1097,valtteri-bottas,217
2023,1098,valtteri-bottas,218
2023,1099,valtteri-bottas,219
2023,1100,valtteri-bottas,220
2023,1101,valtteri-bottas,221
2024,1102,valtteri-bottas,222
2024,1103,valtteri-bottas,223
2024,1104,valtteri-bottas,224
2024,1105,valtteri-bottas,225
2024,1106,valtteri-bottas,226
2024,1107,valtteri-bottas,227
2024,1108,valtteri-bottas,228
2024,1109,valtteri-bottas,229
2024,1110,valtteri-bottas,230
2024,1111,valtteri-bottas,231
2024,1112,valtteri-bottas,232
2024,1113,valtteri-bottas,233
2024,1114,valtteri-bottas,234
2024,1115,valtteri-bottas,235
2024,1116,valtteri-bottas,236
2024,1117,valtteri-bottas,237
2024,1118,valtteri-bottas,238
2024,1119,valtteri-bottas,239
2024,1120,valtteri-bottas,240
2024,1121,valtteri-bottas,241
2024,1122,valtteri-bottas,242
2024,1123,valtteri-bottas,243
2024,1124,valtteri-bottas,244
2024,1125,valtteri-bottas,245
2010,821,vitaly-petrov,0
2010,822,vitaly-petrov,1
2010,823,vitaly-petrov,2
2010,824,vitaly-petrov,3
2010,825,vitaly-petrov,4
2010,826,vitaly-petrov,5
2010,827,vitaly-petrov,6
2010,828,vitaly-petrov,7
2010,829,vitaly-petrov,8
2010,830,vitaly-petrov,9
2010,831,vitaly-petrov,10
2010,832,vitaly-petrov,11
2010,833,vitaly-petrov,12
2010,834,vitaly-petrov,13
2010,835,vitaly-petrov,14
2010,836,vitaly-petrov,15
2010,837,vitaly-petrov,16
2010,838,vitaly-petrov,17
2010,839,vitaly-petrov,18
2011,840,vitaly-petrov,19
2011,841,vitaly-petrov,20
2011,842,vitaly-petrov,21
2011,843,vitaly-petrov,22
2011,844,vitaly-petrov,23
2011,845,vitaly-petrov,24
2011,846,vitaly-petrov,25
2011,847,vitaly-petrov,26
2011,848,vitaly-petrov,27
2011,849,vitaly-petrov,28
2011,850,vitaly-petrov,29
2011,851,vitaly-petrov,30
2011,852,vitaly-petrov,31
2011,853,vitaly-petrov,32
2011,854,vitaly-petrov,33
2011,855,vitaly-petrov,34
2011,856,vitaly-petrov,35
2011,857,vitaly-petrov,36
2011,858,vitaly-petrov,37
2012,859,vitaly-petrov,38
2012,860,vitaly-petrov,39
2012,861,vitaly-petrov,40
2012,862,vitaly-petrov,41
2012,863,vitaly-petrov,42
2012,864,vitaly-petrov,43
2012,865,vitaly-petrov,44
2012,866,vitaly-petrov,45
2012,868,vitaly-petrov,46
2012,869,vitaly-petrov,47
2012,870,vitaly-petrov,48
2012,871,vitaly-petrov,49
2012,872,vitaly-petrov,50
2012,873,vitaly-petrov,51
2012,874,vitaly-petrov,52
2012,875,vitaly-petrov,53
2012,876,vitaly-petrov,54
2012,877,vitaly-petrov,55
2012,878,vitaly-petrov,56
2005,735,vitantonio-liuzzi,0
2005,736,vitantonio-liuzzi,1
2005,737,vitantonio-liuzzi,2
2005,738,vitantonio-liuzzi,3
2006,751,vitantonio-liuzzi,4
2006,752,vitantonio-liuzzi,5
2006,753,vitantonio-liuzzi,6
2006,754,vitantonio-liuzzi,7
2006,755,vitantonio-liuzzi,8
2006,756,vitantonio-liuzzi,9
2006,757,vitantonio-liuzzi,10
2006,758,vitantonio-liuzzi,11
2006,759,vitantonio-liuzzi,12
2006,760,vitantonio-liuzzi,13
2006,761,vitantonio-liuzzi,14
2006,762,vitantonio-liuzzi,15
2006,763,vitantonio-liuzzi,16
2006,764,vitantonio-liuzzi,17
2006,765,vitantonio-liuzzi,18
2006,766,vitantonio-liuzzi,19
2006,767,vitantonio-liuzzi,20
2006,768,vitantonio-liuzzi,21
2007,769,vitantonio-liuzzi,22
2007,770,vitantonio-liuzzi,23
2007,771,vitantonio-liuzzi,24
2007,772,vitantonio-liuzzi,25
2007,773,vitantonio-liuzzi,26
2007,774,vitantonio-liuzzi,27
2007,775,vitantonio-liuzzi,28
2007,776,vitantonio-liuzzi,29
2007,777,vitantonio-liuzzi,30
2007,778,vitantonio-liuzzi,31
2007,779,vitantonio-liuzzi,32
2007,780,vitantonio-liuzzi,33
2007,781,vitantonio-liuzzi,34
2007,782,vitantonio-liuzzi,35
2007,783,vitantonio-liuzzi,36
2007,784,vitantonio-liuzzi,37
2007,785,vitantonio-liuzzi,38
2009,816,vitantonio-liuzzi,39
2009,817,vitantonio-liuzzi,40
2009,818,vitantonio-liuzzi,41
2009,819,vitantonio-liuzzi,42
2009,820,vitantonio-liuzzi,43
2010,821,vitantonio-liuzzi,44
2010,822,vitantonio-liuzzi,45
2010,823,vitantonio-liuzzi,46
2010,824,vitantonio-liuzzi,47
2010,825,vitantonio-liuzzi,48
2010,826,vitantonio-liuzzi,49
2010,827,vitantonio-liuzzi,50
2010,828,vitantonio-liuzzi,51
2010,829,vitantonio-liuzzi,52
2010,830,vitantonio-liuzzi,53
2010,831,vitantonio-liuzzi,54
2010,832,vitantonio-liuzzi,55
2010,833,vitantonio-liuzzi,56
2010,834,vitantonio-liuzzi,57
2010,835,vitantonio-liuzzi,58
2010,836,vitantonio-liuzzi,59
2010,837,vitantonio-liuzzi,60
2010,838,vitantonio-liuzzi,61
2010,839,vitantonio-liuzzi,62
2011,841,vitantonio-liuzzi,63
2011,842,vitantonio-liuzzi,64
2011,843,vitantonio-liuzzi,65
2011,844,vitantonio-liuzzi,66
2011,845,vitantonio-liuzzi,67
2011,846,vitantonio-liuzzi,68
2011,847,vitantonio-liuzzi,69
2011,848,vitantonio-liuzzi,70
2011,849,vitantonio-liuzzi,71
2011,850,vitantonio-liuzzi,72
2011,851,vitantonio-liuzzi,73
2011,852,vitantonio-liuzzi,74
2011,853,vitantonio-liuzzi,75
2011,854,vitantonio-liuzzi,76
2011,855,vitantonio-liuzzi,77
2011,857,vitantonio-liuzzi,78
2011,858,vitantonio-liuzzi,79
2014,916,will-stevens,0
2015,919,will-stevens,1
2015,920,will-stevens,2
2015,921,will-stevens,3
2015,922,will-stevens,4
2015,923,will-stevens,5
2015,924,will-stevens,6
2015,925,will-stevens,7
2015,926,will-stevens,8
2015,927,will-stevens,9
2015,928,will-stevens,10
2015,929,will-stevens,11
2015,930,will-stevens,12
2015,931,will-stevens,13
2015,932,will-stevens,14
2015,933,will-stevens,15
2015,934,will-stevens,16
2015,935,will-stevens,17
1987,450,yannick-dalmas,0
1987,451,yannick-dalmas,1
1987,452,yannick-dalmas,2
1988,453,yannick-dalmas,3
1988,454,yannick-dalmas,4
1988,455,yannick-dalmas,5
1988,456,yannick-dalmas,6
1988,458,yannick-dalmas,7
1988,459,yannick-dalmas,8
1988,460,yannick-dalmas,9
1988,461,yannick-dalmas,10
1988,462,yannick-dalmas,11
1988,463,yannick-dalmas,12
1988,464,yannick-dalmas,13
1988,465,yannick-dalmas,14
1988,466,yannick-dalmas,15
1989,470,yannick-dalmas,16
1990,486,yannick-dalmas,17
1990,491,yannick-dalmas,18
1990,496,yannick-dalmas,19
1990,497,yannick-dalmas,20
1990,498,yannick-dalmas,21
1994,560,yannick-dalmas,22
1994,561,yannick-dalmas,23
2006,751,yuji-ide,0
2006,752,yuji-ide,1
2006,753,yuji-ide,2
2006,754,yuji-ide,3
2021,1036,yuki-tsunoda,0
2021,1037,yuki-tsunoda,1
2021,1038,yuki-tsunoda,2
2021,1039,yuki-tsunoda,3
2021,1040,yuki-tsunoda,4
2021,1041,yuki-tsunoda,5
2021,1042,yuki-tsunoda,6
2021,1043,yuki-tsunoda,7
2021,1044,yuki-tsunoda,8
2021,1045,yuki-tsunoda,9
2021,1046,yuki-tsunoda,10
2021,1047,yuki-tsunoda,11
2021,1048,yuki-tsunoda,12
2021,1050,yuki-tsunoda,13
2021,1051,yuki-tsunoda,14
2021,1052,yuki-tsunoda,15
2021,1053,yuki-tsunoda,16
2021,1054,yuki-tsunoda,17
2021,1055,yuki-tsunoda,18
2021,1056,yuki-tsunoda,19
2021,1057,yuki-tsunoda,20
2022,1058,yuki-tsunoda,21
2022,1060,yuki-tsunoda,22
2022,1061,yuki-tsunoda,23
2022,1062,yuki-tsunoda,24
2022,1063,yuki-tsunoda,25
2022,1064,yuki-tsunoda,26
2022,1065,yuki-tsunoda,27
2022,1066,yuki-tsunoda,28
2022,1067,yuki-tsunoda,29
2022,1068,yuki-tsunoda,30
2022,1069,yuki-tsunoda,31
2022,1070,yuki-tsunoda,32
2022,1071,yuki-tsunoda,33
2022,1072,yuki-tsunoda,34
2022,1073,yuki-tsunoda,35
2022,1074,yuki-tsunoda,36
2022,1075,yuki-tsunoda,37
2022,1076,yuki-tsunoda,38
2022,1077,yuki-tsunoda,39
2022,1078,yuki-tsunoda,40
2022,1079,yuki-tsunoda,41
2023,1080,yuki-tsunoda,42
2023,1081,yuki-tsunoda,43
2023,1082,yuki-tsunoda,44
2023,1083,yuki-tsunoda,45
2023,1084,yuki-tsunoda,46
2023,1085,yuki-tsunoda,47
2023,1086,yuki-tsunoda,48
2023,1087,yuki-tsunoda,49
2023,1088,yuki-tsunoda,50
2023,1089,yuki-tsunoda,51
2023,1090,yuki-tsunoda,52
2023,1091,yuki-tsunoda,53
2023,1092,yuki-tsunoda,54
2023,1094,yuki-tsunoda,55
2023,1095,yuki-tsunoda,56
2023,1096,yuki-tsunoda,57
2023,1097,yuki-tsunoda,58
2023,1098,yuki-tsunoda,59
2023,1099,yuki-tsunoda,60
2023,1100,yuki-tsunoda,61
2023,1101,yuki-tsunoda,62
2024,1102,yuki-tsunoda,63
2024,1103,yuki-tsunoda,64
2024,1104,yuki-tsunoda,65
2024,1105,yuki-tsunoda,66
2024,1106,yuki-tsunoda,67
2024,1107,yuki-tsunoda,68
2024,1108,yuki-tsunoda,69
2024,1109,yuki-tsunoda,70
2024,1110,yuki-tsunoda,71
2024,1111,yuki-tsunoda,72
2024,1112,yuki-tsunoda,73
2024,1113,yuki-tsunoda,74
2024,1114,yuki-tsunoda,75
2024,1115,yuki-tsunoda,76
2024,1116,yuki-tsunoda,77
2024,1117,yuki-tsunoda,78
2024,1118,yuki-tsunoda,79
2024,1119,yuki-tsunoda,80
2024,1120,yuki-tsunoda,81
2024,1121,yuki-tsunoda,82
2024,1122,yuki-tsunoda,83
2024,1123,yuki-tsunoda,84
2024,1124,yuki-tsunoda,85
2024,1125,yuki-tsunoda,86
2003,710,zsolt-baumgartner,0
2003,711,zsolt-baumgartner,1
2004,714,zsolt-baumgartner,2
2004,715,zsolt-baumgartner,3
2004,716,zsolt-baumgartner,4
2004,717,zsolt-baumgartner,5
2004,718,zsolt-baumgartner,6
2004,719,zsolt-baumgartner,7
2004,720,zsolt-baumgartner,8
2004,721,zsolt-baumgartner,9
2004,722,zsolt-baumgartner,10
2004,723,zsolt-baumgartner,11
2004,724,zsolt-baumgartner,12
2004,725,zsolt-baumgartner,13
2004,726,zsolt-baumgartner,14
2004,727,zsolt-baumgartner,15
2004,728,zsolt-baumgartner,16
2004,729,zsolt-baumgartner,17
2004,730,zsolt-baumgartner,18
2004,731,zsolt-baumgartner,19
